 x1	    	y1			z_h1	Rho_h1	z_h2	Rho_h2	z_h3	Rho_h3	z_h4	Rho_h4	z_h5	Rho_h5	z_h6	Rho_h7	z_h7	Rho_h8	z_h8	Rho_h9	z_h9	Rho_h9	z_h10	Rho_h10	Rho_f
   34,14                          
   
-40709  	-43484.333333		0.00	279	0.00	279	5	279	29.6	2056	100	760	150	760	217	760	500	3300	782	3300	1682	12	10000
-41402.33333	32356			0.00	279	0.00	279	5	279	29.6	2056	100	760	150	760	217	760	500	3300	782	3300	1682	12	10000
-10709	        41227.666667		0.00	279	0.00	279	5	279	29.6	2056	100	760	150	760	217	760	500	3300	782	3300	1682	12	10000
-40709  	-43484.333333		0.00	279	0.00	279	5	279	29.6	2056	100	760	150	760	217	760	500	3300	782	3300	1682	12	10000
-10709  	41227.666667		0.00	279	0.00	279	5	279	29.6	2056	100	760	150	760	217	760	500	3300	782	3300	1682	12	10000
-10015.66667	-2356			0.00	279	0.00	279	5	279	29.6	2056	100	760	150	760	217	760	500	3300	782	3300	1682	12	10000
-10015.66667	-2356			0.00	279	0.00	279	5	279	29.6	2056	100	760	150	760	217	760	500	3300	782	3300	1682	12	10000
-10709  	41227.666667		0.00	279	0.00	279	5	279	29.6	2056	100	760	150	760	217	760	500	3300	782	3300	1682	12	10000
-10015.66667	40099.33333333		0.00	279	0.00	279	5	279	29.6	2056	100	760	150	760	217	760	500	3300	782	3300	1682	12	10000
-10015.66667	-2356			0.00	279	0.00	279	5	279	29.6	2056	100	760	150	760	217	760	500	3300	782	3300	1682	12	10000
-10015.66667	40099.33333333		0.00	279	0.00	279	5	279	29.6	2056	100	760	150	760	217	760	500	3300	782	3300	1682	12	10000
-9322.333333	-1227.666667		0.00	279	0.00	279	5	279	29.6	2056	100	760	150	760	217	760	500	3300	782	3300	1682	12	10000
-9322.333333	-1227.666667		0.00	279	0.00	279	5	279	29.6	2056	100	760	150	760	217	760	500	3300	782	3300	1682	12	10000
-10015.66667	40099.33333333		0.00	279	0.00	279	5	279	29.6	2056	100	760	150	760	217	760	500	3300	782	3300	1682	12	10000
-9322.333333	41029			0.00	279	0.33	279	20.2	279	37.2	2056	150	760	290.7	760	385	760	667	3300	955	3300	1628	12	10000
-9322.333333	-1227.666667		0.00	279	0	279	5	279	29.6	2056	100	760	150	760	217	760	500	3300	782	3300	1682	12	10000
-9322.333333	41029			0.00	279	0.33	279	20.2	279	37.2	2056	150	760	290.7	760	385	760	667	3300	955	3300	1628	12	10000
-8629   	-99.33333333		0.00	279	0.33	279	20.2	279	37.2	2056	150	760	290.7	760	385	760	667	3300	955	3300	1628	12	10000
-8629   	-99.33333333		0.00	78.02	0.33	78.02	20.2	23971.42	37.2	10.53	150	3300	290.7	3300	385	600	667	23	955	23	1628	23	39000
-9322.333333	41029			0.00	78.02	0.33	78.02	20.2	23971.42	37.2	10.53	150	3300	290.7	3300	385	600	667	23	955	23	1628	23	39000
-8629   	42157.333333		0.00	78.02	0.67	78.02	35.3	23971.42	44.9	10.53	200	3300	431	3300	554	600	833	23	1127	23	1575	23	39000
-8629   	-99.33333333		0.00	78.02	0.33	78.02	20.2	23971.42	37.2	10.53	150	3300	290.7	3300	385	600	667	23	955	23	1628	23	39000
-8629   	42157.333333		0.00	78.02	0.67	78.02	35.3	23971.42	44.9	10.53	200	3300	431	3300	554	600	833	23	1127	23	1575	23	39000
-7935.666667	1029			0.00	78.02	0.67	78.02	35.3	23971.42	44.9	10.53	200	3300	431	3300	554	600	833	23	1127	23	1575	23	39000
-7935.666667	1029			0.00	78.02	0.67	78.02	35.3	23971.42	44.9	10.53	200	3300	431	3300	554	600	833	23	1127	23	1575	23	39000
-8629   	42157.333333		0.00	78.02	0.67	78.02	35.3	23971.42	44.9	10.53	200	3300	431	3300	554	600	833	23	1127	23	1575	23	39000
-7509   	43269			0.00	78.02	1	78.02	50.5	23971.42	52.5	10.53	250	3300	572	3300	722	600	1000	23	1300	23	1522	23	39000
-7935.666667	1029			0.00	78.02	0.67	78.02	35.3	23971.42	44.9	10.53	200	3300	431	3300	554	600	833	23	1127	23	1575	23	39000
-7509   	43269			0.00	78.02	1	78.02	50.5	23971.42	52.5	10.53	250	3300	572	3300	722	600	1000	23	1300	23	1522	23	39000
-7029   	2149			0.00	78.02	1	78.02	50.5	23971.42	52.5	10.53	250	3300	572	3300	722	600	1000	23	1300	23	1522	23	39000
-7029   	2149			0.00	78.02	1	78.02	50.5	23971.42	52.5	10.53	250	3300	572	3300	722	600	1000	23	1300	23	1522	23	39000
-7509   	43269			0.00	78.02	1	78.02	50.5	23971.42	52.5	10.53	250	3300	572	3300	722	600	1000	23	1300	23	1522	23	39000
-7029		44389            	0.00	78.02	1.33	78.02	41	23971.42	42.8	10.53	193	3300	429	3300	695	600	893	23	1107	23	1538	23	39000
-7029		2149    		0.00	78.02	1	78.02	50.5	23971.42	52.5	10.53	250	3300	572	3300	722	600	1000	23	1300	23	1522	23	39000
-7029		44389		        0.00	78.02	1.33	78.02	41	23971.42	42.8	10.53	193	3300	429	3300	695	600	893	23	1107	23	1538	23	39000
-6549		3269	        	0.00	78.02	1.33	78.02	41	23971.42	42.8	10.53	193	3300	429	3300	695	600	893	23	1107	23	1538	23	39000
-6549		3269     		0.00	497	1.33	497	41	18000	42.8	10.53	193	4500	429	4500	695	535.39	893	8000	1107	8000	1538	32	823.98
-7029		44389     		0.00	497	1.33	497	41	18000	42.8	10.53	193	4500	429	4500	695	535.39	893	8000	1107	8000	1538	32	823.98
-6549		45509			0.00	497	0.33	497	31.5	18000	29.8	10.53	118	4500	286	4500	668	535.39	787	8000	914	8000	1554	32	823.98
-6549		3269			0.00	497	1.33	497	41	18000	42.8	10.53	193	4500	429	4500	695	535.39	893	8000	1107	8000	1538	32	823.98
-6549		45509			0.00	497	0.33	497	31.5	18000	29.8	10.53	118	4500	286	4500	668	535.39	787	8000	914	8000	1554	32	823.98
-6069		4389			0.00	497	0.33	497	31.5	18000	29.8	10.53	118	4500	286	4500	668	535.39	787	8000	914	8000	1554	32	823.98
-6069		4389			0.00	497	0.33	497	31.5	18000	29.8	10.53	118	4500	286	4500	668	535.39	787	8000	914	8000	1554	32	823.98
-6549		45509			0.00	497	0.33	497	31.5	18000	29.8	10.53	118	4500	286	4500	668	535.39	787	8000	914	8000	1554	32	823.98
-6159		46369			0.00	497	8	497	22	18000	23.3	10.53	80	4500	143.3	4500	641	535.39	680	8000	721	8000	1571	32	823.98
-6069		4389			0.00	497	0.33	497	31.5	18000	29.8	10.53	118	4500	286	4500	668	535.39	787	8000	914	8000	1554	32	823.98
-6159		46369			0.00	497	8	497	22	18000	23.3	10.53	80	4500	143.3	4500	641	535.39	680	8000	721	8000	1571	32	823.98
-5634		5379			0.00	497	8	497	22	18000	23.3	10.53	80	4500	143.3	4500	641	535.39	680	8000	721	8000	1571	32	823.98
-5634		5379			0.00	497	8	497	22	18000	23.3	10.53	80	4500	143.3	4500	641	535.39	680	8000	721	8000	1571	32	823.98
-6159		46369			0.00	497	8	497	22	18000	23.3	10.53	80	4500	143.3	4500	641	535.39	680	8000	721	8000	1571	32	823.98
-5634		47359			0.00	497	6	497	16.5	18000	18.6	10.53	86	4500	246	4500	657	535.39	710	8000	766	8000	1425	32	823.98
-5634		5379			0.00	497	8	497	22	18000	23.3	10.53	80	4500	143.3	4500	641	535.39	680	8000	721	8000	1571	32	823.98
-5634		47359			0.00	497	6	497	16.5	18000	18.6	10.53	86	4500	246	4500	657	535.39	710	8000	766	8000	1425	32	823.98
-5109		6369			0.00	497	6	497	16.5	18000	18.6	10.53	86	4500	246	4500	657	535.39	710	8000	766	8000	1425	32	823.98
-5109		6369			0.00	497	6	497	16.5	18000	18.6	10.53	86	4500	246	4500	657	535.39	710	8000	766	8000	1425	32	823.98
-5634		47359			0.00	497	6	497	16.5	18000	18.6	10.53	86	4500	246	4500	657	535.39	710	8000	766	8000	1425	32	823.98
-5109		48349			0.00	497	4	497	11	18000	13.9	10.53	92	4500	349	4500	673	535.39	740	8000	811	8000	1278	32	823.98
-5109		6369			0.00	497	6	497	16.5	18000	18.6	10.53	86	4500	246	4500	657	535.39	710	8000	766	8000	1425	32	823.98
-5109		48349			0.00	497	4	497	11	18000	13.9	10.53	92	4500	349	4500	673	535.39	740	8000	811	8000	1278	32	823.98
-4584		7359			0	497	4	497	11	18000	13.9	10.53	92	4500	349	4500	673	535.39	740	8000	811	8000	1278	32	823.98
-4584		7359			0	1856	4	1856	11	1856	13.9	1856	92	160	349	4000	673	160	740	18	811	18	1278	18	2000
-5109		48349			0	1856	4	1856	11	1856	13.9	1856	92	160	349	4000	673	160	740	18	811	18	1278	18	2000
-4584		49339			0	1856	2	1856	5.5	1856	9.2	1856	101.4	160	452	4000	689	160	770	18	855	18	1132	18	2000
-4584		7359			0	1856	4	1856	11	1856	13.9	1856	92	160	349	4000	673	160	740	18	811	18	1278	18	2000
-4584		49339			0	1856	2	1856	5.5	1856	9.2	1856	101.4	160	452	4000	689	160	770	18	855	18	1132	18	2000
-4059		8349			0	1856	2	1856	5.5	1856	9.2	1856	101.4	160	452	4000	689	160	770	18	855	18	1132	18	2000
-4059		8349			0	1856	2	1856	5.5	1856	9.2	1856	101.4	160	452	4000	689	160	770	18	855	18	1132	18	2000
-4584		49339			0	1856	2	1856	5.5	1856	9.2	1856	101.4	160	452	4000	689	160	770	18	855	18	1132	18	2000
-4369		40979			0	1856	0	1856	0	1856	4.5	1856	104.5	160	555	4000	705	160	800	18	900	18	985	18	2000
-4059		8349			0	1856	2	1856	5.5	1856	9.2	1856	101.4	160	452	4000	689	160	770	18	855	18	1132	18	2000
-4369		40979			0	1856	0	1856	0	1856	4.5	1856	104.5	160	555	4000	705	160	800	18	900	18	985	18	2000
-3689		9664			0	1856	0	1856	0	1856	4.5	1856	104.5	160	555	4000	705	160	800	18	900	18	985	18	2000
-3689		9664			0	1856	0	1856	0	1856	4.5	1856	104.5	160	555	4000	705	160	800	18	900	18	985	18	2000
-4369		40979			0	1856	0	1856	0	1856	4.5	1856	104.5	160	555	4000	705	160	800	18	900	18	985	18	2000
-3689		42294			2	1856	3.7	1856	10.5	1856	45.3	1856	202.3	160	621	4000	771	160	1000	18	1150	18	1323	18	2000
-3689		9664			0	1856	0	1856	0	1856	4.5	1856	104.5	160	555	4000	705	160	800	18	900	18	985	18	2000
-3689		42294			2	1856	3.7	1856	10.5	1856	45.3	1856	202.3	160	621	4000	771	160	1000	18	1150	18	1323	18	2000
-3009		10979			2	1856	3.7	1856	10.5	1856	45.3	1856	202.3	160	621	4000	771	160	1000	18	1150	18	1323	18	2000
-3009		10979			2	3164.98	3.7	1070	10.5	2496.25	45.3	166	202.3	4000	621	4000	771	600	1000	18.85	1150	18.85	1323	18.85	1028.29
-3689		42294			2	3164.98	3.7	1070	10.5	2496.25	45.3	166	202.3	4000	621	4000	771	600	1000	18.85	1150	18.85	1323	18.85	1028.29
-3009		43609			4	3164.98	7.4	1070	21	2496.25	86	166	300	4000	686	4000	836	600	1200	18.85	1400	18.85	1660	18.85	1028.29
-3009		10979			2	3164.98	3.7	1070	10.5	2496.25	45.3	166	202.3	4000	621	4000	771	600	1000	18.85	1150	18.85	1323	18.85	1028.29
-3009		43609			4	3164.98	7.4	1070	21	2496.25	86	166	300	4000	686	4000	836	600	1200	18.85	1400	18.85	1660	18.85	1028.29
-2329		12294			4	3164.98	7.4	1070	21	2496.25	86	166	300	4000	686	4000	836	600	1200	18.85	1400	18.85	1660	18.85	1028.29
-2329		12294			4	3164.98	7.4	1070	21	2496.25	86	166	300	4000	686	4000	836	600	1200	18.85	1400	18.85	1660	18.85	1028.29
-3009		43609			4	3164.98	7.4	1070	21	2496.25	86	166	300	4000	686	4000	836	600	1200	18.85	1400	18.85	1660	18.85	1028.29
-2329		44924			4	3164.98	7.4	1070	21	2496.25	86	166	300	4000	686	4000	836	600	1200	18.85	1400	18.85	1660	18.85	1028.29
-2329		12294			4	3164.98	7.4	1070	21	2496.25	86	166	300	4000	686	4000	836	600	1200	18.85	1400	18.85	1660	18.85	1028.29
-2329		44924			4	3164.98	7.4	1070	21	2496.25	86	166	300	4000	686	4000	836	600	1200	18.85	1400	18.85	1660	18.85	1028.29
-1649		13609			4	3164.98	7.4	1070	21	2496.25	86	166	300	4000	686	4000	836	600	1200	18.85	1400	18.85	1660	18.85	1028.29
-1649		13609			4	3164.98	7.4	1070	21	2496.25	86	166	300	4000	686	4000	836	600	1200	18.85	1400	18.85	1660	18.85	1028.29
-2329		44924			4	3164.98	7.4	1070	21	2496.25	86	166	300	4000	686	4000	836	600	1200	18.85	1400	18.85	1660	18.85	1028.29
-1649		46239			4	3164.98	7.4	1070	21	2496.25	86	166	300	4000	686	4000	836	600	1200	18.85	1400	18.85	1660	18.85	1028.29
-1649		13609			4	3164.98	7.4	1070	21	2496.25	86	166	300	4000	686	4000	836	600	1200	18.85	1400	18.85	1660	18.85	1028.29
-1649		46239			4	3164.98	7.4	1070	21	2496.25	86	166	300	4000	686	4000	836	600	1200	18.85	1400	18.85	1660	18.85	1028.29
-969		14924			4	3164.98	7.4	1070	21	2496.25	86	166	300	4000	686	4000	836	600	1200	18.85	1400	18.85	1660	18.85	1028.29
-969		14924			4	3164.98	7.4	1070	21	2496.25	86	166	300	4000	686	4000	836	600	1200	18.85	1400	18.85	1660	18.85	1028.29
-1649		46239			4	3164.98	7.4	1070	21	2496.25	86	166	300	4000	686	4000	836	600	1200	18.85	1400	18.85	1660	18.85	1028.29
35404		47554			4	3164.98	7.4	1070	21	2496.25	86	166	300	4000	686	4000	836	600	1200	18.85	1400	18.85	1660	18.85	1028.29
-969		14924			4	3164.98	7.4	1070	21	2496.25	86	166	300	4000	686	4000	836	600	1200	18.85	1400	18.85	1660	18.85	1028.29
35404		47554			4	3164.98	7.4	1070	21	2496.25	86	166	300	4000	686	4000	836	600	1200	18.85	1400	18.85	1660	18.85	1028.29
6000.5		46239			4	3164.98	7.4	1070	21	2496.25	86	166	300	4000	686	4000	836	600	1200	18.85	1400	18.85	1660	18.85	1028.29
         2sl                             
-40015.66667	-44612.666667		0	279	0	279	5	279	29.6	2056	100	760	150	760	217	760	500	3300	782	3300	1682	12	10000
-40709  	-43484.333333		0	279	0	279	5	279	29.6	2056	100	760	150	760	217	760	500	3300	782	3300	1682	12	10000
-10015.66667	-2356			0	279	0	279	5	279	29.6	2056	100	760	150	760	217	760	500	3300	782	3300	1682	12	10000
-40015.66667	-44612.666667		0	279	0	279	5	279	29.6	2056	100	760	150	760	217	760	500	3300	782	3300	1682	12	10000
-10015.66667	-2356			0	279	0	279	5	279	29.6	2056	100	760	150	760	217	760	500	3300	782	3300	1682	12	10000
-9322.333333	-3484.333333		0	279	0	279	5	279	29.6	2056	100	760	150	760	217	760	500	3300	782	3300	1682	12	10000
-9322.333333	-3484.333333		0	279	0	279	5	279	29.6	2056	100	760	150	760	217	760	500	3300	782	3300	1682	12	10000
-10015.66667	-2356			0	279	0	279	5	279	29.6	2056	100	760	150	760	217	760	500	3300	782	3300	1682	12	10000
-9322.333333	-1227.666667		0	279	0	279	5	279	29.6	2056	100	760	150	760	217	760	500	3300	782	3300	1682	12	10000
-9322.333333	-3484.333333		0	279	0	279	5	279	29.6	2056	100	760	150	760	217	760	500	3300	782	3300	1682	12	10000
-9322.333333	-1227.666667		0	279	0	279	5	279	29.6	2056	100	760	150	760	217	760	500	3300	782	3300	1682	12	10000
-8629   	-2356			0	279	0	279	5	279	29.6	2056	100	760	150	760	217	760	500	3300	782	3300	1682	12	10000
-8629   	-2356			0	279	0	279	5	279	29.6	2056	100	760	150	760	217	760	500	3300	782	3300	1682	12	10000
-9322.333333	-1227.666667		0	279	0	279	5	279	29.6	2056	100	760	150	760	217	760	500	3300	782	3300	1682	12	10000
-8629   	-99.33333333		0	279	0.33	279	20.2	279	37.2	2056	150	760	290.7	760	385	760	667	3300	955	3300	1628	12	10000
-8629   	-2356			0	279	0	279	5	279	29.6	2056	100	760	150	760	217	760	500	3300	782	3300	1682	12	10000
-8629   	-99.33333333		0	279	0.33	279	20.2	279	37.2	2056	150	760	290.7	760	385	760	667	3300	955	3300	1628	12	10000
-7935.666667	-1227.666667		0	279	0.33	279	20.2	279	37.2	2056	150	760	290.7	760	385	760	667	3300	955	3300	1628	12	10000
-7935.666667	-1227.666667		0	78.02	0.33	78.02	20.2	23971.42	37.2	10.53	150	3300	290.7	3300	385	600	667	23	955	23	1628	23	39000
-8629   	-99.33333333		0	78.02	0.33	78.02	20.2	23971.42	37.2	10.53	150	3300	290.7	3300	385	600	667	23	955	23	1628	23	39000
-7935.666667	1029			0	78.02	0.67	78.02	35.3	23971.42	44.9	10.53	200	3300	431	3300	554	600	833	23	1127	23	1575	23	39000
-7935.666667	-1227.666667		0	78.02	0.33	78.02	20.2	23971.42	37.2	10.53	150	3300	290.7	3300	385	600	667	23	955	23	1628	23	39000
-7935.666667	1029			0	78.02	0.67	78.02	35.3	23971.42	44.9	10.53	200	3300	431	3300	554	600	833	23	1127	23	1575	23	39000
-7242.333333	-99.33333333		0	78.02	0.67	78.02	35.3	23971.42	44.9	10.53	200	3300	431	3300	554	600	833	23	1127	23	1575	23	39000
-7242.333333	-99.33333333		0	78.02	0.67	78.02	35.3	23971.42	44.9	10.53	200	3300	431	3300	554	600	833	23	1127	23	1575	23	39000
-7935.666667	1029			0	78.02	0.67	78.02	35.3	23971.42	44.9	10.53	200	3300	431	3300	554	600	833	23	1127	23	1575	23	39000
-7029   	2149			0	78.02	1	78.02	50.5	23971.42	52.5	10.53	250	3300	572	3300	722	600	1000	23	1300	23	1522	23	39000
-7242.333333	-99.33333333		0	78.02	0.67	78.02	35.3	23971.42	44.9	10.53	200	3300	431	3300	554	600	833	23	1127	23	1575	23	39000
-7029		2149		        0	78.02	1	78.02	50.5	23971.42	52.5	10.53	250	3300	572	3300	722	600	1000	23	1300	23	1522	23	39000
-6549		1029		        0	78.02	1	78.02	50.5	23971.42	52.5	10.53	250	3300	572	3300	722	600	1000	23	1300	23	1522	23	39000
-6549		1029		        0	78.02	1	78.02	50.5	23971.42	52.5	10.53	250	3300	572	3300	722	600	1000	23	1300	23	1522	23	39000
-7029		2149		        0	78.02	1	78.02	50.5	23971.42	52.5	10.53	250	3300	572	3300	722	600	1000	23	1300	23	1522	23	39000
-6549		3269		        0	78.02	1.33	78.02	41	23971.42	42.8	10.53	193	3300	429	3300	695	600	893	23	1107	23	1538	23	39000
-6549		1029		        0	78.02	1	78.02	50.5	23971.42	52.5	10.53	250	3300	572	3300	722	600	1000	23	1300	23	1522	23	39000
-6549		3269		        0	78.02	1.33	78.02	41	23971.42	42.8	10.53	193	3300	429	3300	695	600	893	23	1107	23	1538	23	39000
-6069		2149		        0	78.02	1.33	78.02	41	23971.42	42.8	10.53	193	3300	429	3300	695	600	893	23	1107	23	1538	23	39000
-6069		2149		        0	497	1.33	497	41	18000	42.8	10.53	193	4500	429	4500	695	535.39	893	8000	1107	8000	1538	32	823.98
-6549		3269		        0	497	1.33	497	41	18000	42.8	10.53	193	4500	429	4500	695	535.39	893	8000	1107	8000	1538	32	823.98
-6069		4389			0	497	0.33	497	31.5	18000	29.8	10.53	118	4500	286	4500	668	535.39	787	8000	914	8000	1554	32	823.98
-6069		2149			0	497	1.33	497	41	18000	42.8	10.53	193	4500	429	4500	695	535.39	893	8000	1107	8000	1538	32	823.98
-6069		4389			0	497	0.33	497	31.5	18000	29.8	10.53	118	4500	286	4500	668	535.39	787	8000	914	8000	1554	32	823.98
-5589		3269			0	497	0.33	497	31.5	18000	29.8	10.53	118	4500	286	4500	668	535.39	787	8000	914	8000	1554	32	823.98
-5589		3269			0	497	0.33	497	31.5	18000	29.8	10.53	118	4500	286	4500	668	535.39	787	8000	914	8000	1554	32	823.98
-6069		4389			0	497	0.33	497	31.5	18000	29.8	10.53	118	4500	286	4500	668	535.39	787	8000	914	8000	1554	32	823.98
-5634		5379			0	497	8	497	22	18000	23.3	10.53	80	4500	143.3	4500	641	535.39	680	8000	721	8000	1571	32	823.98
-5589		3269			0	497	0.33	497	31.5	18000	29.8	10.53	118	4500	286	4500	668	535.39	787	8000	914	8000	1554	32	823.98
-5634		5379			0	497	8	497	22	18000	23.3	10.53	80	4500	143.3	4500	641	535.39	680	8000	721	8000	1571	32	823.98
-5109		4389			0	497	8	497	22	18000	23.3	10.53	80	4500	143.3	4500	641	535.39	680	8000	721	8000	1571	32	823.98
-5109		4389			0	497	8	497	22	18000	23.3	10.53	80	4500	143.3	4500	641	535.39	680	8000	721	8000	1571	32	823.98
-5634		5379			0	497	8	497	22	18000	23.3	10.53	80	4500	143.3	4500	641	535.39	680	8000	721	8000	1571	32	823.98
-5109		6369			0	497	6	497	16.5	18000	18.6	10.53	86	4500	246	4500	657	535.39	710	8000	766	8000	1425	32	823.98
-5109		4389			0	497	8	497	22	18000	23.3	10.53	80	4500	143.3	4500	641	535.39	680	8000	721	8000	1571	32	823.98
-5109		6369			0	497	6	497	16.5	18000	18.6	10.53	86	4500	246	4500	657	535.39	710	8000	766	8000	1425	32	823.98
-4584		5379			0	497	6	497	16.5	18000	18.6	10.53	86	4500	246	4500	657	535.39	710	8000	766	8000	1425	32	823.98
-4584		5379			0	497	6	497	16.5	18000	18.6	10.53	86	4500	246	4500	657	535.39	710	8000	766	8000	1425	32	823.98
-5109		6369			0	497	6	497	16.5	18000	18.6	10.53	86	4500	246	4500	657	535.39	710	8000	766	8000	1425	32	823.98
-4584		7359			0	497	4	497	11	18000	13.9	10.53	92	4500	349	4500	673	535.39	740	8000	811	8000	1278	32	823.98
-4584		5379			0	497	6	497	16.5	18000	18.6	10.53	86	4500	246	4500	657	535.39	710	8000	766	8000	1425	32	823.98
-4584		7359			0	497	4	497	11	18000	13.9	10.53	92	4500	349	4500	673	535.39	740	8000	811	8000	1278	32	823.98
-4059   	6369			0	497	4	497	11	18000	13.9	10.53	92	4500	349	4500	673	535.39	740	8000	811	8000	1278	32	823.98
-4059		6369			0	1856	4	1856	11	1856	13.9	1856	92	160	349	4000	673	160	740	18	811	18	1278	18	2000
-4584		7359			0	1856	4	1856	11	1856	13.9	1856	92	160	349	4000	673	160	740	18	811	18	1278	18	2000
-4059		8349			0	1856	2	1856	5.5	1856	9.2	1856	101.4	160	452	4000	689	160	770	18	855	18	1132	18	2000
-4059		6369			0	1856	4	1856	11	1856	13.9	1856	92	160	349	4000	673	160	740	18	811	18	1278	18	2000
-4059		8349			0	1856	2	1856	5.5	1856	9.2	1856	101.4	160	452	4000	689	160	770	18	855	18	1132	18	2000
-3534		7359			0	1856	2	1856	5.5	1856	9.2	1856	101.4	160	452	4000	689	160	770	18	855	18	1132	18	2000
-3534		7359			0	1856	2	1856	5.5	1856	9.2	1856	101.4	160	452	4000	689	160	770	18	855	18	1132	18	2000
-4059		8349			0	1856	2	1856	5.5	1856	9.2	1856	101.4	160	452	4000	689	160	770	18	855	18	1132	18	2000
-3689		9664			0	1856	0	1856	0	1856	4.5	1856	104.5	160	555	4000	705	160	800	18	900	18	985	18	2000
-3534		7359			0	1856	2	1856	5.5	1856	9.2	1856	101.4	160	452	4000	689	160	770	18	855	18	1132	18	2000
-3689		9664			0	1856	0	1856	0	1856	4.5	1856	104.5	160	555	4000	705	160	800	18	900	18	985	18	2000
-3009		8349			0	1856	0	1856	0	1856	4.5	1856	104.5	160	555	4000	705	160	800	18	900	18	985	18	2000
-3009		8349			0	1856	0	1856	0	1856	4.5	1856	104.5	160	555	4000	705	160	800	18	900	18	985	18	2000
-3689		9664			0	1856	0	1856	0	1856	4.5	1856	104.5	160	555	4000	705	160	800	18	900	18	985	18	2000
-3009		10979			2	1856	3.7	1856	10.5	1856	45.3	1856	202.3	160	621	4000	771	160	1000	18	1150	18	1323	18	2000
-3009		8349			0	1856	0	1856	0	1856	4.5	1856	104.5	160	555	4000	705	160	800	18	900	18	985	18	2000
-3009		10979			2	1856	3.7	1856	10.5	1856	45.3	1856	202.3	160	621	4000	771	160	1000	18	1150	18	1323	18	2000
-2329		9664			2	1856	3.7	1856	10.5	1856	45.3	1856	202.3	160	621	4000	771	160	1000	18	1150	18	1323	18	2000
-2329		9664			2	3164.98	3.7	1070	10.5	2496.25	45.3	166	202.3	4000	621	4000	771	600	1000	18.85	1150	18.85	1323	18.85	1028.29
-3009		10979			2	3164.98	3.7	1070	10.5	2496.25	45.3	166	202.3	4000	621	4000	771	600	1000	18.85	1150	18.85	1323	18.85	1028.29
-2329		12294			4	3164.98	7.4	1070	21	2496.25	86	166	300	4000	686	4000	836	600	1200	18.85	1400	18.85	1660	18.85	1028.29
-2329		9664			2	3164.98	3.7	1070	10.5	2496.25	45.3	166	202.3	4000	621	4000	771	600	1000	18.85	1150	18.85	1323	18.85	1028.29
-2329		12294			4	3164.98	7.4	1070	21	2496.25	86	166	300	4000	686	4000	836	600	1200	18.85	1400	18.85	1660	18.85	1028.29
-1649		10979			4	3164.98	7.4	1070	21	2496.25	86	166	300	4000	686	4000	836	600	1200	18.85	1400	18.85	1660	18.85	1028.29
-1649		10979			4	3164.98	7.4	1070	21	2496.25	86	166	300	4000	686	4000	836	600	1200	18.85	1400	18.85	1660	18.85	1028.29
-2329		12294			4	3164.98	7.4	1070	21	2496.25	86	166	300	4000	686	4000	836	600	1200	18.85	1400	18.85	1660	18.85	1028.29
-1649		13609			4	3164.98	7.4	1070	21	2496.25	86	166	300	4000	686	4000	836	600	1200	18.85	1400	18.85	1660	18.85	1028.29
-1649		10979			4	3164.98	7.4	1070	21	2496.25	86	166	300	4000	686	4000	836	600	1200	18.85	1400	18.85	1660	18.85	1028.29
-1649		13609			4	3164.98	7.4	1070	21	2496.25	86	166	300	4000	686	4000	836	600	1200	18.85	1400	18.85	1660	18.85	1028.29
-969		12294			4	3164.98	7.4	1070	21	2496.25	86	166	300	4000	686	4000	836	600	1200	18.85	1400	18.85	1660	18.85	1028.29
-969		12294			4	3164.98	7.4	1070	21	2496.25	86	166	300	4000	686	4000	836	600	1200	18.85	1400	18.85	1660	18.85	1028.29
-1649		13609			4	3164.98	7.4	1070	21	2496.25	86	166	300	4000	686	4000	836	600	1200	18.85	1400	18.85	1660	18.85	1028.29
-969		14924			4	3164.98	7.4	1070	21	2496.25	86	166	300	4000	686	4000	836	600	1200	18.85	1400	18.85	1660	18.85	1028.29
-969		12294			4	3164.98	7.4	1070	21	2496.25	86	166	300	4000	686	4000	836	600	1200	18.85	1400	18.85	1660	18.85	1028.29
-969		14924			4	3164.98	7.4	1070	21	2496.25	86	166	300	4000	686	4000	836	600	1200	18.85	1400	18.85	1660	18.85	1028.29
-289		13609			4	3164.98	7.4	1070	21	2496.25	86	166	300	4000	686	4000	836	600	1200	18.85	1400	18.85	1660	18.85	1028.29
-289		13609			4	3164.98	7.4	1070	21	2496.25	86	166	300	4000	686	4000	836	600	1200	18.85	1400	18.85	1660	18.85	1028.29
-969		14924			4	3164.98	7.4	1070	21	2496.25	86	166	300	4000	686	4000	836	600	1200	18.85	1400	18.85	1660	18.85	1028.29
6000.5		46239			4	3164.98	7.4	1070	21	2496.25	86	166	300	4000	686	4000	836	600	1200	18.85	1400	18.85	1660	18.85	1028.29
-289		13609			4	3164.98	7.4	1070	21	2496.25	86	166	300	4000	686	4000	836	600	1200	18.85	1400	18.85	1660	18.85	1028.29
6000.5		46239			4	3164.98	7.4	1070	21	2496.25	86	166	300	4000	686	4000	836	600	1200	18.85	1400	18.85	1660	18.85	1028.29
6391		64924			4	3164.98	7.4	1070	21	2496.25	86	166	300	4000	686	4000	836	600	1200	18.85	1400	18.85	1660	18.85	1028.29
        3sl                             
-48307.833333	-45681.833333		0	279	0	279	4.5	279	25.5	2056	98.3	760	148.3	760	253.5	760	525	3300	812	3300	1577	12	10000             
-40015.66667	-44612.666667		0	279	0	279	5	279	29.6	2056	100	760	150	760	217	760	500	3300	782	3300	1682	12	10000             
-9322.333333	-3484.333333		0	279	0	279	5	279	29.6	2056	100	760	150	760	217	760	500	3300	782	3300	1682	12	10000             
-48307.833333	-45681.833333		0	279	0	279	4.5	279	25.5	2056	98.3	760	148.3	760	253.5	760	525	3300	812	3300	1577	12	10000             
-9322.333333	-3484.333333		0	279	0	279	5	279	29.6	2056	100	760	150	760	217	760	500	3300	782	3300	1682	12	10000             
-7741.666667	-4527.666667		0	279	0	279	4.5	279	25.5	2056	98.3	760	148.3	760	253.5	760	525	3300	812	3300	1577	12	10000             
-7741.666667	-4527.666667		0	279	0	279	4.5	279	25.5	2056	98.3	760	148.3	760	253.5	760	525	3300	812	3300	1577	12	10000             
-9322.333333	-3484.333333		0	279	0	279	5	279	29.6	2056	100	760	150	760	217	760	500	3300	782	3300	1682	12	10000             
-8629    	-2356			0	279	0	279	5	279	29.6	2056	100	760	150	760	217	760	500	3300	782	3300	1682	12	10000             
-7741.666667	-4527.666667		0	279	0	279	4.5	279	25.5	2056	98.3	760	148.3	760	253.5	760	525	3300	812	3300	1577	12	10000             
-8629   	-2356			0	279	0	279	5	279	29.6	2056	100	760	150	760	217	760	500	3300	782	3300	1682	12	10000             
-7175.5  	-3373.5			0	279	0	279	4.5	279	25.5	2056	98.3	760	148.3	760	253.5	760	525	3300	812	3300	1577	12	10000             
-7175.5 	-3373.5			0	279	0	279	4.5	279	25.5	2056	98.3	760	148.3	760	253.5	760	525	3300	812	3300	1577	12	10000             
-8629   	-2356			0	279	0	279	5	279	29.6	2056	100	760	150	760	217	760	500	3300	782	3300	1682	12	10000             
-7935.666667	-1227.666667		0	279	0.33	279	20.2	279	37.2	2056	150	760	290.7	760	385	760	667	3300	955	3300	1628	12	10000             
-7175.5 	-3373.5			0	279	0	279	4.5	279	25.5	2056	98.3	760	148.3	760	253.5	760	525	3300	812	3300	1577	12	10000             
-7935.666667	-1227.666667		0	279	0.33	279	20.2	279	37.2	2056	150	760	290.7	760	385	760	667	3300	955	3300	1628	12	10000             
-6609.333333	-2219.333333		0	279	0.24	279	16	279	30	2056	152	760	312	760	447	760	726	3300	1016	3300	1604	12	10000             
-6609.333333	-2219.333333		0	78.02	0.24	78.02	16	23971.42	30	10.53	152	3300	312	3300	447	600	726	23	1016	23	1604	23	39000     
-7935.666667	-1227.666667		0	78.02	0.33	78.02	20.2	23971.42	37.2	10.53	150	3300	290.7	3300	385	600	667	23	955	23	1628	23	39000     
-7935.666667	-1227.666667		0	78.02	0.67	78.02	35.3	23971.42	44.9	10.53	200	3300	431	3300	554	600	833	23	1127	23	1575	23	39000     
-6609.333333	-2219.333333		0	78.02	0.24	78.02	16	23971.42	30	10.53	152	3300	312	3300	447	600	726	23	1016	23	1604	23	39000     
-7935.666667	-1227.666667		0	78.02	0.67	78.02	35.3	23971.42	44.9	10.53	200	3300	431	3300	554	600	833	23	1127	23	1575	23	39000     
-6043.166667	-1065.166667		0	78.02	0.45	78.02	26	23971.42	34	10.53	150	3300	378	3300	566	600	849	23	1103	23	1564	23	39000     
-6043.166667	-1065.166667		0	78.02	0.45	78.02	26	23971.42	34	10.53	150	3300	378	3300	566	600	849	23	1103	23	1564	23	39000     
-7935.666667	-1227.666667		0	78.02	0.67	78.02	35.3	23971.42	44.9	10.53	200	3300	431	3300	554	600	833	23	1127	23	1575	23	39000     
-6549   	1029			0	78.02	1	78.02	50.5	23971.42	52.5	10.53	250	3300	572	3300	722	600	1000	23	1300	23	1522	23	39000     
-6043.166667	-1065.166667		0	78.02	0.45	78.02	26	23971.42	34	10.53	150	3300	378	3300	566	600	849	23	1103	23	1564	23	39000     
-6549	        1029			0	78.02	1	78.02	50.5	23971.42	52.5	10.53	250	3300	572	3300	722	600	1000	23	1300	23	1522	23	39000     
-5477		89			0	78.02	0.75	78.02	35	23971.42	39	10.53	188	3300	480	3300	692	600	982	23	1275	23	1517	23	39000     
-5477		89			0	78.02	0.75	78.02	35	23971.42	39	10.53	188	3300	480	3300	692	600	982	23	1275	23	1517	23	39000     
-6549		1029			0	78.02	1	78.02	50.5	23971.42	52.5	10.53	250	3300	572	3300	722	600	1000	23	1300	23	1522	23	39000     
-6069		2149			0	78.02	1.33	78.02	41	23971.42	42.8	10.53	193	3300	429	3300	695	600	893	23	1107	23	1538	23	39000     
-5477		89			0	78.02	0.75	78.02	35	23971.42	39	10.53	188	3300	480	3300	692	600	982	23	1275	23	1517	23	39000     
-6069		2149			0	78.02	1.33	78.02	41	23971.42	42.8	10.53	193	3300	429	3300	695	600	893	23	1107	23	1538	23	39000     
-5017.5		1239			0	78.02	0.6	78.02	20	23971.42	25	10.53	117	3300	290	3300	484	600	672	23	865	23	1480	23	39000     
-5017.5		1239			0	497	0.6	497	20	18000	25	10.53	117	4500	290	4500	484	535.39	672	8000	865	8000	1480	32	823.98            
-6069		2149			0	497	1.33	497	41	18000	42.8	10.53	193	4500	429	4500	695	535.39	893	8000	1107	8000	1538	32	823.98            
-5589		3269			0	497	0.33	497	31.5	18000	29.8	10.53	118	4500	286	4500	668	535.39	787	8000	914	8000	1554	32	823.98            
-5017.5		1239			0	497	0.6	497	20	18000	25	10.53	117	4500	290	4500	484	535.39	672	8000	865	8000	1480	32	823.98            
-5589		3269			0	497	0.33	497	31.5	18000	29.8	10.53	118	4500	286	4500	668	535.39	787	8000	914	8000	1554	32	823.98            
-4558		2389			0	497	0	497	16	18000	23	10.53	75	4500	238	4500	512	535.39	685	8000	887	8000	1451	32	823.98            
-4558		2389			0	497	0	497	16	18000	23	10.53	75	4500	238	4500	512	535.39	685	8000	887	8000	1451	32	823.98            
-5589		3269			0	497	0.33	497	31.5	18000	29.8	10.53	118	4500	286	4500	668	535.39	787	8000	914	8000	1554	32	823.98            
-5109		4389			0	497	8	497	22	18000	23.3	10.53	80	4500	143.3	4500	641	535.39	680	8000	721	8000	1571	32	823.98            
-4558		2389			0	497	0	497	16	18000	23	10.53	75	4500	238	4500	512	535.39	685	8000	887	8000	1451	32	823.98            
-5109		4389			0	497	8	497	22	18000	23.3	10.53	80	4500	143.3	4500	641	535.39	680	8000	721	8000	1571	32	823.98            
-4098.5		3539			0	497	0	497	11.7	18000	21	10.53	52	4500	112	4500	403	535.39	472	8000	598	8000	1423	32	823.98            
-4098.5		3539			0	497	0	497	11.7	18000	21	10.53	52	4500	112	4500	403	535.39	472	8000	598	8000	1423	32	823.98            
-5109		4389			0	497	8	497	22	18000	23.3	10.53	80	4500	143.3	4500	641	535.39	680	8000	721	8000	1571	32	823.98            
-4584		5379			0	497	6	497	16.5	18000	18.6	10.53	86	4500	246	4500	657	535.39	710	8000	766	8000	1425	32	823.98            
-4098.5		3539			0	497	0	497	11.7	18000	21	10.53	52	4500	112	4500	403	535.39	472	8000	598	8000	1423	32	823.98            
-4584		5379			0	497	6	497	16.5	18000	18.6	10.53	86	4500	246	4500	657	535.39	710	8000	766	8000	1425	32	823.98            
-3626.25	4454.25			0	497	3	497	8	18000	10	10.53	48	4500	133	4500	371	535.39	434	8000	608	8000	1350	32	823.98            
-3626.25	4454.25			0	497	3	497	8	18000	10	10.53	48	4500	133	4500	371	535.39	434	8000	608	8000	1350	32	823.98            
-4584   	5379			0	497	6	497	16.5	18000	18.6	10.53	86	4500	246	4500	657	535.39	710	8000	766	8000	1425	32	823.98            
-4059   	6369			0	497	4	497	11	18000	13.9	10.53	92	4500	349	4500	673	535.39	740	8000	811	8000	1278	32	823.98            
-3626.25	4454.25			0	497	3	497	8	18000	10	10.53	48	4500	133	4500	371	535.39	434	8000	608	8000	1350	32	823.98            
-4059   	6369			0	497	4	497	11	18000	13.9	10.53	92	4500	349	4500	673	535.39	740	8000	811	8000	1278	32	823.98            
-3154   	5369.5			0	497	2	497	6	18000	8.6	10.53	54	4500	220	4500	412	535.39	520	8000	618	8000	1277	32	823.98            
-3154   	5369.5			0	1856	2	1856	6	1856	8.6	1856	54	160	220	4000	412	160	520	18	618	18	1277	18	2000              
-4059   	6369			0	1856	4	1856	11	1856	13.9	1856	92	160	349	4000	673	160	740	18	811	18	1278	18	2000              
-3534   	7359			0	1856	6	1856	16.5	1856	18.6	1856	86	160	246	4000	657	160	710	18	766	18	1425	18	2000              
-3154   	5369.5			0	1856	2	1856	6	1856	8.6	1856	54	160	220	4000	412	160	520	18	618	18	1277	18	2000              
-3534   	7359			0	1856	6	1856	16.5	1856	18.6	1856	86	160	246	4000	657	160	710	18	766	18	1425	18	2000              
-2539   	6534.25			0	1856	3	1856	8.6	1856	10.8	1856	60	160	181	4000	411	160	530	18	738	18	1374	18	2000              
-2539   	6534.25			0	1856	3	1856	8.6	1856	10.8	1856	60	160	181	4000	411	160	530	18	738	18	1374	18	2000              
-3534   	7359			0	1856	6	1856	16.5	1856	18.6	1856	86	160	246	4000	657	160	710	18	766	18	1425	18	2000              
-3009   	8349			0	1856	0	1856	0	1856	4.5	1856	104.5	160	555	4000	705	160	800	18	900	18	985	18	2000              
-2539   	6534.25			0	1856	3	1856	8.6	1856	10.8	1856	60	160	181	4000	411	160	530	18	738	18	1374	18	2000              
-3009   	8349			0	1856	0	1856	0	1856	4.5	1856	104.5	160	555	4000	705	160	800	18	900	18	985	18	2000              
-1924   	7699			0	1856	0	1856	0	1856	3.6	1856	71	160	348	4000	442	160	600	18	735	18	1177	18	2000              
-1924   	7699			0	1856	0	1856	0	1856	3.6	1856	71	160	348	4000	442	160	600	18	735	18	1177	18	2000              
-3009   	8349			0	1856	0	1856	0	1856	4.5	1856	104.5	160	555	4000	705	160	800	18	900	18	985	18	2000              
-2329   	9664			0	1856	4	1856	11	1856	13.9	1856	92	160	349	4000	673	160	740	18	811	18	1278	18	2000              
-1924   	7699			0	1856	0	1856	0	1856	3.6	1856	71	160	348	4000	442	160	600	18	735	18	1177	18	2000              
-2329   	9664			0	1856	4	1856	11	1856	13.9	1856	92	160	349	4000	673	160	740	18	811	18	1278	18	2000              
-1312.75	8911.75			0	1856	2	1856	5.5	1856	7.8	1856	68	160	235	4000	417	160	553	18	681	18	1305	18	2000              
-1312.75	8911.75			0	3164.98	2	1070	5.5	2496.25	7.8	166	68	4000	235	4000	417	600	553	18.85	681	18.85	1305	18.85	1028.29           
-2329   	9664			0	3164.98	4	1070	11	2496.25	13.9	166	92	4000	349	4000	673	600	740	18.85	811	18.85	1278	18.85	1028.29           
-1649   	10979			4	3164.98	7.4	1070	21	2496.25	86	166	300	4000	686	4000	836	600	1200	18.85	1400	18.85	1660	18.85	1028.29           
-1312.75	8911.75			0	3164.98	2	1070	5.5	2496.25	7.8	166	68	4000	235	4000	417	600	553	18.85	681	18.85	1305	18.85	1028.29           
-1649           10979			4	3164.98	7.4	1070	21	2496.25	86	166	300	4000	686	4000	836	600	1200	18.85	1400	18.85	1660	18.85	1028.29           
-701.5   	10124.5			2	3164.98	3.7	1070	10	2496.25	43.2	166	125	4000	393	4000	489	600	765	18.85	966	18.85	1476	18.85	1028.29           
-701.5  	10124.5			2	3164.98	3.7	1070	10	2496.25	43.2	166	125	4000	393	4000	489	600	765	18.85	966	18.85	1476	18.85	1028.29           
-1649   	10979			4	3164.98	7.4	1070	21	2496.25	86	166	300	4000	686	4000	836	600	1200	18.85	1400	18.85	1660	18.85	1028.29           
-969    	12294			4	3164.98	7.4	1070	21	2496.25	86	166	300	4000	686	4000	836	600	1200	18.85	1400	18.85	1660	18.85	1028.29           
-701.5  	10124.5			2	3164.98	3.7	1070	10	2496.25	43.2	166	125	4000	393	4000	489	600	765	18.85	966	18.85	1476	18.85	1028.29           
-969    	12294			4	3164.98	7.4	1070	21	2496.25	86	166	300	4000	686	4000	836	600	1200	18.85	1400	18.85	1660	18.85	1028.29           
-90.25  	11337.25		2	3164.98	3.7	1070	10	2496.25	43.2	166	125	4000	393	4000	489	600	765	18.85	966	18.85	1476	18.85	1028.29           
-90.25  	11337.25		2	3164.98	3.7	1070	10	2496.25	43.2	166	125	4000	393	4000	489	600	765	18.85	966	18.85	1476	18.85	1028.29           
-969    	12294			4	3164.98	7.4	1070	21	2496.25	86	166	300	4000	686	4000	836	600	1200	18.85	1400	18.85	1660	18.85	1028.29           
-289    	13609			4	3164.98	7.4	1070	21	2496.25	86	166	300	4000	686	4000	836	600	1200	18.85	1400	18.85	1660	18.85	1028.29           
-90.25   	11337.25		2	3164.98	3.7	1070	10	2496.25	43.2	166	125	4000	393	4000	489	600	765	18.85	966	18.85	1476	18.85	1028.29           
-289    	13609			4	3164.98	7.4	1070	21	2496.25	86	166	300	4000	686	4000	836	600	1200	18.85	1400	18.85	1660	18.85	1028.29           
521     	12550			2	3164.98	3.7	1070	10	2496.25	43.2	166	125	4000	393	4000	489	600	765	18.85	966	18.85	1476	18.85	1028.29           
521     	12550			2	3164.98	3.7	1070	10	2496.25	43.2	166	125	4000	393	4000	489	600	765	18.85	966	18.85	1476	18.85	1028.29           
-289    	13609			4	3164.98	7.4	1070	21	2496.25	86	166	300	4000	686	4000	836	600	1200	18.85	1400	18.85	1660	18.85	1028.29           
6391     	64924			4	3164.98	7.4	1070	21	2496.25	86	166	300	4000	686	4000	836	600	1200	18.85	1400	18.85	1660	18.85	1028.29           
-289     	13609			2	3164.98	3.7	1070	10	2496.25	43.2	166	125	4000	393	4000	489	600	765	18.85	966	18.85	1476	18.85	1028.29           
6391     	64924			4	3164.98	7.4	1070	21	2496.25	86	166	300	4000	686	4000	836	600	1200	18.85	1400	18.85	1660	18.85	1028.29           
6132.25  	63762.75		2	3164.98	3.7	1070	10	2496.25	43.2	166	125	4000	393	4000	489	600	765	18.85	966	18.85	1476	18.85	1028.29           
        4sl                                                                                                                                                                                                            
-46600   	-46751			0	117.32	0	117.32	4	117.32	21	117.32	96	226.32	146	1303.02	290	1303.02	550	3500	841	3500	1473	16.5	4000              
-48307.833333	-45681.833333		0	117.32	0	117.32	4.5	117.32	25.5	117.32	98.3	226.32	148.3	1303.02	253.5	1303.02	525	3500	812	3500	1577	16.5	4000              
-7741.666667	-4527.666667		0	117.32	0	117.32	4.5	117.32	25.5	117.32	98.3	226.32	148.3	1303.02	253.5	1303.02	525	3500	812	3500	1577	16.5	4000              
-46600   	-46751			0	117.32	0	117.32	4	117.32	21	117.32	96	226.32	146	1303.02	290	1303.02	550	3500	841	3500	1473	16.5	4000              
-7741.666667	-4527.666667		0	117.32	0	117.32	4.5	117.32	25.5	117.32	98.3	226.32	148.3	1303.02	253.5	1303.02	525	3500	812	3500	1577	16.5	4000              
-6161   	-5571			0	117.32	0	117.32	4	117.32	21	117.32	96	226.32	146	1303.02	290	1303.02	550	3500	841	3500	1473	16.5	4000              
-6161   	-5571			0	117.32	0	117.32	4	117.32	21	117.32	96	226.32	146	1303.02	290	1303.02	550	3500	841	3500	1473	16.5	4000              
-7741.666667	-4527.666667		0	117.32	0	117.32	4.5	117.32	25.5	117.32	98.3	226.32	148.3	1303.02	253.5	1303.02	525	3500	812	3500	1577	16.5	4000              
-7175.5 	-3373.5			0	117.32	0	117.32	4.5	117.32	25.5	117.32	98.3	226.32	148.3	1303.02	253.5	1303.02	525	3500	812	3500	1577	16.5	4000              
-6161   	-5571			0	117.32	0	117.32	4	117.32	21	117.32	96	226.32	146	1303.02	290	1303.02	550	3500	841	3500	1473	16.5	4000              
-7175.5 	-3373.5			0	117.32	0	117.32	4.5	117.32	25.5	117.32	98.3	226.32	148.3	1303.02	253.5	1303.02	525	3500	812	3500	1577	16.5	4000              
-5722   	-5571			0	117.32	0	117.32	4	117.32	21	117.32	96	226.32	146	1303.02	290	1303.02	550	3500	841	3500	1473	16.5	4000              
-5722   	-5571			0	117.32	0	117.32	4	117.32	21	117.32	96	226.32	146	1303.02	290	1303.02	550	3500	841	3500	1473	16.5	4000              
-7175.5 	-3373.5			0	117.32	0	117.32	4.5	117.32	25.5	117.32	98.3	226.32	148.3	1303.02	253.5	1303.02	525	3500	812	3500	1577	16.5	4000              
-6609.333333	-2219.333333		0	117.32	0.24	117.32	16	117.32	30	117.32	152	226.32	312	1303.02	447	1303.02	726	3500	1016	3500	1604	16.5	4000              
-5722   	-5571			0	117.32	0	117.32	4	117.32	21	117.32	96	226.32	146	1303.02	290	1303.02	550	3500	841	3500	1473	16.5	4000              
-6609.333333	-2219.333333		0	117.32	0.24	117.32	16	117.32	30	117.32	152	226.32	312	1303.02	447	1303.02	726	3500	1016	3500	1604	16.5	4000              
-5283   	-3211			0	117.32	0.15	117.32	11	117.32	22	117.32	153	226.32	332	1303.02	508	1303.02	784	3500	1078	3500	1579	16.5	4000              
-5283   	-3211			0	117.32	0.15	117.32	11	117.32	22	117.32	153	226.32	332	1303.02	508	1303.02	784	3500	1078	3500	1579	16.5	4000              
-6609.333333	-2219.333333		0	117.32	0.24	117.32	16	117.32	30	117.32	152	226.32	312	1303.02	447	1303.02	726	3500	1016	3500	1604	16.5	4000              
-6043.166667	-1065.166667		0	117.32	0.45	117.32	26	117.32	34	117.32	150	226.32	378	1303.02	566	1303.02	849	3500	1103	3500	1564	16.5	4000              
-5283   	-3211			0	117.32	0.15	117.32	11	117.32	22	117.32	153	226.32	332	1303.02	508	1303.02	784	3500	1078	3500	1579	16.5	4000              
-6043.166667	-1065.166667		0	117.32	0.45	117.32	26	117.32	34	117.32	150	226.32	378	1303.02	566	1303.02	849	3500	1103	3500	1564	16.5	4000              
-4844   	-2031			0	117.32	0.3	117.32	17	117.32	22	117.32	100	226.32	325	1303.02	577	1303.02	865	3500	1163	3500	1553	16.5	4000              
-4844   	-2031			0	117.32	0.3	117.32	17	117.32	22	117.32	100	226.32	325	1303.02	577	1303.02	865	3500	1163	3500	1553	16.5	4000              
-6043.166667	-1065.166667		0	117.32	0.45	117.32	26	117.32	34	117.32	150	226.32	378	1303.02	566	1303.02	849	3500	1103	3500	1564	16.5	4000              
-5477   	89			0	117.32	0.75	117.32	35	117.32	39	117.32	188	226.32	480	1303.02	692	1303.02	982	3500	1275	3500	1517	16.5	4000              
-4844   	-2031			0	117.32	0.3	117.32	17	117.32	22	117.32	100	226.32	325	1303.02	577	1303.02	865	3500	1163	3500	1553	16.5	4000              
-5477   	89			0	117.32	0.75	117.32	35	117.32	39	117.32	188	226.32	480	1303.02	692	1303.02	982	3500	1275	3500	1517	16.5	4000              
-4405   	-851			0	117.32	0.5	117.32	20.2	117.32	26.2	117.32	125	226.32	388	1303.02	661	1303.02	964	3500	1250	3500	1511	16.5	4000              
-4405   	-851			0	117.32	0.5	117.32	20.2	117.32	26.2	117.32	125	226.32	388	1303.02	661	1303.02	964	3500	1250	3500	1511	16.5	4000              
-5477   	89			0	117.32	0.75	117.32	35	117.32	39	117.32	188	226.32	480	1303.02	692	1303.02	982	3500	1275	3500	1517	16.5	4000              
-5017.5  	1239			0	117.32	0.6	117.32	20	117.32	25	117.32	117	226.32	290	1303.02	484	1303.02	672	3500	865	3500	1480	16.5	4000              
-4405   	-851			0	117.32	0.5	117.32	20.2	117.32	26.2	117.32	125	226.32	388	1303.02	661	1303.02	964	3500	1250	3500	1511	16.5	4000              
-5017.5 	1239			0	117.32	0.6	117.32	20	117.32	25	117.32	117	226.32	290	1303.02	484	1303.02	672	3500	865	3500	1480	16.5	4000              
-3966   	329			0	117.32	0	117.32	0	117.32	6.6	117.32	40.5	226.32	150	1303.02	272	1303.02	450	3500	622	3500	1422	16.5	4000              
-3966   	329			0	117.32	0	117.32	0	117.32	6.6	117.32	40.5	226.32	150	1303.02	272	1303.02	450	3500	622	3500	1422	16.5	4000              
-5017.5		1239			0	117.32	0.6	117.32	20	117.32	25	117.32	117	226.32	290	1303.02	484	1303.02	672	3500	865	3500	1480	16.5	4000              
-4558		2389			0	117.32	0	117.32	16	117.32	23	117.32	75	226.32	238	1303.02	512	1303.02	685	3500	887	3500	1451	16.5	4000              
-3966		329			0	117.32	0	117.32	0	117.32	6.6	117.32	40.5	226.32	150	1303.02	272	1303.02	450	3500	622	3500	1422	16.5	4000              
-4558		2389			0	117.32	0	117.32	16	117.32	23	117.32	75	226.32	238	1303.02	512	1303.02	685	3500	887	3500	1451	16.5	4000              
-3527		1509			0	117.32	0	117.32	0.74	117.32	15.6	117.32	32.5	226.32	190	1303.02	355	1303.02	583	3500	860	3500	1348	16.5	4000              
-3527		1509			0	40	0	40	0.74	40	15.6	30000	32.5	2032.14	190	300	355	300	583	8000	860	3000	1348	22	450               
-4558		2389			0	40	0	40	16	40	23	30000	75	2032.14	238	300	512	300	685	8000	887	3000	1451	22	450               
-4098.5		3539			0	40	0	40	11.7	40	21	30000	52	2032.14	112	300	403	300	472	8000	598	3000	1423	22	450               
-3527		1509			0	40	0	40	0.74	40	15.6	30000	32.5	2032.14	190	300	355	300	583	8000	860	3000	1348	22	450               
-4098.5		3539			0	40	0	40	11.7	40	21	30000	52	2032.14	112	300	403	300	472	8000	598	3000	1423	22	450               
-3088		2689			0	40	0	40	1.48	40	18.5	30000	24.5	2032.14	80	300	164.5	300	264.5	8000	475	3000	1275	22	450               
-3088		2689			0	40	0	40	1.48	40	18.5	30000	24.5	2032.14	80	300	164.5	300	264.5	8000	475	3000	1275	22	450               
-4098.5		3539			0	40	0	40	11.7	40	21	30000	52	2032.14	112	300	403	300	472	8000	598	3000	1423	22	450               
-3626.25	4454.25			0	40	3	40	8	40	10	30000	48	2032.14	133	300	371	300	434	8000	608	3000	1350	22	450               
-3088   	2689			0	40	0	40	1.48	40	18.5	30000	24.5	2032.14	80	300	164.5	300	264.5	8000	475	3000	1275	22	450               
-3626.25	4454.25			0	40	3	40	8	40	10	30000	48	2032.14	133	300	371	300	434	8000	608	3000	1350	22	450               
-2668.5 	3529.5			0	40	0	40	1.63	40	10.9	30000	19.9	2032.14	85	300	158.4	300	282	8000	450	3000	1275	22	450               
-2668.5 	3529.5			0	1399.11	0	1399.11	1.63	1399.11	10.9	3843	19.9	2032.14	85	224	158.4	224	282	6152.34	450	6152.34	1275	18	2000              
-3626.25	4454.25			0	1399.11	3	1399.11	8	1399.11	10	3843	48	2032.14	133	224	371	224	434	6152.34	608	6152.34	1350	18	2000              
-3154   	5369.5			0	1399.11	2	1399.11	6	1399.11	8.6	3843	54	2032.14	220	224	412	224	520	6152.34	618	6152.34	1277	18	2000              
-2668.5		3529.5			0	1399.11	0	1399.11	1.63	1399.11	10.9	3843	19.9	2032.14	85	224	158.4	224	282	6152.34	450	6152.34	1275	18	2000              
-3154		5369.5			0	1399.11	2	1399.11	6	1399.11	8.6	3843	54	2032.14	220	224	412	224	520	6152.34	618	6152.34	1277	18	2000              
-2249		4370			0	1399.11	0	1399.11	1.78	1399.11	3.3	3843	15.3	2032.14	90	224	152.3	224	300	6152.34	425	6152.34	1275	18	2000              
-2249		4370			0	1399.11	0	1399.11	1.78	1399.11	3.3	3843	15.3	2032.14	90	224	152.3	224	300	6152.34	425	6152.34	1275	18	2000              
-3154		5369.5			0	1399.11	2	1399.11	6	1399.11	8.6	3843	54	2032.14	220	224	412	224	520	6152.34	618	6152.34	1277	18	2000              
-2539		6534.25			0	1399.11	3	1399.11	8.6	1399.11	10.8	3843	60	2032.14	181	224	411	224	530	6152.34	738	6152.34	1374	18	2000              
-2249		4370			0	1399.11	0	1399.11	1.78	1399.11	3.3	3843	15.3	2032.14	90	224	152.3	224	300	6152.34	425	6152.34	1275	18	2000              
-2539		6534.25			0	1399.11	3	1399.11	8.6	1399.11	10.8	3843	60	2032.14	181	224	411	224	530	6152.34	738	6152.34	1374	18	2000              
-1544		5709.5			0	1399.11	0	1399.11	0.89	1399.11	2.98	3843	34.3	2032.14	115	224	165.7	224	350	6152.34	710	6152.34	1322	18	2000              
-1544		5709.5			0	1028.59	0	1028.59	0.89	1028.59	2.98	1028.59	34.3	1973.46	115	300.8	165.7	300.8	350	6100	710	6100	1322	16.5	10000             
-2539		6534.25			0	1028.59	3	1028.59	8.6	1028.59	10.8	1028.59	60	1973.46	181	300.8	411	300.8	530	6100	738	6100	1374	16.5	10000             
-1924		7699			0	1028.59	0	1028.59	0	1028.59	3.6	1028.59	71	1973.46	348	300.8	442	300.8	600	6100	735	6100	1177	16.5	10000             
-1544		5709.5			0	1028.59	0	1028.59	0.89	1028.59	2.98	1028.59	34.3	1973.46	115	300.8	165.7	300.8	350	6100	710	6100	1322	16.5	10000             
-1924		7699			0	1028.59	0	1028.59	0	1028.59	3.6	1028.59	71	1973.46	348	300.8	442	300.8	600	6100	735	6100	1177	16.5	10000             
-839		7049			0	1028.59	0	1028.59	0	1028.59	2.65	1028.59	37.9	1973.46	140	300.8	179	300.8	400	6100	569	6100	1369	16.5	10000             
-839		7049			0	1028.59	0	1028.59	0	1028.59	2.65	1028.59	37.9	1973.46	140	300.8	179	300.8	400	6100	569	6100	1369	16.5	10000             
-1924		7699			0	1028.59	0	1028.59	0	1028.59	3.6	1028.59	71	1973.46	348	300.8	442	300.8	600	6100	735	6100	1177	16.5	10000             
-1312.75	8911.75			0	1028.59	2	1028.59	5.5	1028.59	7.8	1028.59	68	1973.46	235	300.8	417	300.8	553	6100	681	6100	1305	16.5	10000             
-839	        7049			0	1028.59	0	1028.59	0	1028.59	2.65	1028.59	37.9	1973.46	140	300.8	179	300.8	400	6100	569	6100	1369	16.5	10000             
-1312.75	8911.75			0	1028.59	2	1028.59	5.5	1028.59	7.8	1028.59	68	1973.46	235	300.8	417	300.8	553	6100	681	6100	1305	16.5	10000             
-296.5  	8159.5			0	1028.59	0	1028.59	0	1028.59	1.6	1028.59	43.95	1973.46	120	300.8	160.5	300.8	365	6100	551	6100	1331	16.5	10000             
-296.5  	8159.5			0	250	0	250	0	250	1.6	250	43.95	2163.49	120	227.52	160.5	227.52	365	6100	551	6100	1331	16	2000              
-1312.75	8911.75			0	250	2	250	5.5	250	7.8	250	68	2163.49	235	227.52	417	227.52	553	6100	681	6100	1305	16	2000              
-701.5  	10124.5			2	250	3.7	250	10	250	43.2	250	125	2163.49	393	227.52	489	227.52	765	6100	966	6100	1476	16	2000              
-296.5  	8159.5			0	250	0	250	0	250	1.6	250	43.95	2163.49	120	227.52	160.5	227.52	365	6100	551	6100	1331	16	2000              
-701.5  	10124.5			2	250	3.7	250	10	250	43.2	250	125	2163.49	393	227.52	489	227.52	765	6100	966	6100	1476	16	2000              
246     	9270			0	250	0	250	0	250	0.56	250	50	2163.49	100	227.52	142	227.52	330	6100	532	6100	1292	16	2000              
246     	9270			0	250	0	250	0	250	0.56	250	50	2163.49	100	227.52	142	227.52	330	6100	532	6100	1292	16	2000              
-701.5  	10124.5			2	250	3.7	250	10	250	43.2	250	125	2163.49	393	227.52	489	227.52	765	6100	966	6100	1476	16	2000              
-90.25  	11337.25		2	250	3.7	250	10	250	43.2	250	125	2163.49	393	227.52	489	227.52	765	6100	966	6100	1476	16	2000              
246     	9270			0	250	0	250	0	250	0.56	250	50	2163.49	100	227.52	142	227.52	330	6100	532	6100	1292	16	2000              
-90.25		11337.25		2	250	3.7	250	10	250	43.2	250	125	2163.49	393	227.52	489	227.52	765	6100	966	6100	1476	16	2000              
788.5		10380.5			0	250	0	250	0	250	0.56	250	50	2163.49	100	227.52	142	227.52	330	6100	532	6100	1292	16	2000              
788.5		10380.5			0	250	0	250	0	250	0.56	250	50	2163.49	100	227.52	142	227.52	330	6100	532	6100	1292	16	2000              
-90.25		11337.25		2	250	3.7	250	10	250	43.2	250	125	2163.49	393	227.52	489	227.52	765	6100	966	6100	1476	16	2000              
521		12550			2	250	3.7	250	10	250	43.2	250	125	2163.49	393	227.52	489	227.52	765	6100	966	6100	1476	16	2000              
788.5		10380.5			0	250	0	250	0	250	0.56	250	50	2163.49	100	227.52	142	227.52	330	6100	532	6100	1292	16	2000              
521		12550			2	250	3.7	250	10	250	43.2	250	125	2163.49	393	227.52	489	227.52	765	6100	966	6100	1476	16	2000              
1331		11491			0	250	0	250	0	250	0.56	250	50	2163.49	100	227.52	142	227.52	330	6100	532	6100	1292	16	2000              
1331		11491			0	250	0	250	0	250	0.56	250	50	2163.49	100	227.52	142	227.52	330	6100	532	6100	1292	16	2000              
521		12550			2	250	3.7	250	10	250	43.2	250	125	2163.49	393	227.52	489	227.52	765	6100	966	6100	1476	16	2000              
6132.25 	63762.75		2	250	3.7	250	10	250	43.2	250	125	2163.49	393	227.52	489	227.52	765	6100	966	6100	1476	16	2000              
1331		11491			0	250	0	250	0	250	0.56	250	50	2163.49	100	227.52	142	227.52	330	6100	532	6100	1292	16	2000              
6132.25 	63762.75		2	250	3.7	250	10	250	43.2	250	125	2163.49	393	227.52	489	227.52	765	6100	966	6100	1476	16	2000              
36873.5		62601.5			0	250	0	250	0	250	0.56	250	50	2163.49	100	227.52	142	227.52	330	6100	532	6100	1292	16	2000              
           5sl                                                                                                                                                                                                         
-46425		-48736			0	117.32	0	117.32	3.5	117.32	17	117.32	45	226.32	145	1303.02	327	1303.02	575	3500	871	3500	1368	16.5	4000              
-46600		-46751			0	117.32	0	117.32	4	117.32	21	117.32	96	226.32	146	1303.02	290	1303.02	550	3500	841	3500	1473	16.5	4000              
-6161		-5571			0	117.32	0	117.32	4	117.32	21	117.32	96	226.32	146	1303.02	290	1303.02	550	3500	841	3500	1473	16.5	4000              
-46425		-48736			0	117.32	0	117.32	3.5	117.32	17	117.32	45	226.32	145	1303.02	327	1303.02	575	3500	871	3500	1368	16.5	4000              
-6161		-5571			0	117.32	0	117.32	4	117.32	21	117.32	96	226.32	146	1303.02	290	1303.02	550	3500	841	3500	1473	16.5	4000              
-5799.75	-7247.25		0	117.32	0	117.32	3.5	117.32	17	117.32	45	226.32	145	1303.02	327	1303.02	575	3500	871	3500	1368	16.5	4000              
-5799.75	-7247.25		0	117.32	0	117.32	3.5	117.32	17	117.32	45	226.32	145	1303.02	327	1303.02	575	3500	871	3500	1368	16.5	4000              
-6161   	-5571			0	117.32	0	117.32	4	117.32	21	117.32	96	226.32	146	1303.02	290	1303.02	550	3500	841	3500	1473	16.5	4000              
-5722   	-4391			0	117.32	0	117.32	4	117.32	21	117.32	96	226.32	146	1303.02	290	1303.02	550	3500	841	3500	1473	16.5	4000              
-5799.75	-7247.25		0	117.32	0	117.32	3.5	117.32	17	117.32	45	226.32	145	1303.02	327	1303.02	575	3500	871	3500	1368	16.5	4000              
-5722   	-4391			0	117.32	0	117.32	4	117.32	21	117.32	96	226.32	146	1303.02	290	1303.02	550	3500	841	3500	1473	16.5	4000              
-5174.5  	-5758.5			0	117.32	0	117.32	3.5	117.32	17	117.32	45	226.32	145	1303.02	327	1303.02	575	3500	871	3500	1368	16.5	4000              
-5174.5 	-5758.5			0	117.32	0	117.32	3.5	117.32	17	117.32	45	226.32	145	1303.02	327	1303.02	575	3500	871	3500	1368	16.5	4000              
-5722   	-4391			0	117.32	0	117.32	4	117.32	21	117.32	96	226.32	146	1303.02	290	1303.02	550	3500	841	3500	1473	16.5	4000              
-5283   	-3211			0	117.32	0.15	117.32	11	117.32	22	117.32	153	226.32	332	1303.02	508	1303.02	784	3500	1078	3500	1579	16.5	4000              
-5174.5 	-5758.5			0	117.32	0	117.32	3.5	117.32	17	117.32	45	226.32	145	1303.02	327	1303.02	575	3500	871	3500	1368	16.5	4000              
-5283   	-3211			0	117.32	0.15	117.32	11	117.32	22	117.32	153	226.32	332	1303.02	508	1303.02	784	3500	1078	3500	1579	16.5	4000              
-4549.25	-4269.75		0	117.32	0	117.32	6.2	117.32	14.5	117.32	155	226.32	704	1303.02	569	1303.02	842	3500	1139	3500	1555	16.5	4000              
-4549.25	-4269.75		0	117.32	0	117.32	6.2	117.32	14.5	117.32	155	226.32	704	1303.02	569	1303.02	842	3500	1139	3500	1555	16.5	4000              
-5283   	-3211			0	117.32	0.15	117.32	11	117.32	22	117.32	153	226.32	332	1303.02	508	1303.02	784	3500	1078	3500	1579	16.5	4000              
-4844   	-2031			0	117.32	0.3	117.32	17	117.32	22	117.32	100	226.32	325	1303.02	577	1303.02	865	3500	1163	3500	1553	16.5	4000              
-4549.25	-4269.75		0	117.32	0	117.32	6.2	117.32	14.5	117.32	155	226.32	704	1303.02	569	1303.02	842	3500	1139	3500	1555	16.5	4000              
-4844   	-2031			0	117.32	0.3	117.32	17	117.32	22	117.32	100	226.32	325	1303.02	577	1303.02	865	3500	1163	3500	1553	16.5	4000              
-3924   	-2781			0	117.32	0	117.32	8	117.32	11	117.32	50	226.32	272	1303.02	588	1303.02	881	3500	1182	3500	1542	16.5	4000              
-3924   	-2781			0	117.32	0	117.32	8	117.32	11	117.32	50	226.32	272	1303.02	588	1303.02	881	3500	1182	3500	1542	16.5	4000              
-4844   	-2031			0	117.32	0.3	117.32	17	117.32	22	117.32	100	226.32	325	1303.02	577	1303.02	865	3500	1163	3500	1553	16.5	4000              
-4405   	-851			0	117.32	0.5	117.32	20.2	117.32	26.2	117.32	125	226.32	388	1303.02	661	1303.02	964	3500	1250	3500	1511	16.5	4000              
-3924   	-2781			0	117.32	0	117.32	8	117.32	11	117.32	50	226.32	272	1303.02	588	1303.02	881	3500	1182	3500	1542	16.5	4000              
-4405   	-851			0	117.32	0.5	117.32	20.2	117.32	26.2	117.32	125	226.32	388	1303.02	661	1303.02	964	3500	1250	3500	1511	16.5	4000              
-3445.75	-1613			0	117.32	0	117.32	10	117.32	13	117.32	63	226.32	296	1303.02	630	1303.02	946	3500	1225	3500	1505	16.5	4000              
-3445.75	-1613			0	117.32	0	117.32	10	117.32	13	117.32	63	226.32	296	1303.02	630	1303.02	946	3500	1225	3500	1505	16.5	4000              
-4405   	-851			0	117.32	0.5	117.32	20.2	117.32	26.2	117.32	125	226.32	388	1303.02	661	1303.02	964	3500	1250	3500	1511	16.5	4000              
-3966   	329			0	117.32	0	117.32	0	117.32	6.6	117.32	40.5	226.32	150	1303.02	272	1303.02	450	3500	622	3500	1422	16.5	4000              
-3445.75	-1613			0	117.32	0	117.32	10	117.32	13	117.32	63	226.32	296	1303.02	630	1303.02	946	3500	1225	3500	1505	16.5	4000              
-3966   	329			0	117.32	0	117.32	0	117.32	6.6	117.32	40.5	226.32	150	1303.02	272	1303.02	450	3500	622	3500	1422	16.5	4000              
-2967.5  	-445			0	117.32	0	117.32	0	117.32	3.8	117.32	114	226.32	375	1303.02	616	1303.02	825	3500	1061	3500	1656	16.5	4000              
-2967.5 	-445			0	117.32	0	117.32	0	117.32	3.8	117.32	114	226.32	375	1303.02	616	1303.02	825	3500	1061	3500	1656	16.5	4000              
-3966   	329			0	117.32	0	117.32	0	117.32	6.6	117.32	40.5	226.32	150	1303.02	272	1303.02	450	3500	622	3500	1422	16.5	4000              
-3527   	1509			0	117.32	0	117.32	0.74	117.32	15.6	117.32	32.5	226.32	190	1303.02	355	1303.02	583	3500	860	3500	1348	16.5	4000              
-2967.5 	-445			0	117.32	0	117.32	0	117.32	3.8	117.32	114	226.32	375	1303.02	616	1303.02	825	3500	1061	3500	1656	16.5	4000              
-3527   	1509			0	117.32	0	117.32	0.74	117.32	15.6	117.32	32.5	226.32	190	1303.02	355	1303.02	583	3500	860	3500	1348	16.5	4000              
-2468.75	717.75			0	117.32	0	117.32	1.5	117.32	11.6	117.32	81	226.32	303	1303.02	521	1303.02	754	3500	1030	3500	1468	16.5	4000              
-2468.75	717.75			0	40	0	40	1.5	40	11.6	30000	81	2032.14	303	300	521	300	754	8000	1030	3000	1468	22	450               
-3527   	1509			0	40	0	40	0.74	40	15.6	30000	32.5	2032.14	190	300	355	300	583	8000	860	3000	1348	22	450               
-3088   	2689			0	40	0	40	1.48	40	18.5	30000	24.5	2032.14	80	300	164.5	300	264.5	8000	475	3000	1275	22	450               
-2468.75	717.75			0	40	0	40	1.5	40	11.6	30000	81	2032.14	303	300	521	300	754	8000	1030	3000	1468	22	450               
-3088   	2689			0	40	0	40	1.48	40	18.5	30000	24.5	2032.14	80	300	164.5	300	264.5	8000	475	3000	1275	22	450               
-1970   	1880.5			0	40	0	40	2.7	40	16	30000	48	2032.14	155	300	288	300	458	8000	688	3000	1279	22	450               
-1970   	1880.5			0	40	0	40	2.7	40	16	30000	48	2032.14	155	300	288	300	458	8000	688	3000	1279	22	450               
-3088		2689			0	40	0	40	1.48	40	18.5	30000	24.5	2032.14	80	300	164.5	300	264.5	8000	475	3000	1275	22	450               
-2668.5		3529.5			0	40	0	40	1.63	40	10.9	30000	19.9	2032.14	85	300	158.4	300	282	8000	450	3000	1275	22	450               
-1970		1880.5			0	40	0	40	2.7	40	16	30000	48	2032.14	155	300	288	300	458	8000	688	3000	1279	22	450               
-2668.5		3529.5			0	40	0	40	1.63	40	10.9	30000	19.9	2032.14	85	300	158.4	300	282	8000	450	3000	1275	22	450               
-1539.5		2795.25			0	40	0	40	1.8	40	10	30000	45	2032.14	138	300	241	300	414	8000	610	3000	1336	22	450               
-1539.5		2795.25			0	1399.11	0	1399.11	1.8	1399.11	10	3843	45	2032.14	138	224	241	224	414	6152.34	610	6152.34	1336	17.5	2000              
-2668.5		3529.5			0	1399.11	0	1399.11	1.63	1399.11	10.9	3843	19.9	2032.14	85	224	158.4	224	282	6152.34	450	6152.34	1275	17.5	2000              
-2249		4370			0	1399.11	0	1399.11	1.78	1399.11	3.3	3843	15.3	2032.14	90	224	152.3	224	300	6152.34	425	6152.34	1275	17.5	2000              
-1539.5		2795.25			0	1399.11	0	1399.11	1.8	1399.11	10	3843	45	2032.14	138	224	241	224	414	6152.34	610	6152.34	1336	17.5	2000              
-2249		4370			0	1399.11	0	1399.11	1.78	1399.11	3.3	3843	15.3	2032.14	90	224	152.3	224	300	6152.34	425	6152.34	1275	17.5	2000              
-1109		3710			0	1399.11	0	1399.11	0.8	1399.11	4.8	3843	42	2032.14	120	224	195	224	370	6152.34	532	6152.34	1393	17.5	2000              
-1109		3710			0	1399.11	0	1399.11	0.8	1399.11	4.8	3843	42	2032.14	120	224	195	224	370	6152.34	532	6152.34	1393	17.5	2000              
-2249		4370			0	1399.11	0	1399.11	1.78	1399.11	3.3	3843	15.3	2032.14	90	224	152.3	224	300	6152.34	425	6152.34	1275	17.5	2000              
-1544		5709.5			0	1399.11	0	1399.11	0.89	1399.11	2.98	3843	34.3	2032.14	115	224	165.7	224	350	6152.34	710	6152.34	1322	17.5	2000              
-1109		3710			0	1399.11	0	1399.11	0.8	1399.11	4.8	3843	42	2032.14	120	224	195	224	370	6152.34	532	6152.34	1393	17.5	2000              
-1544		5709.5			0	1399.11	0	1399.11	0.89	1399.11	2.98	3843	34.3	2032.14	115	224	165.7	224	350	6152.34	710	6152.34	1322	17.5	2000              
-469		4997.75			0	1399.11	0	1399.11	0.4	1399.11	4	3843	44	2032.14	120	224	184	224	398	6152.34	700	6152.34	1435	17.5	2000              
-469		4997.75			0	1028.59	0	1028.59	0.4	1028.59	4	1028.59	44	1973.46	120	300.8	184	300.8	398	6100	700	6100	1435	16.5	10000             
-1544		5709.5			0	1028.59	0	1028.59	0.89	1028.59	2.98	1028.59	34.3	1973.46	115	300.8	165.7	300.8	350	6100	710	6100	1322	16.5	10000             
-839		7049			0	1028.59	0	1028.59	0	1028.59	2.65	1028.59	37.9	1973.46	140	300.8	179	300.8	400	6100	569	6100	1369	16.5	10000             
-469		4997.75			0	1028.59	0	1028.59	0.4	1028.59	4	1028.59	44	1973.46	120	300.8	184	300.8	398	6100	700	6100	1435	16.5	10000             
-839		7049			0	1028.59	0	1028.59	0	1028.59	2.65	1028.59	37.9	1973.46	140	300.8	179	300.8	400	6100	569	6100	1369	16.5	10000             
171		6285.5			0	1028.59	0	1028.59	0	1028.59	3.2	1028.59	37	1973.46	120	300.8	173	300.8	425	6100	655	6100	1477	16.5	10000             
171		6285.5			0	1028.59	0	1028.59	0	1028.59	3.2	1028.59	37	1973.46	120	300.8	173	300.8	425	6100	655	6100	1477	16.5	10000             
-839		7049			0	1028.59	0	1028.59	0	1028.59	2.65	1028.59	37.9	1973.46	140	300.8	179	300.8	400	6100	569	6100	1369	16.5	10000             
-296.5		8159.5			0	1028.59	0	1028.59	0	1028.59	1.6	1028.59	43.95	1973.46	120	300.8	160.5	300.8	365	6100	551	6100	1331	16.5	10000             
171		6285.5			0	1028.59	0	1028.59	0	1028.59	3.2	1028.59	37	1973.46	120	300.8	173	300.8	425	6100	655	6100	1477	16.5	10000             
-296.5		8159.5			0	1028.59	0	1028.59	0	1028.59	1.6	1028.59	43.95	1973.46	120	300.8	160.5	300.8	365	6100	551	6100	1331	16.5	10000             
645.25		7287.5			0	1028.59	0	1028.59	0	1028.59	2.8	1028.59	41	1973.46	110	300.8	169	300.8	408	6100	630	6100	1450	16.5	10000             
645.25		7287.5			0	250	0	250	0	250	2.8	250	41	2163.49	110	227.52	169	227.52	408	6100	630	6100	1450	16	2000              
-296.5		8159.5			0	250	0	250	0	250	1.6	250	43.95	2163.49	120	227.52	160.5	227.52	365	6100	551	6100	1331	16	2000              
246		9270			0	250	0	250	0	250	0.56	250	50	2163.49	100	227.52	142	227.52	330	6100	532	6100	1292	16	2000              
645.25		7287.5			0	250	0	250	0	250	2.8	250	41	2163.49	110	227.52	169	227.52	408	6100	630	6100	1450	16	2000              
246		9270			0	250	0	250	0	250	0.56	250	50	2163.49	100	227.52	142	227.52	330	6100	532	6100	1292	16	2000              
1119.5		8289.5			0	250	0	250	0	250	2	250	44	2163.49	100	227.52	166	227.52	390	6100	605	6100	1421	16	2000              
1119.5		8289.5			0	250	0	250	0	250	2	250	44	2163.49	100	227.52	166	227.52	390	6100	605	6100	1421	16	2000              
246		9270			0	250	0	250	0	250	0.56	250	50	2163.49	100	227.52	142	227.52	330	6100	532	6100	1292	16	2000              
788.5		10380.5			0	250	0	250	0	250	0.56	250	50	2163.49	100	227.52	142	227.52	330	6100	532	6100	1292	16	2000              
1119.5		8289.5			0	250	0	250	0	250	2	250	44	2163.49	100	227.52	166	227.52	390	6100	605	6100	1421	16	2000              
788.5		10380.5			0	250	0	250	0	250	0.56	250	50	2163.49	100	227.52	142	227.52	330	6100	532	6100	1292	16	2000              
1593.75		9291.5			0	250	0	250	0	250	2	250	44	2163.49	100	227.52	166	227.52	390	6100	605	6100	1421	16	2000              
1593.75		9291.5			0	250	0	250	0	250	2	250	44	2163.49	100	227.52	166	227.52	390	6100	605	6100	1421	16	2000              
788.5		10380.5			0	250	0	250	0	250	0.56	250	50	2163.49	100	227.52	142	227.52	330	6100	532	6100	1292	16	2000              
1331		11491			0	250	0	250	0	250	0.56	250	50	2163.49	100	227.52	142	227.52	330	6100	532	6100	1292	16	2000              
1593.75		9291.5			0	250	0	250	0	250	2	250	44	2163.49	100	227.52	166	227.52	390	6100	605	6100	1421	16	2000              
1331		11491			0	250	0	250	0	250	0.56	250	50	2163.49	100	227.52	142	227.52	330	6100	532	6100	1292	16	2000              
2068		10293.5			0	250	0	250	0	250	2	250	44	2163.49	100	227.52	166	227.52	390	6100	605	6100	1421	16	2000              
2068		10293.5			0	250	0	250	0	250	2	250	44	2163.49	100	227.52	166	227.52	390	6100	605	6100	1421	16	2000              
1331		11491			0	250	0	250	0	250	0.56	250	50	2163.49	100	227.52	142	227.52	330	6100	532	6100	1292	16	2000              
36873.5		62601.5			0	250	0	250	0	250	0.56	250	50	2163.49	100	227.52	142	227.52	330	6100	532	6100	1292	16	2000              
2068		10293.5			0	250	0	250	0	250	2	250	44	2163.49	100	227.52	166	227.52	390	6100	605	6100	1421	16	2000              
36873.5		62601.5			0	250	0	250	0	250	0.56	250	50	2163.49	100	227.52	142	227.52	330	6100	532	6100	1292	16	2000              
62542.25	61295.5			0	250	0	250	0	250	2	250	44	2163.49	100	227.52	166	227.52	390	6100	605	6100	1421	16	2000              
        6sl                             
-46250   	-40721			0	1000	0	1000	3	1000	13	200	93	210	143	5000	363	1950	600	14.5	900	14.5	1263	14.5	1000              
-46425   	-48736			0	1000	0	1000	3.5	1000	17	200	45	210	145	5000	327	1950	575	14.5	871	14.5	1368	14.5	1000              
-5799.75	-7247.25		0	1000	0	1000	3.5	1000	17	200	45	210	145	5000	327	1950	575	14.5	871	14.5	1368	14.5	1000              
-46250   	-40721			0	1000	0	1000	3	1000	13	200	93	210	143	5000	363	1950	600	14.5	900	14.5	1263	14.5	1000              
-5799.75	-7247.25		0	1000	0	1000	3.5	1000	17	200	45	210	145	5000	327	1950	575	14.5	871	14.5	1368	14.5	1000              
-5438.5 	-8923.5			0	1000	0	1000	3	1000	13	200	93	210	143	5000	363	1950	600	14.5	900	14.5	1263	14.5	1000              
-5438.5 	-8923.5			0	1000	0	1000	3	1000	13	200	93	210	143	5000	363	1950	600	14.5	900	14.5	1263	14.5	1000              
-5799.75	-7247.25		0	1000	0	1000	3.5	1000	17	200	45	210	145	5000	327	1950	575	14.5	871	14.5	1368	14.5	1000              
-5174.5 	-5758.5			0	1000	0	1000	3.5	1000	17	200	45	210	145	5000	327	1950	575	14.5	871	14.5	1368	14.5	1000              
-5438.5 	-8923.5			0	1000	0	1000	3	1000	13	200	93	210	143	5000	363	1950	600	14.5	900	14.5	1263	14.5	1000              
-5174.5 	-5758.5			0	1000	0	1000	3.5	1000	17	200	45	210	145	5000	327	1950	575	14.5	871	14.5	1368	14.5	1000              
-4627   	-7126			0	1000	0	1000	3	1000	13	200	93	210	143	5000	363	1950	600	14.5	900	14.5	1263	14.5	1000              
-4627   	-7126			0	1000	0	1000	3	1000	13	200	93	210	143	5000	363	1950	600	14.5	900	14.5	1263	14.5	1000              
-5174.5 	-5758.5			0	1000	0	1000	3.5	1000	17	200	45	210	145	5000	327	1950	575	14.5	871	14.5	1368	14.5	1000              
-4549.25	-4269.75		0	1000	0	1000	6.2	1000	14.5	200	155	210	704	5000	569	1950	842	14.5	1139	14.5	1555	14.5	1000              
-4627   	-7126			0	1000	0	1000	3	1000	13	200	93	210	143	5000	363	1950	600	14.5	900	14.5	1263	14.5	1000              
-4549.25	-4269.75		0	1000	0	1000	6.2	1000	14.5	200	155	210	704	5000	569	1950	842	14.5	1139	14.5	1555	14.5	1000              
-3815.5 	-5328.5			0	1000	0	1000	1.5	1000	7	200	156	210	372	5000	630	1950	900	14.5	1200	14.5	1530	14.5	1000              
-3815.5 	-5328.5			0	20	0	20	1.5	20	7	20	156	1659.97	372	1258.12	630	1258.12	900	19	1200	19	1530	19	650               
-4549.25	-4269.75		0	20	0	20	6.2	20	14.5	20	155	1659.97	704	1258.12	569	1258.12	842	19	1139	19	1555	19	650               
-3924   	-2781			0	20	0	20	8	20	11	20	50	1659.97	272	1258.12	588	1258.12	881	19	1182	19	1542	19	650               
-3815.5 	-5328.5			0	20	0	20	1.5	20	7	20	156	1659.97	372	1258.12	630	1258.12	900	19	1200	19	1530	19	650               
-3924   	-2781			0	20	0	20	8	20	11	20	50	1659.97	272	1258.12	588	1258.12	881	19	1182	19	1542	19	650               
-3004   	-3531			0	20	0	20	0	20	1	20	219	1659.97	600	1258.12	896	1258.12	1200	19	1500	19	1796	19	650               
-3004   	-3531			0	20	0	20	0	20	1	20	219	1659.97	600	1258.12	896	1258.12	1200	19	1500	19	1796	19	650               
-3924   	-2781			0	20	0	20	8	20	11	20	50	1659.97	272	1258.12	588	1258.12	881	19	1182	19	1542	19	650               
-3445.75	-1613			0	20	0	20	10	20	13	20	63	1659.97	296	1258.12	630	1258.12	946	19	1225	19	1505	19	650               
-3004   	-3531			0	20	0	20	0	20	1	20	219	1659.97	600	1258.12	896	1258.12	1200	19	1500	19	1796	19	650               
-3445.75	-1613			0	20	0	20	10	20	13	20	63	1659.97	296	1258.12	630	1258.12	946	19	1225	19	1505	19	650               
-2486.5 	-2375			0	20	0	20	0	20	1	20	203	1659.97	600	1258.12	928	1258.12	1200	19	1500	19	1843	19	650               
-2486.5 	-2375			0	8	0	8	0	8	1	8	203	2020	600	664	928	664	1200	21	1500	21	1843	21	500               
-3445.75	-1613			0	8	0	8	10	8	13	8	63	2020	296	664	630	664	946	21	1225	21	1505	21	500               
-2967.5 	-445			0	8	0	8	0	8	3.8	8	114	2020	375	664	616	664	825	21	1061	21	1656	21	500               
-2486.5 	-2375			0	8	0	8	0	8	1	8	203	2020	600	664	928	664	1200	21	1500	21	1843	21	500               
-2967.5 	-445			0	8	0	8	0	8	3.8	8	114	2020	375	664	616	664	825	21	1061	21	1656	21	500               
-1969   	-1219			0	8	0	8	0	8	1	8	187	2020	600	664	960	664	1200	21	1500	21	1890	21	500               
-1969   	-1219			0	8	0	8	0	8	1	8	187	2020	600	664	960	664	1200	21	1500	21	1890	21	500               
-2967.5 	-445			0	8	0	8	0	8	3.8	8	114	2020	375	664	616	664	825	21	1061	21	1656	21	500               
-2468.75	717.75			0	8	0	8	1.5	8	11.6	8	81	2020	303	664	521	664	754	21	1030	21	1468	21	500               
-1969   	-1219			0	8	0	8	0	8	1	8	187	2020	600	664	960	664	1200	21	1500	21	1890	21	500               
-2468.75	717.75			0	8	0	8	1.5	8	11.6	8	81	2020	303	664	521	664	754	21	1030	21	1468	21	500               
-1410.5 	-73.5			0	8	0	8	2	8	7.5	8	129	2020	415	664	686	664	925	21	1200	21	1587	21	500               
-1410.5 	-73.5			0	791	0	791	2	791	7.5	1686	129	103.66	415	2855.26	686	2855.26	925	13.4	1200	13.4	1587	13.4	97891.16          
-2468.75	717.75			0	791	0	791	1.5	791	11.6	1686	81	103.66	303	2855.26	521	2855.26	754	13.4	1030	13.4	1468	13.4	97891.16          
-1970   	1880.5			0	791	0	791	2.7	791	16	1686	48	103.66	155	2855.26	288	2855.26	458	13.4	688	13.4	1279	13.4	97891.16          
-1410.5 	-73.5			0	791	0	791	2	791	7.5	1686	129	103.66	415	2855.26	686	2855.26	925	13.4	1200	13.4	1587	13.4	97891.16          
-1970   	1880.5			0	791	0	791	2.7	791	16	1686	48	103.66	155	2855.26	288	2855.26	458	13.4	688	13.4	1279	13.4	97891.16          
-852    	1072			0	791	0	791	4	791	14	1686	71	103.66	230	2855.26	411	2855.26	650	13.4	900	13.4	1283	13.4	97891.16          
-852    	1072			0	791	0	791	4	791	14	1686	71	103.66	230	2855.26	411	2855.26	650	13.4	900	13.4	1283	13.4	97891.16          
-1970   	1880.5			0	791	0	791	2.7	791	16	1686	48	103.66	155	2855.26	288	2855.26	458	13.4	688	13.4	1279	13.4	97891.16          
-1539.5 	2795.25			0	791	0	791	1.8	791	10	1686	45	103.66	138	2855.26	241	2855.26	414	13.4	610	13.4	1336	13.4	97891.16          
-852    	1072			0	791	0	791	4	791	14	1686	71	103.66	230	2855.26	411	2855.26	650	13.4	900	13.4	1283	13.4	97891.16          
-1539.5 	2795.25			0	791	0	791	1.8	791	10	1686	45	103.66	138	2855.26	241	2855.26	414	13.4	610	13.4	1336	13.4	97891.16          
-410.5  	2061			0	791	0	791	2	791	10	1686	70	103.66	190	2855.26	325	2855.26	545	13.4	770	13.4	1397	13.4	97891.16          
-410.5  	2061			0	3610.4	0	3610.4	2	3610.4	10	3610.4	70	1630.93	190	500	325	500	545	2700	770	5700	1397	14	97891.16          
-1539.5 	2795.25			0	3610.4	0	3610.4	1.8	3610.4	10	3610.4	45	1630.93	138	500	241	500	414	2700	610	5700	1336	14	97891.16          
-1109   	3710			0	3610.4	0	3610.4	0.8	3610.4	4.8	3610.4	42	1630.93	120	500	195	500	370	2700	532	5700	1393	14	97891.16          
-410.5  	2061			0	3610.4	0	3610.4	2	3610.4	10	3610.4	70	1630.93	190	500	325	500	545	2700	770	5700	1397	14	97891.16          
-1109   	3710			0	3610.4	0	3610.4	0.8	3610.4	4.8	3610.4	42	1630.93	120	500	195	500	370	2700	532	5700	1393	14	97891.16          
31      	3050			0	3610.4	0	3610.4	0	3610.4	6.25	3610.4	68.6	1630.93	150	500	238.5	500	439	2700	639	5700	1511	14	97891.16          
31		3050			0	3610.4	0	3610.4	0	3610.4	6.25	3610.4	68.6	1630.93	150	500	238.5	500	439	2700	639	5700	1511	14	97891.16          
-1109		3710			0	3610.4	0	3610.4	0.8	3610.4	4.8	3610.4	42	1630.93	120	500	195	500	370	2700	532	5700	1393	14	97891.16          
-469		4997.75			0	3610.4	0	3610.4	0.4	3610.4	4	3610.4	44	1630.93	120	500	184	500	398	2700	700	5700	1435	14	97891.16          
31		3050			0	3610.4	0	3610.4	0	3610.4	6.25	3610.4	68.6	1630.93	150	500	238.5	500	439	2700	639	5700	1511	14	97891.16          
-469		4997.75			0	3610.4	0	3610.4	0.4	3610.4	4	3610.4	44	1630.93	120	500	184	500	398	2700	700	5700	1435	14	97891.16          
606		4286			0	3610.4	0	3610.4	0	3610.4	5	3610.4	52.8	1630.93	125	500	202	500	445	2700	690	5700	1548	14	97891.16          
606		4286			0	1683	0	1683	0	1683	5	1683	52.8	2977.18	125	508.51	202	508.51	445	3343.54	690	3343.54	1548	18.75	20000             
-469		4997.75			0	1683	0	1683	0.4	1683	4	1683	44	2977.18	120	508.51	184	508.51	398	3343.54	700	3343.54	1435	18.75	20000             
171		6285.5			0	1683	0	1683	0	1683	3.2	1683	37	2977.18	120	508.51	173	508.51	425	3343.54	655	3343.54	1477	18.75	20000             
606		4286			0	1683	0	1683	0	1683	5	1683	52.8	2977.18	125	508.51	202	508.51	445	3343.54	690	3343.54	1548	18.75	20000             
171		6285.5			0	1683	0	1683	0	1683	3.2	1683	37	2977.18	120	508.51	173	508.51	425	3343.54	655	3343.54	1477	18.75	20000             
1181		5522			0	1683	0	1683	0	1683	4	1683	37	2977.18	100	508.51	166	508.51	450	3343.54	741	3343.54	1584	18.75	20000             
1181		5522			0	1683	0	1683	0	1683	4	1683	37	2977.18	100	508.51	166	508.51	450	3343.54	741	3343.54	1584	18.75	20000             
171		6285.5			0	1683	0	1683	0	1683	3.2	1683	37	2977.18	120	508.51	173	508.51	425	3343.54	655	3343.54	1477	18.75	20000             
645.25		7287.5			0	1683	0	1683	0	1683	2.8	1683	41	2977.18	110	508.51	169	508.51	408	3343.54	630	3343.54	1450	18.75	20000             
1181		5522			0	1683	0	1683	0	1683	4	1683	37	2977.18	100	508.51	166	508.51	450	3343.54	741	3343.54	1584	18.75	20000             
645.25		7287.5			0	1683	0	1683	0	1683	2.8	1683	41	2977.18	110	508.51	169	508.51	408	3343.54	630	3343.54	1450	18.75	20000             
1587		6415.5			0	1683	0	1683	0	1683	4	1683	37	2977.18	100	508.51	177.5	508.51	450	3343.54	709	3343.54	1567	18.75	20000             
1587		6415.5			0	1600	0	1600	0	1600	4	1600	37	2964.68	100	509.7	177.5	509.7	450	4036.45	709	4036.45	1567	18.82	5866.92           
645.25		7287.5			0	1600	0	1600	0	1600	2.8	1600	41	2964.68	110	509.7	169	509.7	408	4036.45	630	4036.45	1450	18.82	5866.92           
1119.5		8289.5			0	1600	0	1600	0	1600	2	1600	44	2964.68	100	509.7	166	509.7	390	4036.45	605	4036.45	1421	18.82	5866.92           
1587		6415.5			0	1600	0	1600	0	1600	4	1600	37	2964.68	100	509.7	177.5	509.7	450	4036.45	709	4036.45	1567	18.82	5866.92           
1119.5		8289.5			0	1600	0	1600	0	1600	2	1600	44	2964.68	100	509.7	166	509.7	390	4036.45	605	4036.45	1421	18.82	5866.92           
1993		7309			0	1600	0	1600	0	1600	4	1600	37	2964.68	100	509.7	189	509.7	450	4036.45	677	4036.45	1549	18.82	5866.92           
1993		7309			0	1600	0	1600	0	1600	4	1600	37	2964.68	100	509.7	189	509.7	450	4036.45	677	4036.45	1549	18.82	5866.92           
1119.5		8289.5			0	1600	0	1600	0	1600	2	1600	44	2964.68	100	509.7	166	509.7	390	4036.45	605	4036.45	1421	18.82	5866.92           
1593.75		9291.5			0	1600	0	1600	0	1600	2	1600	44	2964.68	100	509.7	166	509.7	390	4036.45	605	4036.45	1421	18.82	5866.92           
1993		7309			0	1600	0	1600	0	1600	4	1600	37	2964.68	100	509.7	189	509.7	450	4036.45	677	4036.45	1549	18.82	5866.92           
1593.75		9291.5			0	1600	0	1600	0	1600	2	1600	44	2964.68	100	509.7	166	509.7	390	4036.45	605	4036.45	1421	18.82	5866.92           
2399		8202.5			0	1600	0	1600	0	1600	4	1600	37	2964.68	100	509.7	189	509.7	450	4036.45	677	4036.45	1549	18.82	5866.92           
2399		8202.5			0	1600	0	1600	0	1600	4	1600	37	2964.68	100	509.7	189	509.7	450	4036.45	677	4036.45	1549	18.82	5866.92           
1593.75		9291.5			0	1600	0	1600	0	1600	2	1600	44	2964.68	100	509.7	166	509.7	390	4036.45	605	4036.45	1421	18.82	5866.92           
2068		10293.5			0	1600	0	1600	0	1600	2	1600	44	2964.68	100	509.7	166	509.7	390	4036.45	605	4036.45	1421	18.82	5866.92           
2399		8202.5			0	1600	0	1600	0	1600	4	1600	37	2964.68	100	509.7	189	509.7	450	4036.45	677	4036.45	1549	18.82	5866.92           
2068		10293.5			0	1600	0	1600	0	1600	2	1600	44	2964.68	100	509.7	166	509.7	390	4036.45	605	4036.45	1421	18.82	5866.92           
2805		9096			0	1600	0	1600	0	1600	4	1600	37	2964.68	100	509.7	189	509.7	450	4036.45	677	4036.45	1549	18.82	5866.92           
2805		9096			0	1600	0	1600	0	1600	4	1600	37	2964.68	100	509.7	189	509.7	450	4036.45	677	4036.45	1549	18.82	5866.92           
2068		10293.5			0	1600	0	1600	0	1600	2	1600	44	2964.68	100	509.7	166	509.7	390	4036.45	605	4036.45	1421	18.82	5866.92           
62542.25	61295.5			0	1600	0	1600	0	1600	2	1600	44	2964.68	100	509.7	166	509.7	390	4036.45	605	4036.45	1421	18.82	5866.92           
2805		9096			0	1600	0	1600	0	1600	4	1600	37	2964.68	100	509.7	189	509.7	450	4036.45	677	4036.45	1549	18.82	5866.92           
62542.25	61295.5			0	1600	0	1600	0	1600	2	1600	44	2964.68	100	509.7	166	509.7	390	4036.45	605	4036.45	1421	18.82	5866.92           
63211		69989.5			0	1600	0	1600	0	1600	4	1600	37	2964.68	100	509.7	189	509.7	450	4036.45	677	4036.45	1549	18.82	5866.92           
        7sl	                                                                                                                                                                                                       
-45081		-41321.2		0	1000	0	1000	3.5	1000	60	200	122	210	245	5000	437	1950	650	14.5	925	14.5	1278	14.5	1000              
-46250		-40721			0	1000	0	1000	3	1000	13	200	93	210	143	5000	363	1950	600	14.5	900	14.5	1263	14.5	1000              
-5438.5		-8923.5			0	1000	0	1000	3	1000	13	200	93	210	143	5000	363	1950	600	14.5	900	14.5	1263	14.5	1000              
-45081		-41321.2		0	1000	0	1000	3.5	1000	60	200	122	210	245	5000	437	1950	650	14.5	925	14.5	1278	14.5	1000              
-5438.5		-8923.5			0	1000	0	1000	3	1000	13	200	93	210	143	5000	363	1950	600	14.5	900	14.5	1263	14.5	1000              
-4363.25	-9731.85		0	1000	0	1000	3.5	1000	60	200	122	210	245	5000	437	1950	650	14.5	925	14.5	1278	14.5	1000              
-4363.25	-9731.85		0	1000	0	1000	3.5	1000	60	200	122	210	245	5000	437	1950	650	14.5	925	14.5	1278	14.5	1000              
-5438.5		-8923.5			0	1000	0	1000	3	1000	13	200	93	210	143	5000	363	1950	600	14.5	900	14.5	1263	14.5	1000              
-4627		-7126			0	1000	0	1000	3	1000	13	200	93	210	143	5000	363	1950	600	14.5	900	14.5	1263	14.5	1000              
-4363.25	-9731.85		0	1000	0	1000	3.5	1000	60	200	122	210	245	5000	437	1950	650	14.5	925	14.5	1278	14.5	1000              
-4627   	-7126			0	1000	0	1000	3	1000	13	200	93	210	143	5000	363	1950	600	14.5	900	14.5	1263	14.5	1000              
-3645.5  	-8142.5			0	1000	0	1000	3.5	1000	60	200	122	210	245	5000	437	1950	650	14.5	925	14.5	1278	14.5	1000              
-3645.5 	-8142.5			0	1000	0	1000	3.5	1000	60	200	122	210	245	5000	437	1950	650	14.5	925	14.5	1278	14.5	1000              
-4627   	-7126			0	1000	0	1000	3	1000	13	200	93	210	143	5000	363	1950	600	14.5	900	14.5	1263	14.5	1000              
-3815.5 	-5328.5			0	1000	0	1000	1.5	1000	7	200	156	210	372	5000	630	1950	900	14.5	1200	14.5	1530	14.5	1000              
-3645.5 	-8142.5			0	1000	0	1000	3.5	1000	60	200	122	210	245	5000	437	1950	650	14.5	925	14.5	1278	14.5	1000              
-3815.5 	-5328.5			0	1000	0	1000	1.5	1000	7	200	156	210	372	5000	630	1950	900	14.5	1200	14.5	1530	14.5	1000              
-2927.75	-6553.15		0	1000	0	1000	2.2	1000	55	200	170	210	417	5000	637	1950	875	14.5	1150	14.5	1478	14.5	1000              
-2927.75	-6553.15		0	20	0	20	2.2	20	55	20	170	1659.97	417	1258.12	637	1258.12	875	19	1150	19	1478	19	650               
-3815.5 	-5328.5			0	20	0	20	1.5	20	7	20	156	1659.97	372	1258.12	630	1258.12	900	19	1200	19	1530	19	650               
-3004   	-3531			0	20	0	20	0	20	1	20	219	1659.97	600	1258.12	896	1258.12	1200	19	1500	19	1796	19	650               
-2927.75	-6553.15		0	20	0	20	2.2	20	55	20	170	1659.97	417	1258.12	637	1258.12	875	19	1150	19	1478	19	650               
-3004   	-3531			0	20	0	20	0	20	1	20	219	1659.97	600	1258.12	896	1258.12	1200	19	1500	19	1796	19	650               
-2210   	-4963.8			0	20	0	20	1	20	25	20	59	1659.97	303	1258.12	627	1258.12	872	19	1150	19	1500	19	650               
-2210   	-4963.8			0	20	0	20	1	20	25	20	59	1659.97	303	1258.12	627	1258.12	872	19	1150	19	1500	19	650               
-3004   	-3531			0	20	0	20	0	20	1	20	219	1659.97	600	1258.12	896	1258.12	1200	19	1500	19	1796	19	650               
-2486.5 	-2375			0	20	0	20	0	20	1	20	203	1659.97	600	1258.12	928	1258.12	1200	19	1500	19	1843	19	650               
-2210   	-4963.8			0	20	0	20	1	20	25	20	59	1659.97	303	1258.12	627	1258.12	872	19	1150	19	1500	19	650               
-2486.5 	-2375			0	20	0	20	0	20	1	20	203	1659.97	600	1258.12	928	1258.12	1200	19	1500	19	1843	19	650               
-1639.25	-3695.2			0	20	0	20	0.6	20	1.2	20	64	1659.97	293	1258.12	639	1258.12	896	19	1150	19	1499	19	650               
-1639.25	-3695.2			0	8	0	8	0.6	8	1.2	8	64	2020	293	664	639	664	896	21	1150	21	1499	21	500               
-2486.5 	-2375			0	8	0	8	0	8	1	8	203	2020	600	664	928	664	1200	21	1500	21	1843	21	500               
-1969   	-1219			0	8	0	8	0	8	1	8	187	2020	600	664	960	664	1200	21	1500	21	1890	21	500               
-1639.25	-3695.2			0	8	0	8	0.6	8	1.2	8	64	2020	293	664	639	664	896	21	1150	21	1499	21	500               
-1969   	-1219			0	8	0	8	0	8	1	8	187	2020	600	664	960	664	1200	21	1500	21	1890	21	500               
-1068.5 	-2426.6			0	8	0	8	0.6	8	5.5	8	183	2020	582	664	926	664	1150	21	1450	21	1866	21	500               
-1068.5 	-2426.6			0	8	0	8	0.6	8	5.5	8	183	2020	582	664	926	664	1150	21	1450	21	1866	21	500               
-1969		-1219			0	8	0	8	0	8	1	8	187	2020	600	664	960	664	1200	21	1500	21	1890	21	500               
-1410.5		-73.5			0	8	0	8	2	8	7.5	8	129	2020	415	664	686	664	925	21	1200	21	1587	21	500               
-1068.5		-2426.6			0	8	0	8	0.6	8	5.5	8	183	2020	582	664	926	664	1150	21	1450	21	1866	21	500               
-1410.5		-73.5			0	8	0	8	2	8	7.5	8	129	2020	415	664	686	664	925	21	1200	21	1587	21	500               
-477.25		-1163.25		0	8	0	8	1.7	8	6.7	8	157	2020	350	664	550	664	813	21	1100	21	1486	21	500               
-477.25		-1163.25		0	791	0	791	1.7	791	6.7	1686	157	103.66	350	2855.26	550	2855.26	813	13.4	1100	13.4	1486	13.4	97891.16          
-1410.5		-73.5			0	791	0	791	2	791	7.5	1686	129	103.66	415	2855.26	686	2855.26	925	13.4	1200	13.4	1587	13.4	97891.16          
-852		1072			0	791	0	791	4	791	14	1686	71	103.66	230	2855.26	411	2855.26	650	13.4	900	13.4	1283	13.4	97891.16          
-477.25		-1163.25		0	791	0	791	1.7	791	6.7	1686	157	103.66	350	2855.26	550	2855.26	813	13.4	1100	13.4	1486	13.4	97891.16          
-852		1072			0	791	0	791	4	791	14	1686	71	103.66	230	2855.26	411	2855.26	650	13.4	900	13.4	1283	13.4	97891.16          
0		0			0	791	0	791	3	791	18.3	1686	127	103.66	259	2855.26	439	2855.26	713	13.4	975	13.4	1355	13.4	97891.16          
0		0			0	791	0	791	3	791	18.3	1686	127	103.66	259	2855.26	439	2855.26	713	13.4	975	13.4	1355	13.4	97891.16          
-852		1072			0	791	0	791	4	791	14	1686	71	103.66	230	2855.26	411	2855.26	650	13.4	900	13.4	1283	13.4	97891.16          
-410.5		2061			0	791	0	791	2	791	10	1686	70	103.66	190	2855.26	325	2855.26	545	13.4	770	13.4	1397	13.4	97891.16          
0		0			0	791	0	791	3	791	18.3	1686	127	103.66	259	2855.26	439	2855.26	713	13.4	975	13.4	1355	13.4	97891.16          
-410.5		2061			0	791	0	791	2	791	10	1686	70	103.66	190	2855.26	325	2855.26	545	13.4	770	13.4	1397	13.4	97891.16          
542.75		1055			0	791	0	791	2.6	791	24.6	1686	124	103.66	240	2855.26	422	2855.26	698	13.4	935	13.4	1423	13.4	97891.16          
542.75		1055			0	3610.4	0	3610.4	2.6	3610.4	24.6	3610.4	124	1630.93	240	500	422	500	698	2700	935	5700	1423	14	97891.16          
-410.5		2061			0	3610.4	0	3610.4	2	3610.4	10	3610.4	70	1630.93	190	500	325	500	545	2700	770	5700	1397	14	97891.16          
31		3050			0	3610.4	0	3610.4	0	3610.4	6.25	3610.4	68.6	1630.93	150	500	238.5	500	439	2700	639	5700	1511	14	97891.16          
542.75		1055			0	3610.4	0	3610.4	2.6	3610.4	24.6	3610.4	124	1630.93	240	500	422	500	698	2700	935	5700	1423	14	97891.16          
31		3050			0	3610.4	0	3610.4	0	3610.4	6.25	3610.4	68.6	1630.93	150	500	238.5	500	439	2700	639	5700	1511	14	97891.16          
1016.5		2107.5			0	3610.4	0	3610.4	1.5	3610.4	22.8	3610.4	126	1630.93	260	500	422	500	682	2700	920	5700	1541	14	97891.16          
1016.5		2107.5			0	3610.4	0	3610.4	1.5	3610.4	22.8	3610.4	126	1630.93	260	500	422	500	682	2700	920	5700	1541	14	97891.16          
31		3050			0	3610.4	0	3610.4	0	3610.4	6.25	3610.4	68.6	1630.93	150	500	238.5	500	439	2700	639	5700	1511	14	97891.16          
606		 4286			0	3610.4	0	3610.4	0	3610.4	5	3610.4	52.8	1630.93	125	500	202	500	445	2700	690	5700	1548	14	97891.16          
1016.5		2107.5			0	3610.4	0	3610.4	1.5	3610.4	22.8	3610.4	126	1630.93	260	500	422	500	682	2700	920	5700	1541	14	97891.16          
606		4286			0	3610.4	0	3610.4	0	3610.4	5	3610.4	52.8	1630.93	125	500	202	500	445	2700	690	5700	1548	14	97891.16          
1609.5		3307.5			0	3610.4	0	3610.4	1.6	3610.4	22	3610.4	121	1630.93	288	500	448	500	723	2700	995	5700	1621	14	97891.16          
1609.5		3307.5			0	1683	0	1683	1.6	1683	22	1683	121	2977.18	288	508.51	448	508.51	723	3343.54	995	3343.54	1621	18.75	20000             
606		4286			0	1683	0	1683	0	1683	5	1683	52.8	2977.18	125	508.51	202	508.51	445	3343.54	690	3343.54	1548	18.75	20000             
1181		5522			0	1683	0	1683	0	1683	4	1683	37	2977.18	100	508.51	166	508.51	450	3343.54	741	3343.54	1584	18.75	20000             
1609.5		3307.5			0	1683	0	1683	1.6	1683	22	1683	121	2977.18	288	508.51	448	508.51	723	3343.54	995	3343.54	1621	18.75	20000             
1181		5522			0	1683	0	1683	0	1683	4	1683	37	2977.18	100	508.51	166	508.51	450	3343.54	741	3343.54	1584	18.75	20000             
2103		4430			0	1683	0	1683	2	1683	28	1683	121	2977.18	288	508.51	474	508.51	775	3343.54	1071	3343.54	1691	18.75	20000             
2103		4430			0	1683	0	1683	2	1683	28	1683	121	2977.18	288	508.51	474	508.51	775	3343.54	1071	3343.54	1691	18.75	20000             
1181		5522			0	1683	0	1683	0	1683	4	1683	37	2977.18	100	508.51	166	508.51	450	3343.54	741	3343.54	1584	18.75	20000             
1587		6415.5			0	1683	0	1683	0	1683	4	1683	37	2977.18	100	508.51	177.5	508.51	450	3343.54	709	3343.54	1567	18.75	20000             
2103		4430			0	1683	0	1683	2	1683	28	1683	121	2977.18	288	508.51	474	508.51	775	3343.54	1071	3343.54	1691	18.75	20000             
1587		6415.5			0	1683	0	1683	0	1683	4	1683	37	2977.18	100	508.51	177.5	508.51	450	3343.54	709	3343.54	1567	18.75	20000             
2580		5342.25			0	1683	0	1683	2.3	1683	36.5	1683	128	2977.18	300	508.51	523	508.51	825	3343.54	1105	3343.54	1735	18.75	20000             
2580		5342.25			0	1600	0	1600	2.3	1600	36.5	1600	128	2964.68	300	509.7	523	509.7	825	4036.45	1105	4036.45	1735	18.82	5866.92           
1587		6415.5			0	1600	0	1600	0	1600	4	1600	37	2964.68	100	509.7	177.5	509.7	450	4036.45	709	4036.45	1567	18.82	5866.92           
1993		7309			0	1600	0	1600	0	1600	4	1600	37	2964.68	100	509.7	189	509.7	450	4036.45	677	4036.45	1549	18.82	5866.92           
2580		5342.25			0	1600	0	1600	2.3	1600	36.5	1600	128	2964.68	300	509.7	523	509.7	825	4036.45	1105	4036.45	1735	18.82	5866.92           
1993		7309			0	1600	0	1600	0	1600	4	1600	37	2964.68	100	509.7	189	509.7	450	4036.45	677	4036.45	1549	18.82	5866.92           
3084		6560			0	1600	0	1600	1.6	1600	30	1600	109	2964.68	275	509.7	461	509.7	738	4036.45	989	4036.45	1649	18.82	5866.92           
3084		6560			0	1600	0	1600	1.6	1600	30	1600	109	2964.68	275	509.7	461	509.7	738	4036.45	989	4036.45	1649	18.82	5866.92           
1993		7309			0	1600	0	1600	0	1600	4	1600	37	2964.68	100	509.7	189	509.7	450	4036.45	677	4036.45	1549	18.82	5866.92           
2399		8202.5			0	1600	0	1600	0	1600	4	1600	37	2964.68	100	509.7	189	509.7	450	4036.45	677	4036.45	1549	18.82	5866.92           
3084		6560			0	1600	0	1600	1.6	1600	30	1600	109	2964.68	275	509.7	461	509.7	738	4036.45	989	4036.45	1649	18.82	5866.92           
2399		8202.5			0	1600	0	1600	0	1600	4	1600	37	2964.68	100	509.7	189	509.7	450	4036.45	677	4036.45	1549	18.82	5866.92           
3545		7381.75			0	1600	0	1600	1	1600	23	1600	90	2964.68	250	509.7	392	509.7	650	4036.45	889	4036.45	1572	18.82	5866.92           
3545		7381.75			0	1600	0	1600	1	1600	23	1600	90	2964.68	250	509.7	392	509.7	650	4036.45	889	4036.45	1572	18.82	5866.92           
2399		8202.5			0	1600	0	1600	0	1600	4	1600	37	2964.68	100	509.7	189	509.7	450	4036.45	677	4036.45	1549	18.82	5866.92           
2805		9096			0	1600	0	1600	0	1600	4	1600	37	2964.68	100	509.7	189	509.7	450	4036.45	677	4036.45	1549	18.82	5866.92           
3545		7381.75			0	1600	0	1600	1	1600	23	1600	90	2964.68	250	509.7	392	509.7	650	4036.45	889	4036.45	1572	18.82	5866.92           
2805		9096			0	1600	0	1600	0	1600	4	1600	37	2964.68	100	509.7	189	509.7	450	4036.45	677	4036.45	1549	18.82	5866.92           
3934.333333	8210.5			0	1600	0	1600	1	1600	23	1600	90	2964.68	250	509.7	392	509.7	650	4036.45	889	4036.45	1572	18.82	5866.92           
3934.333333	8210.5			0	1600	0	1600	1	1600	23	1600	90	2964.68	250	509.7	392	509.7	650	4036.45	889	4036.45	1572	18.82	5866.92           
2805    	9096			0	1600	0	1600	0	1600	4	1600	37	2964.68	100	509.7	189	509.7	450	4036.45	677	4036.45	1549	18.82	5866.92           
63211    	69989.5			0	1600	0	1600	0	1600	4	1600	37	2964.68	100	509.7	189	509.7	450	4036.45	677	4036.45	1549	18.82	5866.92           
3934.333333	8210.5			0	1600	0	1600	1	1600	23	1600	90	2964.68	250	509.7	392	509.7	650	4036.45	889	4036.45	1572	18.82	5866.92           
63211    	69989.5			0	1600	0	1600	0	1600	4	1600	37	2964.68	100	509.7	189	509.7	450	4036.45	677	4036.45	1549	18.82	5866.92           
64323.666667	69039.25		0	1600	0	1600	1	1600	23	1600	90	2964.68	250	509.7	392	509.7	650	4036.45	889	4036.45	1572	18.82	5866.92           
        8sl                                                                                                                                                                                                            
-63912   	-41921.4		0	167.00	0	167.00	4	167.00	106	11220.00	151	209.79	347	1695.00	511	1695.00	700	10.76	950	10.76	1292	10.76	870.00    
-45081   	-41321.2		0	167.00	0	167.00	3.5	167.00	60	11220.00	122	209.79	245	1695.00	437	1695.00	650	10.76	925	10.76	1278	10.76	870.00    
-4363.25	-9731.85		0	167.00	0	167.00	3.5	167.00	60	11220.00	122	209.79	245	1695.00	437	1695.00	650	10.76	925	10.76	1278	10.76	870.00    
-63912   	-41921.4		0	167.00	0	167.00	4	167.00	106	11220.00	151	209.79	347	1695.00	511	1695.00	700	10.76	950	10.76	1292	10.76	870.00    
-4363.25	-9731.85		0	167.00	0	167.00	3.5	167.00	60	11220.00	122	209.79	245	1695.00	437	1695.00	650	10.76	925	10.76	1278	10.76	870.00    
-3288   	-10540.2		0	167.00	0	167.00	4	167.00	106	11220.00	151	209.79	347	1695.00	511	1695.00	700	10.76	950	10.76	1292	10.76	870.00    
-3288   	-10540.2		0	167.00	0	167.00	4	167.00	106	11220.00	151	209.79	347	1695.00	511	1695.00	700	10.76	950	10.76	1292	10.76	870.00    
-4363.25	-9731.85		0	167.00	0	167.00	3.5	167.00	60	11220.00	122	209.79	245	1695.00	437	1695.00	650	10.76	925	10.76	1278	10.76	870.00    
-3645.5 	-8142.5			0	167.00	0	167.00	3.5	167.00	60	11220.00	122	209.79	245	1695.00	437	1695.00	650	10.76	925	10.76	1278	10.76	870.00    
-3288   	-10540.2		0	167.00	0	167.00	4	167.00	106	11220.00	151	209.79	347	1695.00	511	1695.00	700	10.76	950	10.76	1292	10.76	870.00    
-3645.5 	-8142.5			0	167.00	0	167.00	3.5	167.00	60	11220.00	122	209.79	245	1695.00	437	1695.00	650	10.76	925	10.76	1278	10.76	870.00    
-2664   	-9159			0	167.00	0	167.00	4	167.00	106	11220.00	151	209.79	347	1695.00	511	1695.00	700	10.76	950	10.76	1292	10.76	870.00    
-2664   	-9159			0	167.00	0	167.00	4	167.00	106	11220.00	151	209.79	347	1695.00	511	1695.00	700	10.76	950	10.76	1292	10.76	870.00    
-3645.5 	-8142.5			0	167.00	0	167.00	3.5	167.00	60	11220.00	122	209.79	245	1695.00	437	1695.00	650	10.76	925	10.76	1278	10.76	870.00    
-2927.75	-6553.15		0	167.00	0	167.00	2.2	167.00	55	11220.00	170	209.79	417	1695.00	637	1695.00	875	10.76	1150	10.76	1478	10.76	870.00    
-2664   	-9159			0	167.00	0	167.00	4	167.00	106	11220.00	151	209.79	347	1695.00	511	1695.00	700	10.76	950	10.76	1292	10.76	870.00    
-2927.75	-6553.15		0	167.00	0	167.00	2.2	167.00	55	11220.00	170	209.79	417	1695.00	637	1695.00	875	10.76	1150	10.76	1478	10.76	870.00    
-2040   	-7777.8			0	167.00	0	167.00	3	167.00	103	11220.00	183	209.79	461	1695.00	645	1695.00	850	10.76	1100	10.76	1426	10.76	870.00    
-2040   	-7777.8			0	167.00	0	167.00	3	167.00	103	11220.00	183	209.79	461	1695.00	645	1695.00	850	10.76	1100	10.76	1426	10.76	870.00    
-2927.75	-6553.15		0	167.00	0	167.00	2.2	167.00	55	11220.00	170	209.79	417	1695.00	637	1695.00	875	10.76	1150	10.76	1478	10.76	870.00    
-2210   	-4963.8			0	167.00	0	167.00	1	167.00	25	11220.00	59	209.79	303	1695.00	627	1695.00	872	10.76	1150	10.76	1500	10.76	870.00    
-2040   	-7777.8			0	167.00	0	167.00	3	167.00	103	11220.00	183	209.79	461	1695.00	645	1695.00	850	10.76	1100	10.76	1426	10.76	870.00    
-2210   	-4963.8			0	167.00	0	167.00	1	167.00	25	11220.00	59	209.79	303	1695.00	627	1695.00	872	10.76	1150	10.76	1500	10.76	870.00    
-1416   	-6396.6			0	167.00	0	167.00	2.1	167.00	50	11220.00	117	209.79	387	1695.00	654	1695.00	848	10.76	1100	10.76	1469	10.76	870.00    
-1416   	-6396.6			0	167.00	0	167.00	2.1	167.00	50	11220.00	117	209.79	387	1695.00	654	1695.00	848	10.76	1100	10.76	1469	10.76	870.00    
-2210   	-4963.8			0	167.00	0	167.00	1	167.00	25	11220.00	59	209.79	303	1695.00	627	1695.00	872	10.76	1150	10.76	1500	10.76	870.00    
-1639.25	-3695.2			0	167.00	0	167.00	0.6	167.00	1.2	11220.00	64	209.79	293	1695.00	639	1695.00	896	10.76	1150	10.76	1499	10.76	870.00    
-1416   	-6396.6			0	167.00	0	167.00	2.1	167.00	50	11220.00	117	209.79	387	1695.00	654	1695.00	848	10.76	1100	10.76	1469	10.76	870.00    
-1639.25	-3695.2			0	167.00	0	167.00	0.6	167.00	1.2	11220.00	64	209.79	293	1695.00	639	1695.00	896	10.76	1150	10.76	1499	10.76	870.00    
-792    	-5015.4			0	167.00	0	167.00	1.7	167.00	2.5	11220.00	128	209.79	382	1695.00	678	1695.00	864	10.76	1100	10.76	1498	10.76	870.00    
-792    	-5015.4			0	167.00	0	167.00	1.7	167.00	2.5	11220.00	128	209.79	382	1695.00	678	1695.00	864	10.76	1100	10.76	1498	10.76	870.00    
-1639.25	-3695.2			0	167.00	0	167.00	0.6	167.00	1.2	11220.00	64	209.79	293	1695.00	639	1695.00	896	10.76	1150	10.76	1499	10.76	870.00    
-1068.5		-2426.6			0	167.00	0	167.00	0.6	167.00	5.5	11220.00	183	209.79	582	1695.00	926	1695.00	1150	10.76	1450	10.76	1866	10.76	870.00    
-792		-5015.4			0	167.00	0	167.00	1.7	167.00	2.5	11220.00	128	209.79	382	1695.00	678	1695.00	864	10.76	1100	10.76	1498	10.76	870.00    
-1068.5		-2426.6			0	167.00	0	167.00	0.6	167.00	5.5	11220.00	183	209.79	582	1695.00	926	1695.00	1150	10.76	1450	10.76	1866	10.76	870.00    
-168		-3634.2			0	167.00	0	167.00	1.3	167.00	10	11220.00	179	209.79	563	1695.00	891	1695.00	1100	10.76	1400	10.76	1841	10.76	870.00    
-168		-3634.2			0	167.00	0	167.00	1.3	167.00	10	11220.00	179	209.79	563	1695.00	891	1695.00	1100	10.76	1400	10.76	1841	10.76	870.00    
-1068.5		-2426.6			0	167.00	0	167.00	0.6	167.00	5.5	11220.00	183	209.79	582	1695.00	926	1695.00	1150	10.76	1450	10.76	1866	10.76	870.00    
-477.25		-1163.25		0	167.00	0	167.00	1.7	167.00	6.7	11220.00	157	209.79	350	1695.00	550	1695.00	813	10.76	1100	10.76	1486	10.76	870.00    
-168		-3634.2			0	167.00	0	167.00	1.3	167.00	10	11220.00	179	209.79	563	1695.00	891	1695.00	1100	10.76	1400	10.76	1841	10.76	870.00    
-477.25	        -1163.25		0	167.00	0	167.00	1.7	167.00	6.7	11220.00	157	209.79	350	1695.00	550	1695.00	813	10.76	1100	10.76	1486	10.76	870.00    
456		-2253			0	167.00	0	167.00	1.32	167.00	5.90	11220.00	185.20	209.79	285	1695.00	413.00	1695.00	700	10.76	1000.00	10.76	1384.00	10.76	870.00    
456		-2253			0	167.00	0	167.00	1.32	167.00	5.90	11220.00	185.20	209.79	285	1695.00	413.00	1695.00	700	10.76	1000.00	10.76	1384.00	10.76	870.00    
-477.25		-1163.25		0	167.00	0	167.00	1.7	167.00	6.7	11220.00	157	209.79	350	1695.00	550	1695.00	813	10.76	1100	10.76	1486	10.76	870.00    
0		0			0	167.00	0	167.00	3	167.00	18.3	11220.00	127	209.79	259	1695.00	439	1695.00	713	10.76	975	10.76	1355	10.76	870.00    
456		-2253			0	167.00	0	167.00	1.32	167.00	5.90	11220.00	185.20	209.79	285	1695.00	413.00	1695.00	700	10.76	1000.00	10.76	1384.00	10.76	870.00    
0		0			0	167.00	0	167.00	3	167.00	18.3	11220.00	127	209.79	259	1695.00	439	1695.00	713	10.76	975	10.76	1355	10.76	870.00    
852		-1072			0	167.00	0	167.00	2.2	167.00	22.5	11220.00	182	209.79	288	1695.00	466	1695.00	775	10.76	1050	10.76	1446	10.76	870.00    
852		-1072			0	1673.00	0	1673.00	2.2	1673.00	22.5	3296.00	182	503.00	288	2196.00	466	2196.00	775	8.00	1050	8.00	1446	8.00	519.00            
0		0			0	1673.00	0	1673.00	3	1673.00	18.3	3296.00	127	503.00	259	2196.00	439	2196.00	713	8.00	975	8.00	1355	8.00	519.00            
542.75		1055			0	1673.00	0	1673.00	2.6	1673.00	24.6	3296.00	124	503.00	240	2196.00	422	2196.00	698	8.00	935	8.00	1423	8.00	519.00            
852		-1072			0	1673.00	0	1673.00	2.2	1673.00	22.5	3296.00	182	503.00	288	2196.00	466	2196.00	775	8.00	1050	8.00	1446	8.00	519.00            
542.75		1055			0	1673.00	0	1673.00	2.6	1673.00	24.6	3296.00	124	503.00	240	2196.00	422	2196.00	698	8.00	935	8.00	1423	8.00	519.00            
1496		49			0	1673.00	0	1673.00	3.11	1673.00	39.11	3296.00	177.70	503.00	290	2196.00	518.00	2196.00	850	8.00	1100.00	8.00	1448.00	8.00	519.00            
1496		49			0	1673.00	0	1673.00	3.11	1673.00	39.11	3296.00	177.70	503.00	290	2196.00	518.00	2196.00	850	8.00	1100.00	8.00	1448.00	8.00	519.00            
542.75		1055			0	1673.00	0	1673.00	2.6	1673.00	24.6	3296.00	124	503.00	240	2196.00	422	2196.00	698	8.00	935	8.00	1423	8.00	519.00            
1016.5		2107.5			0	1673.00	0	1673.00	1.5	1673.00	22.8	3296.00	126	503.00	260	2196.00	422	2196.00	682	8.00	920	8.00	1541	8.00	519.00            
1496		49			0	1673.00	0	1673.00	3.11	1673.00	39.11	3296.00	177.70	503.00	290	2196.00	518.00	2196.00	850	8.00	1100.00	8.00	1448.00	8.00	519.00            
1016.5		2107.5			0	1673.00	0	1673.00	1.5	1673.00	22.8	3296.00	126	503.00	260	2196.00	422	2196.00	682	8.00	920	8.00	1541	8.00	519.00            
2002		1165			0	1673.00	0	1673.00	3.16	1673.00	39.25	3296.00	184	503.00	370	2196.00	606	2196.00	925	8.00	1200	8.00	1571	8.00	519.00            
2002		1165			0	1005.00	0	1005.00	3.16	1005.00	39.25	2941.00	184	786.00	370	1077.00	606	1077.00	925	15.00	1200	15.00	1571	15.00	207.00            
1016.5		2107.5			0	1005.00	0	1005.00	1.5	1005.00	22.8	2941.00	126	786.00	260	1077.00	422	1077.00	682	15.00	920	15.00	1541	15.00	207.00            
1609.5		3307.5			0	1005.00	0	1005.00	1.6	1005.00	22	2941.00	121	786.00	288	1077.00	448	1077.00	723	15.00	995	15.00	1621	15.00	207.00            
2002		1165			0	1005.00	0	1005.00	3.16	1005.00	39.25	2941.00	184	786.00	370	1077.00	606	1077.00	925	15.00	1200	15.00	1571	15.00	207.00            
1609.5		3307.5			0	1005.00	0	1005.00	1.6	1005.00	22	2941.00	121	786.00	288	1077.00	448	1077.00	723	15.00	995	15.00	1621	15.00	207.00            
2613		2329			0	1005.00	0	1005.00	3.20	1005.00	39.50	2941.00	189.50	786.00	450	1077.00	693.00	1077.00	1000	15.00	1300.00	15.00	1693.00	15.00	207.00            
2613		2329			0	1005.00	0	1005.00	3.20	1005.00	39.50	2941.00	189.50	786.00	450	1077.00	693.00	1077.00	1000	15.00	1300.00	15.00	1693.00	15.00	207.00            
1609.5		3307.5			0	1005.00	0	1005.00	1.6	1005.00	22	2941.00	121	786.00	288	1077.00	448	1077.00	723	15.00	995	15.00	1621	15.00	207.00            
2103		4430			0	1005.00	0	1005.00	2	1005.00	28	2941.00	121	786.00	288	1077.00	474	1077.00	775	15.00	1071	15.00	1691	15.00	207.00            
2613		2329			0	1005.00	0	1005.00	3.20	1005.00	39.50	2941.00	189.50	786.00	450	1077.00	693.00	1077.00	1000	15.00	1300.00	15.00	1693.00	15.00	207.00            
2103		4430			0	1005.00	0	1005.00	2	1005.00	28	2941.00	121	786.00	288	1077.00	474	1077.00	775	15.00	1071	15.00	1691	15.00	207.00            
3025		3338			0	1005.00	0	1005.00	3.9	1005.00	54	2941.00	205	786.00	475	1077.00	781	1077.00	1100	15.00	1400	15.00	1798	15.00	207.00            
3025		3338			0	2450.00	0	2450.00	3.9	2450.00	54	2648.00	205	180.00	475	500.00	781	500.00	1100	18.70	1400	18.70	1798	18.70	383.00            
2103		4430			0	2450.00	0	2450.00	2	2450.00	28	2648.00	121	180.00	288	500.00	474	500.00	775	18.70	1071	18.70	1691	18.70	383.00            
2580		5342.25			0	2450.00	0	2450.00	2.3	2450.00	36.5	2648.00	128	180.00	300	500.00	523	500.00	825	18.70	1105	18.70	1735	18.70	383.00            
3025		3338			0	2450.00	0	2450.00	3.9	2450.00	54	2648.00	205	180.00	475	500.00	781	500.00	1100	18.70	1400	18.70	1798	18.70	383.00            
2580		5342.25			0	2450.00	0	2450.00	2.3	2450.00	36.5	2648.00	128	180.00	300	500.00	523	500.00	825	18.70	1105	18.70	1735	18.70	383.00            
3573		4269			0	2450.00	0	2450.00	4.60	2450.00	69.00	2648.00	219.00	180.00	500	500.00	869.00	500.00	1200	18.70	1500.00	18.70	1903.00	18.70	383.00            
3573		4269			0	2450.00	0	2450.00	4.60	2450.00	69.00	2648.00	219.00	180.00	500	500.00	869.00	500.00	1200	18.70	1500.00	18.70	1903.00	18.70	383.00            
2580		5342.25			0	2450.00	0	2450.00	2.3	2450.00	36.5	2648.00	128	180.00	300	500.00	523	500.00	825	18.70	1105	18.70	1735	18.70	383.00            
3084		6560			0	2450.00	0	2450.00	1.6	2450.00	30	2648.00	109	180.00	275	500.00	461	500.00	738	18.70	989	18.70	1649	18.70	383.00            
3573		4269			0	2450.00	0	2450.00	4.60	2450.00	69.00	2648.00	219.00	180.00	500	500.00	869.00	500.00	1200	18.70	1500.00	18.70	1903.00	18.70	383.00            
3084		6560			0	2450.00	0	2450.00	1.6	2450.00	30	2648.00	109	180.00	275	500.00	461	500.00	738	18.70	989	18.70	1649	18.70	383.00            
4175		5811			0	2450.00	0	2450.00	3.35	2450.00	55.6	2648.00	180	180.00	450	500.00	732	500.00	1025	18.70	1300	18.70	1749	18.70	383.00            
4175		5811			0	1260.00	0	1260.00	3.35	1260.00	55.6	2700.00	180	380.00	450	2618.00	732	2618.00	1025	25.00	1300	25.00	1749	25.00	465.00            
3084		6560			0	1260.00	0	1260.00	1.6	1260.00	30	2700.00	109	380.00	275	2618.00	461	2618.00	738	25.00	989	25.00	1649	25.00	465.00            
3545		7381.75			0	1260.00	0	1260.00	1	1260.00	23	2700.00	90	380.00	250	2618.00	392	2618.00	650	25.00	889	25.00	1572	25.00	465.00            
4175		5811			0	1260.00	0	1260.00	3.35	1260.00	55.6	2700.00	180	380.00	450	2618.00	732	2618.00	1025	25.00	1300	25.00	1749	25.00	465.00            
3545		7381.75			0	1260.00	0	1260.00	1	1260.00	23	2700.00	90	380.00	250	2618.00	392	2618.00	650	25.00	889	25.00	1572	25.00	465.00            
4691		6561			0	1260.00	0	1260.00	2.10	1260.00	42.10	2700.00	142.10	380.00	400	2618.00	595.00	2618.00	850	25.00	1100.00	25.00	1595.00	25.00	465.00            
4691		6561			0	1260.00	0	1260.00	2.10	1260.00	42.10	2700.00	142.10	380.00	400	2618.00	595.00	2618.00	850	25.00	1100.00	25.00	1595.00	25.00	465.00            
3545		7381.75			0	1260.00	0	1260.00	1	1260.00	23	2700.00	90	380.00	250	2618.00	392	2618.00	650	25.00	889	25.00	1572	25.00	465.00            
3934.333333	8210.5			0	1260.00	0	1260.00	1	1260.00	23	2700.00	90	380.00	250	2618.00	392	2618.00	650	25.00	889	25.00	1572	25.00	465.00            
4691	        6561			0	1260.00	0	1260.00	2.10	1260.00	42.10	2700.00	142.10	380.00	400	2618.00	595.00	2618.00	850	25.00	1100.00	25.00	1595.00	25.00	465.00            
3934.333333	8210.5			0	1260.00	0	1260.00	1	1260.00	23	2700.00	90	380.00	250	2618.00	392	2618.00	650	25.00	889	25.00	1572	25.00	465.00            
5063.666667	7325			0	1260.00	0	1260.00	2.10	1260.00	42.10	2700.00	142.10	380.00	400	2618.00	595.00	2618.00	850	25.00	1100.00	25.00	1595.00	25.00	465.00            
5063.666667	7325			0	1260.00	0	1260.00	2.10	1260.00	42.10	2700.00	142.10	380.00	400	2618.00	595.00	2618.00	850	25.00	1100.00	25.00	1595.00	25.00	465.00            
3934.333333	8210.5			0	1260.00	0	1260.00	1	1260.00	23	2700.00	90	380.00	250	2618.00	392	2618.00	650	25.00	889	25.00	1572	25.00	465.00            
64323.666667	69039.25		0	1260.00	0	1260.00	1	1260.00	23	2700.00	90	380.00	250	2618.00	392	2618.00	650	25.00	889	25.00	1572	25.00	465.00            
5063.666667	7325			0	1260.00	0	1260.00	2.10	1260.00	42.10	2700.00	142.10	380.00	400	2618.00	595.00	2618.00	850	25.00	1100.00	25.00	1595.00	25.00	465.00            
64323.666667	69039.25		0	1260.00	0	1260.00	1	1260.00	23	2700.00	90	380.00	250	2618.00	392	2618.00	650	25.00	889	25.00	1572	25.00	465.00            
65436.333333	68089			0.00	1260.00	0.00	1260.00	2.10	1260.00	42.10	2700.00	142.10	380.00	400	2618.00	595.00	2618.00	850	25.00	1100.00	25.00	1595.00	25.00	465.00            
        9sl                                                                                                                                                                                                           
-63458		-42541.2		0	167.00	0	167.00	4.5	167.00	152	11220.00	180	209.79	449	1695.00	585	1695.00	750	10.76	975	10.76	1307	10.76	870.00    
-63912		-41921.4		0	167.00	0	167.00	4	167.00	106	11220.00	151	209.79	347	1695.00	511	1695.00	700	10.76	950	10.76	1292	10.76	870.00    
-3288		-10540.2		0	167.00	0	167.00	4	167.00	106	11220.00	151	209.79	347	1695.00	511	1695.00	700	10.76	950	10.76	1292	10.76	870.00    
-63458		-42541.2		0	167.00	0	167.00	4.5	167.00	152	11220.00	180	209.79	449	1695.00	585	1695.00	750	10.76	975	10.76	1307	10.76	870.00    
-3288		-10540.2		0	167.00	0	167.00	4	167.00	106	11220.00	151	209.79	347	1695.00	511	1695.00	700	10.76	950	10.76	1292	10.76	870.00    
-2690.5		-11221.6		0	167.00	0	167.00	4.5	167.00	152	11220.00	180	209.79	449	1695.00	585	1695.00	750	10.76	975	10.76	1307	10.76	870.00    
-2690.5		-11221.6		0	167.00	0	167.00	4.5	167.00	152	11220.00	180	209.79	449	1695.00	585	1695.00	750	10.76	975	10.76	1307	10.76	870.00    
-3288		-10540.2		0	167.00	0	167.00	4	167.00	106	11220.00	151	209.79	347	1695.00	511	1695.00	700	10.76	950	10.76	1292	10.76	870.00    
-2664		-9159			0	167.00	0	167.00	4	167.00	106	11220.00	151	209.79	347	1695.00	511	1695.00	700	10.76	950	10.76	1292	10.76	870.00    
-2690.5		-11221.6		0	167.00	0	167.00	4.5	167.00	152	11220.00	180	209.79	449	1695.00	585	1695.00	750	10.76	975	10.76	1307	10.76	870.00    
-2664		-9159			0	167.00	0	167.00	4	167.00	106	11220.00	151	209.79	347	1695.00	511	1695.00	700	10.76	950	10.76	1292	10.76	870.00    
-1923		-9902			0	167.00	0	167.00	4.5	167.00	152	11220.00	180	209.79	449	1695.00	585	1695.00	750	10.76	975	10.76	1307	10.76	870.00    
-1923		-9902			0	167.00	0	167.00	4.5	167.00	152	11220.00	180	209.79	449	1695.00	585	1695.00	750	10.76	975	10.76	1307	10.76	870.00    
-2664		-9159			0	167.00	0	167.00	4	167.00	106	11220.00	151	209.79	347	1695.00	511	1695.00	700	10.76	950	10.76	1292	10.76	870.00    
-2040		-7777.8			0	167.00	0	167.00	3	167.00	103	11220.00	183	209.79	461	1695.00	645	1695.00	850	10.76	1100	10.76	1426	10.76	870.00    
-1923		-9902			0	167.00	0	167.00	4.5	167.00	152	11220.00	180	209.79	449	1695.00	585	1695.00	750	10.76	975	10.76	1307	10.76	870.00    
-2040		-7777.8			0	167.00	0	167.00	3	167.00	103	11220.00	183	209.79	461	1695.00	645	1695.00	850	10.76	1100	10.76	1426	10.76	870.00    
-1155.5		-8582.4			0	167.00	0	167.00	4	167.00	152	11220.00	196	209.79	506	1695.00	652	1695.00	825	10.76	1050	10.76	1374	10.76	870.00    
-1155.5		-8582.4			0	167.00	0	167.00	4	167.00	152	11220.00	196	209.79	506	1695.00	652	1695.00	825	10.76	1050	10.76	1374	10.76	870.00    
-2040		-7777.8			0	167.00	0	167.00	3	167.00	103	11220.00	183	209.79	461	1695.00	645	1695.00	850	10.76	1100	10.76	1426	10.76	870.00    
-1416		-6396.6			0	167.00	0	167.00	2.1	167.00	50	11220.00	117	209.79	387	1695.00	654	1695.00	848	10.76	1100	10.76	1469	10.76	870.00    
-1155.5		-8582.4			0	167.00	0	167.00	4	167.00	152	11220.00	196	209.79	506	1695.00	652	1695.00	825	10.76	1050	10.76	1374	10.76	870.00    
-1416		-6396.6			0	167.00	0	167.00	2.1	167.00	50	11220.00	117	209.79	387	1695.00	654	1695.00	848	10.76	1100	10.76	1469	10.76	870.00    
-388		-7262.8			0	167.00	0	167.00	3	167.00	75	11220.00	175	209.79	471	1695.00	681	1695.00	824	10.76	1050	10.76	1439	10.76	870.00    
-388		-7262.8			0	167.00	0	167.00	3	167.00	75	11220.00	175	209.79	471	1695.00	681	1695.00	824	10.76	1050	10.76	1439	10.76	870.00    
-1416		-6396.6			0	167.00	0	167.00	2.1	167.00	50	11220.00	117	209.79	387	1695.00	654	1695.00	848	10.76	1100	10.76	1469	10.76	870.00    
-792		-5015.4			0	167.00	0	167.00	1.7	167.00	2.5	11220.00	128	209.79	382	1695.00	678	1695.00	864	10.76	1100	10.76	1498	10.76	870.00    
-388		-7262.8			0	167.00	0	167.00	3	167.00	75	11220.00	175	209.79	471	1695.00	681	1695.00	824	10.76	1050	10.76	1439	10.76	870.00    
-792		-5015.4			0	167.00	0	167.00	1.7	167.00	2.5	11220.00	128	209.79	382	1695.00	678	1695.00	864	10.76	1100	10.76	1498	10.76	870.00    
379.5		-5943.2			0	167.00	0	167.00	2.5	167.00	3.5	11220.00	192	209.79	471	1695.00	717	1695.00	832	10.76	1050	10.76	1497	10.76	870.00    
379.5		-5943.2			0	167.00	0	167.00	2.5	167.00	3.5	11220.00	192	209.79	471	1695.00	717	1695.00	832	10.76	1050	10.76	1497	10.76	870.00    
-792		-5015.4			0	167.00	0	167.00	1.7	167.00	2.5	11220.00	128	209.79	382	1695.00	678	1695.00	864	10.76	1100	10.76	1498	10.76	870.00    
-168		-3634.2			0	167.00	0	167.00	1.3	167.00	10	11220.00	179	209.79	563	1695.00	891	1695.00	1100	10.76	1400	10.76	1841	10.76	870.00    
379.5		-5943.2			0	167.00	0	167.00	2.5	167.00	3.5	11220.00	192	209.79	471	1695.00	717	1695.00	832	10.76	1050	10.76	1497	10.76	870.00    
-168		-3634.2			0	167.00	0	167.00	1.3	167.00	10	11220.00	179	209.79	563	1695.00	891	1695.00	1100	10.76	1400	10.76	1841	10.76	870.00    
1116.5		-4765.1			0	167.00	0	167.00	2	167.00	14	11220.00	175	209.79	544	1695.00	856	1695.00	1050	10.76	1350	10.76	1816	10.76	870.00    
1116.5		-4765.1			0	167.00	0	167.00	2	167.00	14	11220.00	175	209.79	544	1695.00	856	1695.00	1050	10.76	1350	10.76	1816	10.76	870.00    
-168		-3634.2			0	167.00	0	167.00	1.3	167.00	10	11220.00	179	209.79	563	1695.00	891	1695.00	1100	10.76	1400	10.76	1841	10.76	870.00    
456		-2253			0	167.00	0	167.00	1.32	167.00	5.90	11220.00	185.20	209.79	285	1695.00	413.00	1695.00	700	10.76	1000.00	10.76	1384.00	10.76	870.00    
1116.5		-4765.1			0	167.00	0	167.00	2	167.00	14	11220.00	175	209.79	544	1695.00	856	1695.00	1050	10.76	1350	10.76	1816	10.76	870.00    
456		-2253			0	167.00	0	167.00	1.32	167.00	5.90	11220.00	185.20	209.79	285	1695.00	413.00	1695.00	700	10.76	1000.00	10.76	1384.00	10.76	870.00    
1874		-3373			0	167.00	0	167.00	1.65	167.00	19	11220.00	136	209.79	386	1695.00	650	1695.00	950	10.76	1300	10.76	1736	10.76	870.00    
1874		-3373			0	167.00	0	167.00	1.65	167.00	19	11220.00	136	209.79	386	1695.00	650	1695.00	950	10.76	1300	10.76	1736	10.76	870.00    
456		-2253			0	167.00	0	167.00	1.32	167.00	5.90	11220.00	185.20	209.79	285	1695.00	413.00	1695.00	700	10.76	1000.00	10.76	1384.00	10.76	870.00    
852		-1072			0	167.00	0	167.00	2.2	167.00	22.5	11220.00	182	209.79	288	1695.00	466	1695.00	775	10.76	1050	10.76	1446	10.76	870.00    
1874		-3373			0	167.00	0	167.00	1.65	167.00	19	11220.00	136	209.79	386	1695.00	650	1695.00	950	10.76	1300	10.76	1736	10.76	870.00    
852		-1072			0	167.00	0	167.00	2.2	167.00	22.5	11220.00	182	209.79	288	1695.00	466	1695.00	775	10.76	1050	10.76	1446	10.76	870.00    
2266		-2281			0	167.00	0	167.00	2.3	167.00	21	11220.00	160	209.79	419	1695.00	714	1695.00	1000	10.76	1300	10.76	1677	10.76	870.00    
2266		-2281			0	1673.00	0	1673.00	2.3	1673.00	21	3296.00	160	503.00	419	2196.00	714	2196.00	1000	8.00	1300	8.00	1677	8.00	519.00            
852		-1072			0	1673.00	0	1673.00	2.2	1673.00	22.5	3296.00	182	503.00	288	2196.00	466	2196.00	775	8.00	1050	8.00	1446	8.00	519.00            
1496		49			0	1673.00	0	1673.00	3.11	1673.00	39.11	3296.00	177.70	503.00	290	2196.00	518.00	2196.00	850	8.00	1100.00	8.00	1448.00	8.00	519.00            
2266		-2281			0	1673.00	0	1673.00	2.3	1673.00	21	3296.00	160	503.00	419	2196.00	714	2196.00	1000	8.00	1300	8.00	1677	8.00	519.00            
1496		49			0	1673.00	0	1673.00	3.11	1673.00	39.11	3296.00	177.70	503.00	290	2196.00	518.00	2196.00	850	8.00	1100.00	8.00	1448.00	8.00	519.00            
2897		-1392			0	1673.00	0	1673.00	3	1673.00	23.5	3296.00	183	503.00	452	2196.00	778	2196.00	1050	8.00	1300	8.00	1618	8.00	519.00            
2897		-1392			0	1673.00	0	1673.00	3	1673.00	23.5	3296.00	183	503.00	452	2196.00	778	2196.00	1050	8.00	1300	8.00	1618	8.00	519.00            
1496		49			0	1673.00	0	1673.00	3.11	1673.00	39.11	3296.00	177.70	503.00	290	2196.00	518.00	2196.00	850	8.00	1100.00	8.00	1448.00	8.00	519.00            
2002		1165			0	1673.00	0	1673.00	3.16	1673.00	39.25	3296.00	184	503.00	370	2196.00	606	2196.00	925	8.00	1200	8.00	1571	8.00	519.00            
2897		-1392			0	1673.00	0	1673.00	3	1673.00	23.5	3296.00	183	503.00	452	2196.00	778	2196.00	1050	8.00	1300	8.00	1618	8.00	519.00            
2002		1165			0	1673.00	0	1673.00	3.16	1673.00	39.25	3296.00	184	503.00	370	2196.00	606	2196.00	925	8.00	1200	8.00	1571	8.00	519.00            
3519		-211			0	1673.00	0	1673.00	3.3	1673.00	28	3296.00	193	503.00	476	2196.00	783	2196.00	1050	8.00	1325	8.00	1690	8.00	519.00            
3519		-211			0	1005.00	0	1005.00	3.3	1005.00	28	2941.00	193	786.00	476	1077.00	783	1077.00	1050	15.00	1325	15.00	1690	15.00	207.00            
2002		1165			0	1005.00	0	1005.00	3.16	1005.00	39.25	2941.00	184	786.00	370	1077.00	606	1077.00	925	15.00	1200	15.00	1571	15.00	207.00            
2613		2329			0	1005.00	0	1005.00	3.20	1005.00	39.50	2941.00	189.50	786.00	450	1077.00	693.00	1077.00	1000	15.00	1300.00	15.00	1693.00	15.00	207.00            
3519		-211			0	1005.00	0	1005.00	3.3	1005.00	28	2941.00	193	786.00	476	1077.00	783	1077.00	1050	15.00	1325	15.00	1690	15.00	207.00            
2613		2329			0	1005.00	0	1005.00	3.20	1005.00	39.50	2941.00	189.50	786.00	450	1077.00	693.00	1077.00	1000	15.00	1300.00	15.00	1693.00	15.00	207.00            
4239		909			0	1005.00	0	1005.00	3.6	1005.00	32	2941.00	202	786.00	500	1077.00	788	1077.00	1050	15.00	1350	15.00	1761	15.00	207.00            
4239		909			0	1005.00	0	1005.00	3.6	1005.00	32	2941.00	202	786.00	500	1077.00	788	1077.00	1050	15.00	1350	15.00	1761	15.00	207.00            
2613		2329			0	1005.00	0	1005.00	3.20	1005.00	39.50	2941.00	189.50	786.00	450	1077.00	693.00	1077.00	1000	15.00	1300.00	15.00	1693.00	15.00	207.00            
3025		3338			0	1005.00	0	1005.00	3.9	1005.00	54	2941.00	205	786.00	475	1077.00	781	1077.00	1100	15.00	1400	15.00	1798	15.00	207.00            
4239		909			0	1005.00	0	1005.00	3.6	1005.00	32	2941.00	202	786.00	500	1077.00	788	1077.00	1050	15.00	1350	15.00	1761	15.00	207.00            
3025		3338			0	1005.00	0	1005.00	3.9	1005.00	54	2941.00	205	786.00	475	1077.00	781	1077.00	1100	15.00	1400	15.00	1798	15.00	207.00            
4772		1911			0	1005.00	0	1005.00	5.5	1005.00	38.8	2941.00	224	786.00	550	1077.00	887	1077.00	1200	15.00	1525	15.00	1937	15.00	207.00            
4772		1911			0	2450.00	0	2450.00	5.5	2450.00	38.8	2648.00	224	180.00	550	500.00	887	500.00	1200	18.70	1525	18.70	1937	18.70	383.00            
3025		3338			0	2450.00	0	2450.00	3.9	2450.00	54	2648.00	205	180.00	475	500.00	781	500.00	1100	18.70	1400	18.70	1798	18.70	383.00            
3573		4269			0	2450.00	0	2450.00	4.60	2450.00	69.00	2648.00	219.00	180.00	500	500.00	869.00	500.00	1200	18.70	1500.00	18.70	1903.00	18.70	383.00            
4772		1911			0	2450.00	0	2450.00	5.5	2450.00	38.8	2648.00	224	180.00	550	500.00	887	500.00	1200	18.70	1525	18.70	1937	18.70	383.00            
3573		4269			0	2450.00	0	2450.00	4.60	2450.00	69.00	2648.00	219.00	180.00	500	500.00	869.00	500.00	1200	18.70	1500.00	18.70	1903.00	18.70	383.00            
5326		2955			0	2450.00	0	2450.00	7.3	2450.00	45.5	2648.00	245.5	180.00	600	500.00	985	500.00	1350	18.70	1700	18.70	2113	18.70	383.00            
5326		2955			0	2450.00	0	2450.00	7.3	2450.00	45.5	2648.00	245.5	180.00	600	500.00	985	500.00	1350	18.70	1700	18.70	2113	18.70	383.00            
3573		4269			0	2450.00	0	2450.00	4.60	2450.00	69.00	2648.00	219.00	180.00	500	500.00	869.00	500.00	1200	18.70	1500.00	18.70	1903.00	18.70	383.00            
4175		5811			0	2450.00	0	2450.00	3.35	2450.00	55.6	2648.00	180	180.00	450	500.00	732	500.00	1025	18.70	1300	18.70	1749	18.70	383.00            
5326		2955			0	2450.00	0	2450.00	7.3	2450.00	45.5	2648.00	245.5	180.00	600	500.00	985	500.00	1350	18.70	1700	18.70	2113	18.70	383.00            
4175		5811			0	2450.00	0	2450.00	3.35	2450.00	55.6	2648.00	180	180.00	450	500.00	732	500.00	1025	18.70	1300	18.70	1749	18.70	383.00            
6025		4093			0	2450.00	1.5	2450.00	6	2450.00	38	2648.00	497	180.00	565	500.00	881	500.00	1188	18.70	1500	18.70	1910	18.70	383.00            
6025		4093			0	1260.00	1.5	1260.00	6	1260.00	38	2700.00	497	380.00	565	2618.00	881	2618.00	1188	25.00	1500	25.00	1910	25.00	465.00            
4175		5811			0	1260.00	0	1260.00	3.35	1260.00	55.6	2700.00	180	380.00	450	2618.00	732	2618.00	1025	25.00	1300	25.00	1749	25.00	465.00            
4691		6561			0	1260.00	0.00	1260.00	2.10	1260.00	42.10	2700.00	142.10	380.00	400	2618.00	595.00	2618.00	850	25.00	1100.00	25.00	1595.00	25.00	465.00            
6025		4093			0	1260.00	1.5	1260.00	6	1260.00	38	2700.00	497	380.00	565	2618.00	881	2618.00	1188	25.00	1500	25.00	1910	25.00	465.00            
4691		6561			0	1260.00	0.00	1260.00	2.10	1260.00	42.10	2700.00	142.10	380.00	400	2618.00	595.00	2618.00	850	25.00	1100.00	25.00	1595.00	25.00	465.00            
6604		4872			0	1260.00	1.50	1260.00	5.00	1260.00	31.00	2700.00	251.00	380.00	530	2618.00	777.00	2618.00	1025	25.00	1300.00	25.00	1706.00	25.00	465.00            
6604		4872			0	1260.00	1.50	1260.00	5.00	1260.00	31.00	2700.00	251.00	380.00	530	2618.00	777.00	2618.00	1025	25.00	1300.00	25.00	1706.00	25.00	465.00            
4691		6561			0	1260.00	0.00	1260.00	2.10	1260.00	42.10	2700.00	142.10	380.00	400	2618.00	595.00	2618.00	850	25.00	1100.00	25.00	1595.00	25.00	465.00            
5063.666667	7325			0	1260.00	0.00	1260.00	2.10	1260.00	42.10	2700.00	142.10	380.00	400	2618.00	595.00	2618.00	850	25.00	1100.00	25.00	1595.00	25.00	465.00            
6604	        4872			0	1260.00	1.50	1260.00	5.00	1260.00	31.00	2700.00	251.00	380.00	530	2618.00	777.00	2618.00	1025	25.00	1300.00	25.00	1706.00	25.00	465.00            
5063.666667	7325			0	1260.00	0.00	1260.00	2.10	1260.00	42.10	2700.00	142.10	380.00	400	2618.00	595.00	2618.00	850	25.00	1100.00	25.00	1595.00	25.00	465.00            
7030	        5511			0	1260.00	1.50	1260.00	5.00	1260.00	31.00	2700.00	251.00	380.00	530	2618.00	777.00	2618.00	1025	25.00	1300.00	25.00	1706.00	25.00	465.00            
7030	        5511			0	1260.00	1.50	1260.00	5.00	1260.00	31.00	2700.00	251.00	380.00	530	2618.00	777.00	2618.00	1025	25.00	1300.00	25.00	1706.00	25.00	465.00            
5063.666667	7325			0	1260.00	0.00	1260.00	2.10	1260.00	42.10	2700.00	142.10	380.00	400	2618.00	595.00	2618.00	850	25.00	1100.00	25.00	1595.00	25.00	465.00            
65436.333333	68089			0	1260.00	0.00	1260.00	2.10	1260.00	42.10	2700.00	142.10	380.00	400	2618.00	595.00	2618.00	850	25.00	1100.00	25.00	1595.00	25.00	465.00            
7030    	5511			0	1260.00	1.50	1260.00	5.00	1260.00	31.00	2700.00	251.00	380.00	530	2618.00	777.00	2618.00	1025	25.00	1300.00	25.00	1706.00	25.00	465.00            
65436.333333	68089			0	1260.00	0.00	1260.00	2.10	1260.00	42.10	2700.00	142.10	380.00	400	2618.00	595.00	2618.00	850	25.00	1100.00	25.00	1595.00	25.00	465.00            
67456    	66150			0	1260.00	1.50	1260.00	5.00	1260.00	31.00	2700.00	251.00	380.00	530	2618.00	777.00	2618.00	1025	25.00	1300.00	25.00	1706.00	25.00	465.00            
        10sl                                                                                                                                                                                                              
-63004		-43161			0	109	0	109	5.00	109	200.00	5160	205.00	13000	209.00	400	659.00	400	800	30	1000.00	30	1321.00	30	1200              
-63458		-42541.2		0	109	0	109	4.5	109	152	5160	180	13000	449	400	585	400	750	30	975	30	1307	30	1200              
-2690.5		-11221.6		0	109	0	109	4.5	109	152	5160	180	13000	449	400	585	400	750	30	975	30	1307	30	1200              
-63004		-43161			0	109	0	109	5.00	109	200.00	5160	205.00	13000	209.00	400	659.00	400	800	30	1000.00	30	1321.00	30	1200              
-2690.5		-11221.6		0	109	0	109	4.5	109	152	5160	180	13000	449	400	585	400	750	30	975	30	1307	30	1200              
-2093		-11903			0	109	0	109	5.00	109	200.00	5160	209.00	13000	550.00	400	659.00	400	800	30	1000.00	30	1321.00	30	1200              
-2093		-11903			0	109	0	109	5.00	109	200.00	5160	209.00	13000	550.00	400	659.00	400	800	30	1000.00	30	1321.00	30	1200              
-2690.5		-11221.6		0	109	0	109	4.5	109	152	5160	180	13000	449	400	585	400	750	30	975	30	1307	30	1200              
-1923		-9902			0	109	0	109	4.5	109	152	5160	180	13000	449	400	585	400	750	30	975	30	1307	30	1200              
-2093		-11903			0	109	0	109	5.00	109	200.00	5160	209.00	13000	550.00	400	659.00	400	800	30	1000.00	30	1321.00	30	1200              
-1923		-9902			0	109	0	109	4.5	109	152	5160	180	13000	449	400	585	400	750	30	975	30	1307	30	1200              
-1182		-10645			0	109	0	109	5.00	109	200.00	5160	209.00	13000	550.00	400	659.00	400	800	30	1000.00	30	1321.00	30	1200              
-1182		-10645			0	109	0	109	5.00	109	200.00	5160	209.00	13000	550.00	400	659.00	400	800	30	1000.00	30	1321.00	30	1200              
-1923		-9902			0	109	0	109	4.5	109	152	5160	180	13000	449	400	585	400	750	30	975	30	1307	30	1200              
-1155.5		-8582.4			0	109	0	109	4	109	152	5160	196	13000	506	400	652	400	825	30	1050	30	1374	30	1200              
-1182		-10645			0	109	0	109	5.00	109	200.00	5160	209.00	13000	550.00	400	659.00	400	800	30	1000.00	30	1321.00	30	1200              
-1155.5		-8582.4			0	109	0	109	4	109	152	5160	196	13000	506	400	652	400	825	30	1050	30	1374	30	1200              
-271		-9387			0	109	0	109	5.00	109	200.00	5160	209.00	13000	550.00	400	659.00	400	800	30	1000.00	30	1321.00	30	1200              
-271		-9387			0	109	0	109	5.00	109	200.00	5160	209.00	13000	550.00	400	659.00	400	800	30	1000.00	30	1321.00	30	1200              
-1155.5		-8582.4			0	109	0	109	4	109	152	5160	196	13000	506	400	652	400	825	30	1050	30	1374	30	1200              
-388		-7262.8			0	109	0	109	3	109	75	5160	175	13000	471	400	681	400	824	30	1050	30	1439	30	1200              
-271		-9387			0	109	0	109	5.00	109	200.00	5160	209.00	13000	550.00	400	659.00	400	800	30	1000.00	30	1321.00	30	1200              
-388		-7262.8			0	109	0	109	3	109	75	5160	175	13000	471	400	681	400	824	30	1050	30	1439	30	1200              
640		-8129			0	109	0	109	4.25	109	100	5160	232	13000	555	400	707	400	800	30	1000	30	1408	30	1200              
640		-8129			0	917.5	0	917.5	4.25	917.5	100	7019.23	232	260	555	260	707	260	800	16	1000	16	1408	16	800               
-388		-7262.8			0	917.5	0	917.5	3	917.5	75	7019.23	175	260	471	260	681	260	824	16	1050	16	1439	16	800               
379.5		-5943.2			0	917.5	0	917.5	2.5	917.5	3.5	7019.23	192	260	471	260	717	260	832	16	1050	16	1497	16	800               
640		-8129			0	917.5	0	917.5	4.25	917.5	100	7019.23	232	260	555	260	707	260	800	16	1000	16	1408	16	800               
379.5		-5943.2			0	917.5	0	917.5	2.5	917.5	3.5	7019.23	192	260	471	260	717	260	832	16	1050	16	1497	16	800               
1551		-6871			0	917.5	0	917.5	3.50	917.5	5.00	7019.23	255.00	260	560.00	260	755.00	260	800.00	16	1000.00	16	1495.00	16	800               
1551		-6871			0	917.5	0	917.5	3.50	917.5	5.00	7019.23	255.00	260	560.00	260	755.00	260	800.00	16	1000.00	16	1495.00	16	800               
379.5		-5943.2			0	917.5	0	917.5	2.5	917.5	3.5	7019.23	192	260	471	260	717	260	832	16	1050	16	1497	16	800               
1116.5		-4765.1			0	917.5	0	917.5	2	917.5	14	7019.23	175	260	544	260	856	260	1050	16	1350	16	1816	16	800               
1551		-6871			0	917.5	0	917.5	3.50	917.5	5.00	7019.23	255.00	260	560.00	260	755.00	260	800.00	16	1000.00	16	1495.00	16	800               
1116.5		-4765.1			0	917.5	0	917.5	2	917.5	14	7019.23	175	260	544	260	856	260	1050	16	1350	16	1816	16	800               
2401		-5896			0	917.5	0	917.5	2.75	917.5	18.5	7019.23	171	260	524	260	821	260	1000	16	1300	16	1791	16	800               
2401		-5896			0	1500.00	0	1500.00	2.75	1500.00	18.5	2000.00	171	796.00	524	250.00	821	250.00	1000	23.00	1300	23.00	1791	23.00	260.00            
1116.5		-4765.1			0	1500.00	0	1500.00	2	1500.00	14	2000.00	175	796.00	544	250.00	856	250.00	1050	23.00	1350	23.00	1816	23.00	260.00            
1874		-3373			0	1500.00	0	1500.00	1.65	1500.00	19	2000.00	136	796.00	386	250.00	650	250.00	950	23.00	1300	23.00	1736	23.00	260.00            
2401		-5896			0	1500.00	0	1500.00	2.75	1500.00	18.5	2000.00	171	796.00	524	250.00	821	250.00	1000	23.00	1300	23.00	1791	23.00	260.00            
1874		-3373			0	1500.00	0	1500.00	1.65	1500.00	19	2000.00	136	796.00	386	250.00	650	250.00	950	23.00	1300	23.00	1736	23.00	260.00            
3251		-4921			0	1500.00	0	1500.00	2.00	1500.00	32.00	2000.00	87.00	796.00	487	250.00	887.00	250.00	1200	23.00	1600.00	23.00	2087.00	23.00	260.00            
3251		-4921			0	1500.00	0	1500.00	2.00	1500.00	32.00	2000.00	87.00	796.00	487	250.00	887.00	250.00	1200	23.00	1600.00	23.00	2087.00	23.00	260.00            
1874		-3373			0	1500.00	0	1500.00	1.65	1500.00	19	2000.00	136	796.00	386	250.00	650	250.00	950	23.00	1300	23.00	1736	23.00	260.00            
2266		-2281			0	1500.00	0	1500.00	2.3	1500.00	21	2000.00	160	796.00	419	250.00	714	250.00	1000	23.00	1300	23.00	1677	23.00	260.00            
3251		-4921			0	1500.00	0	1500.00	2.00	1500.00	32.00	2000.00	87.00	796.00	487	250.00	887.00	250.00	1200	23.00	1600.00	23.00	2087.00	23.00	260.00            
2266		-2281			0	1500.00	0	1500.00	2.3	1500.00	21	2000.00	160	796.00	419	250.00	714	250.00	1000	23.00	1300	23.00	1677	23.00	260.00            
3984		-3885			0	1500.00	0	1500.00	2.5	1500.00	20	2000.00	138	796.00	550	250.00	963	250.00	1225	23.00	1550	23.00	1938	23.00	260.00            
3984		-3885			0	890.00	0	890.00	2.5	890.00	20	3174.00	138	860.00	550	234.00	963	234.00	1225	13.00	1550	13.00	1938	13.00	2000.00           
2266		-2281			0	890.00	0	890.00	2.3	890.00	21	3174.00	160	860.00	419	234.00	714	234.00	1000	13.00	1300	13.00	1677	13.00	2000.00           
2897		-1392			0	890.00	0	890.00	3	890.00	23.5	3174.00	183	860.00	452	234.00	778	234.00	1050	13.00	1300	13.00	1618	13.00	2000.00           
3984		-3885			0	890.00	0	890.00	2.5	890.00	20	3174.00	138	860.00	550	234.00	963	234.00	1225	13.00	1550	13.00	1938	13.00	2000.00           
2897		-1392			0	890.00	0	890.00	3	890.00	23.5	3174.00	183	860.00	452	234.00	778	234.00	1050	13.00	1300	13.00	1618	13.00	2000.00           
4551		-2821			0	890.00	0	890.00	3.00	890.00	8.00	3174.00	188.00	860.00	613	234.00	1038.00	234.00	1250	13.00	1500.00	13.00	1788.00	13.00	2000.00           
4551		-2821			0	890.00	0	890.00	3.00	890.00	8.00	3174.00	188.00	860.00	613	234.00	1038.00	234.00	1250	13.00	1500.00	13.00	1788.00	13.00	2000.00           
2897		-1392			0	890.00	0	890.00	3	890.00	23.5	3174.00	183	860.00	452	234.00	778	234.00	1050	13.00	1300	13.00	1618	13.00	2000.00           
3519		-211			0	890.00	0	890.00	3.3	890.00	28	3174.00	193	860.00	476	234.00	783	234.00	1050	13.00	1325	13.00	1690	13.00	2000.00           
4551		-2821			0	890.00	0	890.00	3.00	890.00	8.00	3174.00	188.00	860.00	613	234.00	1038.00	234.00	1250	13.00	1500.00	13.00	1788.00	13.00	2000.00           
3519		-211			0	890.00	0	890.00	3.3	890.00	28	3174.00	193	860.00	476	234.00	783	234.00	1050	13.00	1325	13.00	1690	13.00	2000.00           
5262		-1647			0	890.00	0	890.00	3.5	890.00	16	3174.00	201	860.00	582	234.00	961	234.00	1175	13.00	1450	13.00	1809	13.00	2000.00           
5262		-1647			0	1480.00	0	1480.00	3.5	1480.00	16	2000.00	201	752.00	582	183.00	961	183.00	1175	17.00	1450	17.00	1809	17.00	263.00            
3519		-211			0	1480.00	0	1480.00	3.3	1480.00	28	2000.00	193	752.00	476	183.00	783	183.00	1050	17.00	1325	17.00	1690	17.00	263.00            
4239		909			0	1480.00	0	1480.00	3.6	1480.00	32	2000.00	202	752.00	500	183.00	788	183.00	1050	17.00	1350	17.00	1761	17.00	263.00            
5262		-1647			0	1480.00	0	1480.00	3.5	1480.00	16	2000.00	201	752.00	582	183.00	961	183.00	1175	17.00	1450	17.00	1809	17.00	263.00            
4239		909			0	1480.00	0	1480.00	3.6	1480.00	32	2000.00	202	752.00	500	183.00	788	183.00	1050	17.00	1350	17.00	1761	17.00	263.00            
5951		-671			0	1480.00	0	1480.00	4.00	1480.00	24.00	2000.00	214.00	752.00	550	183.00	883.00	183.00	1100	17.00	1400.00	17.00	1829.00	17.00	263.00            
5951		-671			0	1480.00	0	1480.00	4.00	1480.00	24.00	2000.00	214.00	752.00	550	183.00	883.00	183.00	1100	17.00	1400.00	17.00	1829.00	17.00	263.00            
4239		909			0	1480.00	0	1480.00	3.6	1480.00	32	2000.00	202	752.00	500	183.00	788	183.00	1050	17.00	1350	17.00	1761	17.00	263.00            
4772		1911			0	1480.00	0	1480.00	5.5	1480.00	38.8	2000.00	224	752.00	550	183.00	887	183.00	1200	17.00	1525	17.00	1937	17.00	263.00            
5951		-671			0	1480.00	0	1480.00	4.00	1480.00	24.00	2000.00	214.00	752.00	550	183.00	883.00	183.00	1100	17.00	1400.00	17.00	1829.00	17.00	263.00            
4772		1911			0	1480.00	0	1480.00	5.5	1480.00	38.8	2000.00	224	752.00	550	183.00	887	183.00	1200	17.00	1525	17.00	1937	17.00	263.00            
6668		462			0	1480.00	0	1480.00	7	1480.00	23	2000.00	243	752.00	625	183.00	1003	183.00	1300	17.00	1650	17.00	2076	17.00	263.00            
6668		462			0	1680.00	0	1680.00	7	1680.00	23	600.00	243	1400.00	625	120.00	1003	120.00	1300	22.00	1650	22.00	2076	22.00	243.00            
4772		1911			0	1680.00	0	1680.00	5.5	1680.00	38.8	600.00	224	1400.00	550	120.00	887	120.00	1200	22.00	1525	22.00	1937	22.00	243.00            
5326		2955			0	1680.00	0	1680.00	7.3	1680.00	45.5	600.00	245.5	1400.00	600	120.00	985	120.00	1350	22.00	1700	22.00	2113	22.00	243.00            
6668		462			0	1680.00	0	1680.00	7	1680.00	23	600.00	243	1400.00	625	120.00	1003	120.00	1300	22.00	1650	22.00	2076	22.00	243.00            
5326		2955			0	1680.00	0	1680.00	7.3	1680.00	45.5	600.00	245.5	1400.00	600	120.00	985	120.00	1350	22.00	1700	22.00	2113	22.00	243.00            
7251		1329			0	1680.00	0	1680.00	10.00	1680.00	22.00	600.00	272.00	1400.00	700	120.00	1122.00	120.00	1500	22.00	1900.00	22.00	2322.00	22.00	243.00            
7251		1329			0	1680.00	0	1680.00	10.00	1680.00	22.00	600.00	272.00	1400.00	700	120.00	1122.00	120.00	1500	22.00	1900.00	22.00	2322.00	22.00	243.00            
5326		2955			0	1680.00	0	1680.00	7.3	1680.00	45.5	600.00	245.5	1400.00	600	120.00	985	120.00	1350	22.00	1700	22.00	2113	22.00	243.00            
6025		4093			0	1680.00	1.5	1680.00	6	1680.00	38	600.00	497	1400.00	565	120.00	881	120.00	1188	22.00	1500	22.00	1910	22.00	243.00            
7251		1329			0	1680.00	0.00	1680.00	10.00	1680.00	22.00	600.00	272.00	1400.00	700	120.00	1122.00	120.00	1500	22.00	1900.00	22.00	2322.00	22.00	243.00            
6025		4093			0	1680.00	1.5	1680.00	6	1680.00	38	600.00	497	1400.00	565	120.00	881	120.00	1188	22.00	1500	22.00	1910	22.00	243.00            
8047		2443			0	1680.00	1.5	1680.00	9	1680.00	20.5	600.00	316	1400.00	680	120.00	1040	120.00	1350	22.00	1700	22.00	2069	22.00	243.00            
8047		2443			0	1100.00	1.5	1100.00	9	2424.00	20.5	628.00	316	1900.00	680	150.00	1040	150.00	1350	25.00	1700	25.00	2069	25.00	2000.00           
6025		4093			0	1100.00	1.5	1100.00	6	2424.00	38	628.00	497	1900.00	565	150.00	881	150.00	1188	25.00	1500	25.00	1910	25.00	2000.00           
6604		4872			0	1100.00	1.50	1100.00	5.00	2424.00	31.00	628.00	251.00	1900.00	530	150.00	777.00	150.00	1025	25.00	1300.00	25.00	1706.00	25.00	2000.00           
8047		2443			0	1100.00	1.5	1100.00	9	2424.00	20.5	628.00	316	1900.00	680	150.00	1040	150.00	1350	25.00	1700	25.00	2069	25.00	2000.00           
6604		4872			0	1100.00	1.50	1100.00	5.00	2424.00	31.00	628.00	251.00	1900.00	530	150.00	777.00	150.00	1025	25.00	1300.00	25.00	1706.00	25.00	2000.00           
8651		3479			0	1100.00	3.00	1100.00	8.00	2424.00	19.00	628.00	359.00	1900.00	659	150.00	959.00	150.00	1200	25.00	1500.00	25.00	1816.00	25.00	2000.00           
8651		3479			0	1100.00	3.00	1100.00	8.00	2424.00	19.00	628.00	359.00	1900.00	659	150.00	959.00	150.00	1200	25.00	1500.00	25.00	1816.00	25.00	2000.00           
6604		4872			0	1100.00	1.50	1100.00	5.00	2424.00	31.00	628.00	251.00	1900.00	530	150.00	777.00	150.00	1025	25.00	1300.00	25.00	1706.00	25.00	2000.00           
7030		5511			0	1100.00	1.50	1100.00	5.00	2424.00	31.00	628.00	251.00	1900.00	530	150.00	777.00	150.00	1025	25.00	1300.00	25.00	1706.00	25.00	2000.00           
8651		3479			0	1100.00	3.00	1100.00	8.00	2424.00	19.00	628.00	359.00	1900.00	659	150.00	959.00	150.00	1200	25.00	1500.00	25.00	1816.00	25.00	2000.00           
7030		5511			0	1100.00	1.50	1100.00	5.00	2424.00	31.00	628.00	251.00	1900.00	530	150.00	777.00	150.00	1025	25.00	1300.00	25.00	1706.00	25.00	2000.00           
9117.666667	4195.666667		0	1100.00	3.00	1100.00	8.00	2424.00	19.00	628.00	359.00	1900.00	659	150.00	959.00	150.00	1200	25.00	1500.00	25.00	1816.00	25.00	2000.00           
9117.666667	4195.666667		0	1100.00	3.00	1100.00	8.00	2424.00	19.00	628.00	359.00	1900.00	659	150.00	959.00	150.00	1200	25.00	1500.00	25.00	1816.00	25.00	2000.00           
7030    	5511			0	1100.00	1.50	1100.00	5.00	2424.00	31.00	628.00	251.00	1900.00	530	150.00	777.00	150.00	1025	25.00	1300.00	25.00	1706.00	25.00	2000.00           
67456    	66150			0	1100.00	1.50	1100.00	5.00	2424.00	31.00	628.00	251.00	1900.00	530	150.00	777.00	150.00	1025	25.00	1300.00	25.00	1706.00	25.00	2000.00           
9117.666667	4195.666667		0	1100.00	3.00	1100.00	8.00	2424.00	19.00	628.00	359.00	1900.00	659	150.00	959.00	150.00	1200	25.00	1500.00	25.00	1816.00	25.00	2000.00           
67456    	66150			0	1100.00	1.50	1100.00	5.00	2424.00	31.00	628.00	251.00	1900.00	530	150.00	777.00	150.00	1025	25.00	1300.00	25.00	1706.00	25.00	2000.00           
69584.333333	64912.333333		0	1100.00	3.00	1100.00	8.00	2424.00	19.00	628.00	359.00	1900.00	659	150.00	959.00	150.00	1200	25.00	1500.00	25.00	1816.00	25.00	2000.00           
        11sl                                                                                                                                                                                                              
-61696.5 	-43564.75		0	109	1.8	109	21.00	109	143.00	5160	306.50	13000	575.00	400	742.00	400	847.00	30	1107.00	30	1428.00	30	1200              
-63004   	-43161			0	109	1.8	109	5.00	109	200.00	5160	209.00	13000	550.00	400	659.00	400	800	30	1000.00	30	1321.00	30	1200              
-2093   	-11903			0	109	1.8	109	5.00	109	200.00	5160	209.00	13000	550.00	400	659.00	400	800	30	1000.00	30	1321.00	30	1200              
-61696.5 	-43564.75		0	109	1.8	109	21.00	109	143.00	5160	306.50	13000	575.00	400	742.00	400	847.00	30	1107.00	30	1428.00	30	1200              
-2093   	-11903			0	109	1.8	109	5.00	109	200.00	5160	209.00	13000	550.00	400	659.00	400	800	30	1000.00	30	1321.00	30	1200              
-851    	-12439.5		0	109	1.8	109	21.00	109	143.00	5160	306.50	13000	575.00	400	742.00	400	847.00	30	1107.00	30	1428.00	30	1200              
-851		-12439.5		0	109	1.8	109	21.00	109	143.00	5160	306.50	13000	575.00	400	742.00	400	847.00	30	1107.00	30	1428.00	30	1200              
-2093		-11903			0	109	1.8	109	5.00	109	200.00	5160	209.00	13000	550.00	400	659.00	400	800	30	1000.00	30	1321.00	30	1200              
-1182		-10645			0	109	1.8	109	5.00	109	200.00	5160	209.00	13000	550.00	400	659.00	400	800	30	1000.00	30	1321.00	30	1200              
-851		-12439.5		0	109	1.8	109	21.00	109	143.00	5160	306.50	13000	575.00	400	742.00	400	847.00	30	1107.00	30	1428.00	30	1200              
-1182		-10645			0	109	1.8	109	5.00	109	200.00	5160	209.00	13000	550.00	400	659.00	400	800	30	1000.00	30	1321.00	30	1200              
-5.5		-11314.25		0	109	1.8	109	21.00	109	143.00	5160	306.50	13000	575.00	400	742.00	400	847.00	30	1107.00	30	1428.00	30	1200              
-5.5		-11314.25		0	109	1.8	109	21.00	109	143.00	5160	306.50	13000	575.00	400	742.00	400	847.00	30	1107.00	30	1428.00	30	1200              
-1182		-10645			0	109	1.8	109	5.00	109	200.00	5160	209.00	13000	550.00	400	659.00	400	800	30	1000.00	30	1321.00	30	1200              
-271		-9387			0	109	1.8	109	5.00	109	200.00	5160	209.00	13000	550.00	400	659.00	400	800	30	1000.00	30	1321.00	30	1200              
-5.5		-11314.25		0	109	1.8	109	21.00	109	143.00	5160	306.50	13000	575.00	400	742.00	400	847.00	30	1107.00	30	1428.00	30	1200              
-271		-9387			0	109	1.8	109	5.00	109	200.00	5160	209.00	13000	550.00	400	659.00	400	800	30	1000.00	30	1321.00	30	1200              
840		-10189			0	109	1.8	109	21.00	109	143.00	5160	306.50	13000	575.00	400	742.00	400	847.00	30	1107.00	30	1428.00	30	1200              
840		-10189			0	109	1.8	109	21.00	109	143.00	5160	306.50	13000	575.00	400	742.00	400	847.00	30	1107.00	30	1428.00	30	1200              
-271		-9387			0	109	1.8	109	5.00	109	200.00	5160	209.00	13000	550.00	400	659.00	400	800	30	1000.00	30	1321.00	30	1200              
640		-8129			0	109	1.8	109	4.25	109	100	5160	232	13000	555	400	707	400	800	30	1000	30	1408	30	1200              
840		-10189			0	109	1.8	109	21.00	109	143.00	5160	306.50	13000	575.00	400	742.00	400	847.00	30	1107.00	30	1428.00	30	1200              
640		-8129			0	109	1.8	109	4.25	109	100	5160	232	13000	555	400	707	400	800	30	1000	30	1408	30	1200              
1685.5		-9063.75		0	109	1.8	109	16	109	98	5160	250	13000	496	400	728	400	845	30	1129	30	1415	30	1200              
1685.5		-9063.75		0	917.5	1.4	917.5	16	917.5	98	7019.23	250	260	496	260	728	260	845	16	1129	16	1415	16	800               
640		-8129			0	917.5	0	917.5	4.25	917.5	100	7019.23	232	260	555	260	707	260	800	16	1000	16	1408	16	800               
1551		-6871			0	917.5	0	917.5	3.50	917.5	5.00	7019.23	255.00	260	560.00	260	755.00	260	800.00	16	1000.00	16	1495.00	16	800               
1685.5		-9063.75		0	917.5	1.4	917.5	16	917.5	98	7019.23	250	260	496	260	728	260	845	16	1129	16	1415	16	800               
1551		-6871			0	917.5	0	917.5	3.50	917.5	5.00	7019.23	255.00	260	560.00	260	755.00	260	800.00	16	1000.00	16	1495.00	16	800               
2531		-7938.5			0	917.5	1	917.5	11.75	917.5	53	7019.23	193	260	415.5	260	713	260	842	16	1150	16	1403	16	800               
2531		-7938.5			0	917.5	1	917.5	11.75	917.5	53	7019.23	193	260	415.5	260	713	260	842	16	1150	16	1403	16	800               
1551		-6871			0	917.5	0	917.5	3.50	917.5	5.00	7019.23	255.00	260	560.00	260	755.00	260	800.00	16	1000.00	16	1495.00	16	800               
2401		-5896			0	917.5	0	917.5	2.75	917.5	18.5	7019.23	171	260	524	260	821	260	1000	16	1300	16	1791	16	800               
2531		-7938.5			0	917.5	1	917.5	11.75	917.5	53	7019.23	193	260	415.5	260	713	260	842	16	1150	16	1403	16	800               
2401		-5896			0	917.5	0	917.5	2.75	917.5	18.5	7019.23	171	260	524	260	821	260	1000	16	1300	16	1791	16	800               
3327.25		-6959.75		0	917.5	0.5	917.5	6	917.5	35	7019.23	143	260	455	260	800	260	996	16	1305	16	1608	16	800               
3327.25		-6959.75		0	1500.00	0.5	1500.00	6	1500.00	35	2000.00	143	796.00	455	250.00	800	250.00	996	23.00	1305	23.00	1608	23.00	260.00            
2401		-5896			0	1500.00	0	1500.00	2.75	1500.00	18.5	2000.00	171	796.00	524	250.00	821	250.00	1000	23.00	1300	23.00	1791	23.00	260.00            
3251		-4921			0	1500.00	0.00	1500.00	2.00	1500.00	32.00	2000.00	87.00	796.00	487	250.00	887.00	250.00	1200	23.00	1600.00	23.00	2087.00	23.00	260.00            
3327.25 	-6959.75		0	1500.00	0.5	1500.00	6	1500.00	35	2000.00	143	796.00	455	250.00	800	250.00	996	23.00	1305	23.00	1608	23.00	260.00            
3251	 	-4921			0	1500.00	0.00	1500.00	2.00	1500.00	32.00	2000.00	87.00	796.00	487	250.00	887.00	250.00	1200	23.00	1600.00	23.00	2087.00	23.00	260.00            
4239	 	-5866			0	1500.00	0.00	1500.00	1	1500.00	17.5	2000.00	93	796.00	494	250.00	886	250.00	1150	23.00	1459	23.00	1812	23.00	260.00            
4239	 	-5866			0	1500.00	0.00	1500.00	1	1500.00	17.5	2000.00	93	796.00	494	250.00	886	250.00	1150	23.00	1459	23.00	1812	23.00	260.00            
3251		-4921			0	1500.00	0.00	1500.00	2.00	1500.00	32.00	2000.00	87.00	796.00	487	250.00	887.00	250.00	1200	23.00	1600.00	23.00	2087.00	23.00	260.00            
3984		-3885			0	1500.00	0.00	1500.00	2.5	1500.00	20	2000.00	138	796.00	550	250.00	963	250.00	1225	23.00	1550	23.00	1938	23.00	260.00            
4239		-5866			0	1500.00	0.00	1500.00	1	1500.00	17.5	2000.00	93	796.00	494	250.00	886	250.00	1150	23.00	1459	23.00	1812	23.00	260.00            
3984		-3885			0	1500.00	0.00	1500.00	2.5	1500.00	20	2000.00	138	796.00	550	250.00	963	250.00	1225	23.00	1550	23.00	1938	23.00	260.00            
4663		-4950			0	1500.00	0.00	1500.00	1.25	1500.00	14	2000.00	149	796.00	528	250.00	902	250.00	1150	23.00	1429	23.00	1740	23.00	260.00            
4663		-4950			0	890.00	0	890.00	1.25	890.00	14	3174.00	149	860.00	528	234.00	902	234.00	1150	13.00	1429	13.00	1740	13.00	2000.00           
3984		-3885			0	890.00	0	890.00	2.5	890.00	20	3174.00	138	860.00	550	234.00	963	234.00	1225	13.00	1550	13.00	1938	13.00	2000.00           
4551		-2821			0	890.00	0	890.00	3.00	890.00	8.00	3174.00	188.00	860.00	613	234.00	1038.00	234.00	1250	13.00	1500.00	13.00	1788.00	13.00	2000.00           
4663		-4950			0	890.00	0	890.00	1.25	890.00	14	3174.00	149	860.00	528	234.00	902	234.00	1150	13.00	1429	13.00	1740	13.00	2000.00           
4551		-2821			0	890.00	0	890.00	3.00	890.00	8.00	3174.00	188.00	860.00	613	234.00	1038.00	234.00	1250	13.00	1500.00	13.00	1788.00	13.00	2000.00           
5454		-3885			0	890.00	0	890.00	1.5	890.00	11	3174.00	205	860.00	561	234.00	918	234.00	1149	13.00	1399	13.00	1668	13.00	2000.00           
5454		-3885			0	890.00	0	890.00	1.5	890.00	11	3174.00	205	860.00	561	234.00	918	234.00	1149	13.00	1399	13.00	1668	13.00	2000.00           
4551		-2821			0	890.00	0	890.00	3.00	890.00	8.00	3174.00	188.00	860.00	613	234.00	1038.00	234.00	1250	13.00	1500.00	13.00	1788.00	13.00	2000.00           
5262		-1647			0	890.00	0	890.00	3.5	890.00	16	3174.00	201	860.00	582	234.00	961	234.00	1175	13.00	1450	13.00	1809	13.00	2000.00           
5454		-3885			0	890.00	0	890.00	1.5	890.00	11	3174.00	205	860.00	561	234.00	918	234.00	1149	13.00	1399	13.00	1668	13.00	2000.00           
5262		-1647			0	890.00	0	890.00	3.5	890.00	16	3174.00	201	860.00	582	234.00	961	234.00	1175	13.00	1450	13.00	1809	13.00	2000.00           
6025		-2880			0	890.00	0	890.00	2.75	890.00	15	3174.00	207	860.00	530	234.00	853	234.00	1081	13.00	1339	13.00	1639	13.00	2000.00           
6025		-2880			0	1480.00	0	1480.00	2.75	1480.00	15	2000.00	207	752.00	530	183.00	853	183.00	1081	17.00	1339	17.00	1639	17.00	263.00            
5262		-1647			0	1480.00	0	1480.00	3.5	1480.00	16	2000.00	201	752.00	582	183.00	961	183.00	1175	17.00	1450	17.00	1809	17.00	263.00            
5951		-671			0	1480.00	0	1480.00	4.00	1480.00	24.00	2000.00	214.00	752.00	550	183.00	883.00	183.00	1100	17.00	1400.00	17.00	1829.00	17.00	263.00            
6025		-2880			0	1480.00	0	1480.00	2.75	1480.00	15	2000.00	207	752.00	530	183.00	853	183.00	1081	17.00	1339	17.00	1639	17.00	263.00            
5951		-671			0	1480.00	0	1480.00	4.00	1480.00	24.00	2000.00	214.00	752.00	550	183.00	883.00	183.00	1100	17.00	1400.00	17.00	1829.00	17.00	263.00            
6796		-1967			0	1480.00	0	1480.00	4	1480.00	19	2000.00	210	752.00	498	183.00	787	183.00	1012	17.00	1278	17.00	1610	17.00	263.00            
6796		-1967			0	1480.00	0	1480.00	4	1480.00	19	2000.00	210	752.00	498	183.00	787	183.00	1012	17.00	1278	17.00	1610	17.00	263.00            
5951		-671			0	1480.00	0	1480.00	4.00	1480.00	24.00	2000.00	214.00	752.00	550	183.00	883.00	183.00	1100	17.00	1400.00	17.00	1829.00	17.00	263.00            
6668		462			0	1480.00	0	1480.00	7	1480.00	23	2000.00	243	752.00	625	183.00	1003	183.00	1300	17.00	1650	17.00	2076	17.00	263.00            
6796		-1967			0	1480.00	0	1480.00	4	1480.00	19	2000.00	210	752.00	498	183.00	787	183.00	1012	17.00	1278	17.00	1610	17.00	263.00            
6668		462			0	1480.00	0	1480.00	7	1480.00	23	2000.00	243	752.00	625	183.00	1003	183.00	1300	17.00	1650	17.00	2076	17.00	263.00            
7550		-919			0	1480.00	0	1480.00	6.6	1480.00	21	2000.00	214	752.00	519	183.00	824	183.00	1095	17.00	1391	17.00	1726	17.00	263.00            
7550		-919			0	1680.00	0	1680.00	6.6	1680.00	21	600.00	214	1400.00	519	120.00	824	120.00	1095	22.00	1391	22.00	1726	22.00	243.00            
6668		462			0	1680.00	0	1680.00	7	1680.00	23	600.00	243	1400.00	625	120.00	1003	120.00	1300	22.00	1650	22.00	2076	22.00	243.00            
7251		1329			0	1680.00	0	1680.00	10.00	1680.00	22.00	600.00	272.00	1400.00	700	120.00	1122.00	120.00	1500	22.00	1900.00	22.00	2322.00	22.00	243.00            
7550		-919			0	1680.00	0	1680.00	6.6	1680.00	21	600.00	214	1400.00	519	120.00	824	120.00	1095	22.00	1391	22.00	1726	22.00	243.00            
7251		1329			0	1680.00	0	1680.00	10.00	1680.00	22.00	600.00	272.00	1400.00	700	120.00	1122.00	120.00	1500	22.00	1900.00	22.00	2322.00	22.00	243.00            
8394		-50			0	1680.00	0	1680.00	9.25	1680.00	22.8	600.00	217	1400.00	540	120.00	861	120.00	1177	22.00	1504	22.00	1842	22.00	243.00            
8394		-50			0	1680.00	0	1680.00	9.25	1680.00	22.8	600.00	217	1400.00	540	120.00	861	120.00	1177	22.00	1504	22.00	1842	22.00	243.00            
7251		1329			0	1680.00	0	1680.00	10.00	1680.00	22.00	600.00	272.00	1400.00	700	120.00	1122.00	120.00	1500	22.00	1900.00	22.00	2322.00	22.00	243.00            
8047		2443			0	1680.00	1.5	1680.00	9	1680.00	20.5	600.00	316	1400.00	680	120.00	1040	120.00	1350	22.00	1700	22.00	2069	22.00	243.00            
8394		-50			0	1680.00	0	1680.00	9.25	1680.00	22.8	600.00	217	1400.00	540	120.00	861	120.00	1177	22.00	1504	22.00	1842	22.00	243.00            
8047		2443			0	1680.00	1.5	1680.00	9	1680.00	20.5	600.00	316	1400.00	680	120.00	1040	120.00	1350	22.00	1700	22.00	2069	22.00	243.00            
9130		1369			0	1680.00	0	1680.00	7.6	1680.00	25	600.00	159	1400.00	462	120.00	754	120.00	1045	22.00	1327	22.00	1630	22.00	243.00            
9130		1369			0	1100.00	0	1100.00	7.6	2424.00	25	628.00	159	1900.00	462	150.00	754	150.00	1045	25.00	1327	25.00	1630	25.00	2000.00           
8047		2443			0	1100.00	1.5	1100.00	9	2424.00	20.5	628.00	316	1900.00	680	150.00	1040	150.00	1350	25.00	1700	25.00	2069	25.00	2000.00           
8651		3479			0	1100.00	3.00	1100.00	8.00	2424.00	19.00	628.00	359.00	1900.00	659	150.00	959.00	150.00	1200	25.00	1500.00	25.00	1816.00	25.00	2000.00           
9130		1369			0	1100.00	0	1100.00	7.6	2424.00	25	628.00	159	1900.00	462	150.00	754	150.00	1045	25.00	1327	25.00	1630	25.00	2000.00           
8651		3479			0	1100.00	3.00	1100.00	8.00	2424.00	19.00	628.00	359.00	1900.00	659	150.00	959.00	150.00	1200	25.00	1500.00	25.00	1816.00	25.00	2000.00           
9800		2060			0	1100.00	0	1100.00	6.00	2424.00	27.30	628.00	101.50	1900.00	384.00	150.00	647.00	150.00	913	25.00	1150.00	25.00	1417.00	25.00	2000.00           
9800		2060			0	1100.00	0.00	1100.00	6.00	2424.00	27.30	628.00	101.50	1900.00	384.00	150.00	647.00	150.00	913	25.00	1150.00	25.00	1417.00	25.00	2000.00           
8651		3479			0	1100.00	3.00	1100.00	8.00	2424.00	19.00	628.00	359.00	1900.00	659	150.00	959.00	150.00	1200	25.00	1500.00	25.00	1816.00	25.00	2000.00           
9117.666667	4195.666667		0	1100.00	3.00	1100.00	8.00	2424.00	19.00	628.00	359.00	1900.00	659	150.00	959.00	150.00	1200	25.00	1500.00	25.00	1816.00	25.00	2000.00           
9800    	2060			0	1100.00	0.00	1100.00	6.00	2424.00	27.30	628.00	101.50	1900.00	384.00	150.00	647.00	150.00	913	25.00	1150.00	25.00	1417.00	25.00	2000.00           
9117.666667	4195.666667		0	1100.00	3.00	1100.00	8.00	2424.00	19.00	628.00	359.00	1900.00	659	150.00	959.00	150.00	1200	25.00	1500.00	25.00	1816.00	25.00	2000.00           
10268.66667	2763.333333		0	1100.00	0.00	1100.00	6.00	2424.00	27.30	628.00	101.50	1900.00	384.00	150.00	647.00	150.00	913	25.00	1150.00	25.00	1417.00	25.00	2000.00           
10268.66667	2763.333333		0	1100.00	0.00	1100.00	6.00	2424.00	27.30	628.00	101.50	1900.00	384.00	150.00	647.00	150.00	913	25.00	1150.00	25.00	1417.00	25.00	2000.00           
9117.666667	4195.666667		0	1100.00	3.00	1100.00	8.00	2424.00	19.00	628.00	359.00	1900.00	659	150.00	959.00	150.00	1200	25.00	1500.00	25.00	1816.00	25.00	2000.00           
69584.333333	64912.333333		0	1100.00	3.00	1100.00	8.00	2424.00	19.00	628.00	359.00	1900.00	659	150.00	959.00	150.00	1200	25.00	1500.00	25.00	1816.00	25.00	2000.00           
10268.66667	2763.333333		0	1100.00	0.00	1100.00	6.00	2424.00	27.30	628.00	101.50	1900.00	384.00	150.00	647.00	150.00	913	25.00	1150.00	25.00	1417.00	25.00	2000.00           
69584.333333	64912.333333		0	1100.00	3.00	1100.00	8.00	2424.00	19.00	628.00	359.00	1900.00	659	150.00	959.00	150.00	1200	25.00	1500.00	25.00	1816.00	25.00	2000.00           
60737.33333	63466.666667		0	1100.00	0	1100.00	6.00	2424.00	27.30	628.00	101.50	1900.00	384.00	150.00	647.00	150.00	913	25.00	1150.00	25.00	1417.00	25.00	2000.00           
        12sl                                                                                                                                                                                                              
-60389		-43968.5		0	1200	3.66	1200	37.00	2749.35	86.00	434.91	404.00	317.59	600.00	199.18	824.00	199.18	894.00	2300	1214.00	21	1534.00	21	30000             
-61696.5	-43564.75		0	1200	1.8	1200	21.00	2749.35	143.00	434.91	306.50	317.59	575.00	199.18	742.00	199.18	847.00	2300	1107.00	21	1428.00	21	30000             
-851		-12439.5		0	1200	1.8	1200	21.00	2749.35	143.00	434.91	306.50	317.59	575.00	199.18	742.00	199.18	847.00	2300	1107.00	21	1428.00	21	30000             
-60389		-43968.5		0	1200	3.66	1200	37.00	2749.35	86.00	434.91	404.00	317.59	600.00	199.18	824.00	199.18	894.00	2300	1214.00	21	1534.00	21	30000             
-851		-12439.5		0	1200	1.8	1200	21.00	2749.35	143.00	434.91	306.50	317.59	575.00	199.18	742.00	199.18	847.00	2300	1107.00	21	1428.00	21	30000             
391		-12976			0	1200	3.66	1200	37.00	2749.35	86.00	434.91	404.00	317.59	600.00	199.18	824.00	199.18	894.00	2300	1214.00	21	1534.00	21	30000             
391		-12976			0	1200	3.66	1200	37.00	2749.35	86.00	434.91	404.00	317.59	600.00	199.18	824.00	199.18	894.00	2300	1214.00	21	1534.00	21	30000             
-851		-12439.5		0	1200	1.8	1200	21.00	2749.35	143.00	434.91	306.50	317.59	575.00	199.18	742.00	199.18	847.00	2300	1107.00	21	1428.00	21	30000             
-5.5		-11314.25		0	1200	1.8	1200	21.00	2749.35	143.00	434.91	306.50	317.59	575.00	199.18	742.00	199.18	847.00	2300	1107.00	21	1428.00	21	30000             
391		-12976			0	1200	3.66	1200	37.00	2749.35	86.00	434.91	404.00	317.59	600.00	199.18	824.00	199.18	894.00	2300	1214.00	21	1534.00	21	30000             
-5.5		-11314.25		0	1200	1.8	1200	21.00	2749.35	143.00	434.91	306.50	317.59	575.00	199.18	742.00	199.18	847.00	2300	1107.00	21	1428.00	21	30000             
1171		-11983.5		0	1200	3.66	1200	37.00	2749.35	86.00	434.91	404.00	317.59	600.00	199.18	824.00	199.18	894.00	2300	1214.00	21	1534.00	21	30000             
1171		-11983.5		0	1200	3.66	1200	37.00	2749.35	86.00	434.91	404.00	317.59	600.00	199.18	824.00	199.18	894.00	2300	1214.00	21	1534.00	21	30000             
-5.5		-11314.25		0	1200	1.8	1200	21.00	2749.35	143.00	434.91	306.50	317.59	575.00	199.18	742.00	199.18	847.00	2300	1107.00	21	1428.00	21	30000             
840		-10189			0	1200	1.8	1200	21.00	2749.35	143.00	434.91	306.50	317.59	575.00	199.18	742.00	199.18	847.00	2300	1107.00	21	1428.00	21	30000             
1171		-11983.5		0	1200	3.66	1200	37.00	2749.35	86.00	434.91	404.00	317.59	600.00	199.18	824.00	199.18	894.00	2300	1214.00	21	1534.00	21	30000             
840		-10189			0	1200	1.8	1200	21.00	2749.35	143.00	434.91	306.50	317.59	575.00	199.18	742.00	199.18	847.00	2300	1107.00	21	1428.00	21	30000             
1951		-10991			0	1200	3.66	1200	37.00	2749.35	86.00	434.91	404.00	317.59	600.00	199.18	824.00	199.18	894.00	2300	1214.00	21	1534.00	21	30000             
1951		-10991			0	1200	3.66	1200	37.00	2749.35	86.00	434.91	404.00	317.59	600.00	199.18	824.00	199.18	894.00	2300	1214.00	21	1534.00	21	30000             
840		-10189			0	1200	1.8	1200	21.00	2749.35	143.00	434.91	306.50	317.59	575.00	199.18	742.00	199.18	847.00	2300	1107.00	21	1428.00	21	30000             
1685.5		-9063.75		0	1200	1.4	1200	16	2749.35	98	434.91	250	317.59	496	199.18	728	199.18	845	2300	1129	21	1415	21	30000             
1951		-10991			0	1200	3.66	1200	37.00	2749.35	86.00	434.91	404.00	317.59	600.00	199.18	824.00	199.18	894.00	2300	1214.00	21	1534.00	21	30000             
1685.5		-9063.75		0	1200	1.4	1200	16	2749.35	98	434.91	250	317.59	496	199.18	728	199.18	845	2300	1129	21	1415	21	30000             
2731		-9998.5			0	1200	2.8	1200	28.5	2749.35	94	434.91	268	317.59	436	199.18	748	199.18	889	2300	1150	21	1423	21	30000             
2731		-9998.5			0	600	2.8	600	28.5	1891.58	94	624.07	268	400	436	4500	748	155	889	20	1150	20	1423	20	30000             
1685.5		-9063.75		0	600	1.4	600	16	1891.58	98	624.07	250	400	496	4500	728	155	845	20	1129	20	1415	20	30000             
2531		-7938.5			0	600	1	600	11.75	1891.58	53	624.07	193	400	415.5	4500	713	155	842	20	1150	20	1403	20	30000             
2731		-9998.5			0	600	2.8	600	28.5	1891.58	94	624.07	268	400	436	4500	748	155	889	20	1150	20	1423	20	30000             
2531		-7938.5			0	600	1	600	11.75	1891.58	53	624.07	193	400	415.5	4500	713	155	842	20	1150	20	1403	20	30000             
3511		-9006			0	600	2	600	20	1891.58	101.00	624.07	131.00	400	271.00	4500	671.00	155	884	20	1100.00	20	1311.00	20	30000             
3511		-9006			0	600	2	600	20	1891.58	101.00	624.07	131.00	400	271.00	4500	671.00	155	884	20	1100.00	20	1311.00	20	30000             
2531		-7938.5			0	600	1	600	11.75	1891.58	53	624.07	193	400	415.5	4500	713	155	842	20	1150	20	1403	20	30000             
3327.25		-6959.75		0	600	0.5	600	6	1891.58	35	624.07	143	400	455	4500	800	155	996	20	1305	20	1608	20	30000             
3511		-9006			0	600	2	600	20	1891.58	101.00	624.07	131.00	400	271.00	4500	671.00	155	884	20	1100.00	20	1311.00	20	30000             
3327.25		-6959.75		0	600	0.5	600	6	1891.58	35	624.07	143	400	455	4500	800	155	996	20	1305	20	1608	20	30000             
4253.5		-8023.5			0	600	1	600	10	1891.58	52	624.07	115	400	386	4500	779	155	992	20	1200	20	1424	20	30000             
4253.5		-8023.5			0	381.00	1	381.00	10	381.00	52	381.00	115	620.00	386	256.00	779	25.00	992	25.00	1200	25.00	1424	25.00	4000.00           
3327.25		-6959.75		0	381.00	0.5	381.00	6	381.00	35	381.00	143	620.00	455	256.00	800	25.00	996	25.00	1305	25.00	1608	25.00	4000.00           
4239		-5866			0	381.00	0	381.00	1	381.00	17.5	381.00	93	620.00	494	256.00	886	25.00	1150	25.00	1459	25.00	1812	25.00	4000.00           
4253.5		-8023.5			0	381.00	1	381.00	10	381.00	52	381.00	115	620.00	386	256.00	779	25.00	992	25.00	1200	25.00	1424	25.00	4000.00           
4239		-5866			0	381.00	0	381.00	1	381.00	17.5	381.00	93	620.00	494	256.00	886	25.00	1150	25.00	1459	25.00	1812	25.00	4000.00           
4996		-7041			0	381.00	0	381.00	0.00	381.00	3.00	381.00	99.00	620.00	500.00	256.00	886.00	25.00	1100	25.00	1318.00	25.00	1536.00	25.00	4000.00           
4996		-7041			0	381.00	0	381.00	0.00	381.00	3.00	381.00	99.00	620.00	500.00	256.00	886.00	25.00	1100	25.00	1318.00	25.00	1536.00	25.00	4000.00           
4239		-5866			0	381.00	0	381.00	1	381.00	17.5	381.00	93	620.00	494	256.00	886	25.00	1150	25.00	1459	25.00	1812	25.00	4000.00           
4663		-4950			0	381.00	0	381.00	1.25	381.00	14	381.00	149	620.00	528	256.00	902	25.00	1150	25.00	1429	25.00	1740	25.00	4000.00           
4996		-7041			0	381.00	0	381.00	0.00	381.00	3.00	381.00	99.00	620.00	500.00	256.00	886.00	25.00	1100	25.00	1318.00	25.00	1536.00	25.00	4000.00           
4663		-4950			0	381.00	0	381.00	1.25	381.00	14	381.00	149	620.00	528	256.00	902	25.00	1150	25.00	1429	25.00	1740	25.00	4000.00           
5773		-5994			0	381.00	0	381.00	0	381.00	8.5	381.00	160	620.00	505	256.00	842	25.00	1075	25.00	1308	25.00	1542	25.00	4000.00           
5773		-5994			0	1545.00	0	1545.00	0	1545.00	8.5	1545.00	160	773.00	505	296.00	842	27.00	1075	27.00	1308	27.00	1542	27.00	4000.00           
4663		-4950			0	1545.00	0	1545.00	1.25	1545.00	14	1545.00	149	773.00	528	296.00	902	27.00	1150	27.00	1429	27.00	1740	27.00	4000.00           
5454		-3885			0	1545.00	0	1545.00	1.5	1545.00	11	1545.00	205	773.00	561	296.00	918	27.00	1149	27.00	1399	27.00	1668	27.00	4000.00           
5773		-5994			0	1545.00	0	1545.00	0	1545.00	8.5	1545.00	160	773.00	505	296.00	842	27.00	1075	27.00	1308	27.00	1542	27.00	4000.00           
5454		-3885			0	1545.00	0	1545.00	1.5	1545.00	11	1545.00	205	773.00	561	296.00	918	27.00	1149	27.00	1399	27.00	1668	27.00	4000.00           
6551		-5096			0	1545.00	0	1545.00	0.00	1545.00	14.00	1545.00	221.00	773.00	509.00	296.00	797.00	27.00	1047	27.00	1297.00	27.00	1547.00	27.00	4000.00           
6551		-5096			0	1545.00	0	1545.00	0.00	1545.00	14.00	1545.00	221.00	773.00	509.00	296.00	797.00	27.00	1047	27.00	1297.00	27.00	1547.00	27.00	4000.00           
5454		-3885			0	1545.00	0	1545.00	1.5	1545.00	11	1545.00	205	773.00	561	296.00	918	27.00	1149	27.00	1399	27.00	1668	27.00	4000.00           
6025		-2880			0	1545.00	0	1545.00	2.75	1545.00	15	1545.00	207	773.00	530	296.00	853	27.00	1081	27.00	1339	27.00	1639	27.00	4000.00           
6551		-5096			0	1545.00	0	1545.00	0.00	1545.00	14.00	1545.00	221.00	773.00	509.00	296.00	797.00	27.00	1047	27.00	1297.00	27.00	1547.00	27.00	4000.00           
6025		-2880			0	1545.00	0	1545.00	2.75	1545.00	15	1545.00	207	773.00	530	296.00	853	27.00	1081	27.00	1339	27.00	1639	27.00	4000.00           
7116		-4140			0	1545.00	0	1545.00	2	1545.00	14	1545.00	210	773.00	478	296.00	745	27.00	985	27.00	1227	27.00	1469	27.00	4000.00           
7116		-4140			0	1168.00	0	1168.00	2	1168.00	14	1436.00	210	820.00	478	290.00	745	20.00	985	20.00	1227	20.00	1469	20.00	4000.00           
6025		-2880			0	1168.00	0	1168.00	2.75	1168.00	15	1436.00	207	820.00	530	290.00	853	20.00	1081	20.00	1339	20.00	1639	20.00	4000.00           
6796		-1967			0	1168.00	0	1168.00	4	1168.00	19	1436.00	210	820.00	498	290.00	787	20.00	1012	20.00	1278	20.00	1610	20.00	4000.00           
7116		-4140			0	1168.00	0	1168.00	2	1168.00	14	1436.00	210	820.00	478	290.00	745	20.00	985	20.00	1227	20.00	1469	20.00	4000.00           
6796		-1967			0	1168.00	0	1168.00	4	1168.00	19	1436.00	210	820.00	498	290.00	787	20.00	1012	20.00	1278	20.00	1610	20.00	4000.00           
8083		-3179			0	1168.00	0	1168.00	4.00	1168.00	14.00	1436.00	202.00	820.00	446.00	290.00	690.00	20.00	923	20.00	1156.00	20.00	1390.00	20.00	4000.00           
8083		-3179			0	1168.00	0	1168.00	4.00	1168.00	14.00	1436.00	202.00	820.00	446.00	290.00	690.00	20.00	923	20.00	1156.00	20.00	1390.00	20.00	4000.00           
6796		-1967			0	1168.00	0	1168.00	4	1168.00	19	1436.00	210	820.00	498	290.00	787	20.00	1012	20.00	1278	20.00	1610	20.00	4000.00           
7550		-919			0	1168.00	0	1168.00	6.6	1168.00	21	1436.00	214	820.00	519	290.00	824	20.00	1095	20.00	1391	20.00	1726	20.00	4000.00           
8083		-3179			0	1168.00	0	1168.00	4.00	1168.00	14.00	1436.00	202.00	820.00	446.00	290.00	690.00	20.00	923	20.00	1156.00	20.00	1390.00	20.00	4000.00           
7550		-919			0	1168.00	0	1168.00	6.6	1168.00	21	1436.00	214	820.00	519	290.00	824	20.00	1095	20.00	1391	20.00	1726	20.00	4000.00           
8650		-2095			0	1168.00	0	1168.00	6.25	1168.00	19	1436.00	182	820.00	413	290.00	645	20.00	888	20.00	1132	20.00	1376	20.00	4000.00           
8650		-2095			0	1523.00	0	1523.00	6.25	1523.00	19	604.00	182	1073.00	413	238.00	645	24.00	888	24.00	1132	24.00	1376	24.00	390.00            
7550		-919			0	1523.00	0	1523.00	6.6	1523.00	21	604.00	214	1073.00	519	238.00	824	24.00	1095	24.00	1391	24.00	1726	24.00	390.00            
8394		-50			0	1523.00	0	1523.00	9.25	1523.00	22.8	604.00	217	1073.00	540	238.00	861	24.00	1177	24.00	1504	24.00	1842	24.00	390.00            
8650		-2095			0	1523.00	0	1523.00	6.25	1523.00	19	604.00	182	1073.00	413	238.00	645	24.00	888	24.00	1132	24.00	1376	24.00	390.00            
8394		-50			0	1523.00	0	1523.00	9.25	1523.00	22.8	604.00	217	1073.00	540	238.00	861	24.00	1177	24.00	1504	24.00	1842	24.00	390.00            
9551		-1188			0	1523.00	0	1523.00	8.50	1523.00	23.50	604.00	162.00	1073.00	380.00	238.00	599.00	24.00	853	24.00	1107.00	24.00	1361.00	24.00	390.00            
9551		-1188			0	1523.00	0	1523.00	8.50	1523.00	23.50	604.00	162.00	1073.00	380.00	238.00	599.00	24.00	853	24.00	1107.00	24.00	1361.00	24.00	390.00            
8394		-50			0	1523.00	0	1523.00	9.25	1523.00	22.8	604.00	217	1073.00	540	238.00	861	24.00	1177	24.00	1504	24.00	1842	24.00	390.00            
9130		1369			0	1523.00	0	1523.00	7.6	1523.00	25	604.00	159	1073.00	462	238.00	754	24.00	1045	24.00	1327	24.00	1630	24.00	390.00            
9551		-1188			0	1523.00	0	1523.00	8.50	1523.00	23.50	604.00	162.00	1073.00	380.00	238.00	599.00	24.00	853	24.00	1107.00	24.00	1361.00	24.00	390.00            
9130		1369			0	1523.00	0	1523.00	7.6	1523.00	25	604.00	159	1073.00	462	238.00	754	24.00	1045	24.00	1327	24.00	1630	24.00	390.00            
10184		-50			0	1523.00	0	1523.00	8.75	1523.00	35	604.00	162	1073.00	395	238.00	617	24.00	860	24.00	1100	24.00	1348	24.00	390.00            
10184		-50			0	2002.00	0	2002.00	8.75	2002.00	35	922.00	162	1791.00	395	193.00	617	35.00	860	35.00	1100	35.00	1348	35.00	730.00            
9130		1369			0	2002.00	0	2002.00	7.6	2002.00	25	922.00	159	1791.00	462	193.00	754	35.00	1045	35.00	1327	35.00	1630	35.00	730.00            
9800		2060			0	2002.00	0	2002.00	6.00	2002.00	27.30	922.00	101.50	1791.00	384.00	193.00	647.00	35.00	913	35.00	1150.00	35.00	1417.00	35.00	730.00            
10184		-50			0	2002.00	0	2002.00	8.75	2002.00	35	922.00	162	1791.00	395	193.00	617	35.00	860	35.00	1100	35.00	1348	35.00	730.00            
9800		2060			0	2002.00	0	2002.00	6.00	2002.00	27.30	922.00	101.50	1791.00	384.00	193.00	647.00	35.00	913	35.00	1150.00	35.00	1417.00	35.00	730.00            
11071		834			0	2002.00	0	2002.00	9.00	2002.00	46.50	922.00	184.00	1791.00	409.00	193.00	634.00	35.00	867	35.00	1100.00	35.00	1334.00	35.00	730.00            
11071		834			0	2002.00	0	2002.00	9.00	2002.00	46.50	922.00	184.00	1791.00	409.00	193.00	634.00	35.00	867	35.00	1100.00	35.00	1334.00	35.00	730.00            
9800		2060			0	2002.00	0	2002.00	6.00	2002.00	27.30	922.00	101.50	1791.00	384.00	193.00	647.00	35.00	913	35.00	1150.00	35.00	1417.00	35.00	730.00            
10268.66667	2763.333333		0	2002.00	0	2002.00	6.00	2002.00	27.30	922.00	101.50	1791.00	384.00	193.00	647.00	35.00	913	35.00	1150.00	35.00	1417.00	35.00	730.00            
11071    	834			0	2002.00	0	2002.00	9.00	2002.00	46.50	922.00	184.00	1791.00	409.00	193.00	634.00	35.00	867	35.00	1100.00	35.00	1334.00	35.00	730.00            
10268.66667	2763.333333		0	2002.00	0	2002.00	6.00	2002.00	27.30	922.00	101.50	1791.00	384.00	193.00	647.00	35.00	913	35.00	1150.00	35.00	1417.00	35.00	730.00            
11577.66667	1508			0	2002.00	0	2002.00	9.00	2002.00	46.50	922.00	184.00	1791.00	409.00	193.00	634.00	35.00	867	35.00	1100.00	35.00	1334.00	35.00	730.00            
11577.66667	1508			0	2002.00	0	2002.00	9.00	2002.00	46.50	922.00	184.00	1791.00	409.00	193.00	634.00	35.00	867	35.00	1100.00	35.00	1334.00	35.00	730.00            
10268.66667	2763.333333		0	2002.00	0	2002.00	6.00	2002.00	27.30	922.00	101.50	1791.00	384.00	193.00	647.00	35.00	913	35.00	1150.00	35.00	1417.00	35.00	730.00            
60737.33333	63466.666667		0	2002.00	0	2002.00	6.00	2002.00	27.30	922.00	101.50	1791.00	384.00	193.00	647.00	35.00	913	35.00	1150.00	35.00	1417.00	35.00	730.00            
11577.66667	1508			0	2002.00	0	2002.00	9.00	2002.00	46.50	922.00	184.00	1791.00	409.00	193.00	634.00	35.00	867	35.00	1100.00	35.00	1334.00	35.00	730.00            
60737.33333	63466.666667		0	2002.00	0	2002.00	6.00	2002.00	27.30	922.00	101.50	1791.00	384.00	193.00	647.00	35.00	913	35.00	1150.00	35.00	1417.00	35.00	730.00            
62084.33333	62182			0.00	2002.00	0.00	2002.00	9.00	2002.00	46.50	922.00	184.00	1791.00	409.00	193.00	634.00	35.00	867	35.00	1100.00	35.00	1334.00	35.00	730.00            
       13sl                                                                                                                                                                                                               
391		-44961			0	1200	3.66	1200	37.00	2749.35	86.00	434.91	404.00	317.59	600.00	199.18	824.00	199.18	894.00	2300	1214.00	21	1534.00	21	30000             
-60389		-43968.5		0	1200	3.66	1200	37.00	2749.35	86.00	434.91	404.00	317.59	600.00	199.18	824.00	199.18	894.00	2300	1214.00	21	1534.00	21	30000             
391		-12976			0	1200	3.66	1200	37.00	2749.35	86.00	434.91	404.00	317.59	600.00	199.18	824.00	199.18	894.00	2300	1214.00	21	1534.00	21	30000             
391		-44961			0	1200	3.66	1200	37.00	2749.35	86.00	434.91	404.00	317.59	600.00	199.18	824.00	199.18	894.00	2300	1214.00	21	1534.00	21	30000             
391		-12976			0	1200	3.66	1200	37.00	2749.35	86.00	434.91	404.00	317.59	600.00	199.18	824.00	199.18	894.00	2300	1214.00	21	1534.00	21	30000             
1171		-13968.5		0	1200	3.66	1200	37.00	2749.35	86.00	434.91	404.00	317.59	600.00	199.18	824.00	199.18	894.00	2300	1214.00	21	1534.00	21	30000             
1171		-13968.5		0	1200	3.66	1200	37.00	2749.35	86.00	434.91	404.00	317.59	600.00	199.18	824.00	199.18	894.00	2300	1214.00	21	1534.00	21	30000             
391		-12976			0	1200	3.66	1200	37.00	2749.35	86.00	434.91	404.00	317.59	600.00	199.18	824.00	199.18	894.00	2300	1214.00	21	1534.00	21	30000             
1171		-11983.5		0	1200	3.66	1200	37.00	2749.35	86.00	434.91	404.00	317.59	600.00	199.18	824.00	199.18	894.00	2300	1214.00	21	1534.00	21	30000             
1171		-13968.5		0	1200	3.66	1200	37.00	2749.35	86.00	434.91	404.00	317.59	600.00	199.18	824.00	199.18	894.00	2300	1214.00	21	1534.00	21	30000             
1171		-11983.5		0	1200	3.66	1200	37.00	2749.35	86.00	434.91	404.00	317.59	600.00	199.18	824.00	199.18	894.00	2300	1214.00	21	1534.00	21	30000             
1951		-12976			0	1200	3.66	1200	37.00	2749.35	86.00	434.91	404.00	317.59	600.00	199.18	824.00	199.18	894.00	2300	1214.00	21	1534.00	21	30000             
1951		-12976			0	1200	3.66	1200	37.00	2749.35	86.00	434.91	404.00	317.59	600.00	199.18	824.00	199.18	894.00	2300	1214.00	21	1534.00	21	30000             
1171		-11983.5		0	1200	3.66	1200	37.00	2749.35	86.00	434.91	404.00	317.59	600.00	199.18	824.00	199.18	894.00	2300	1214.00	21	1534.00	21	30000             
1951		-10991			0	1200	3.66	1200	37.00	2749.35	86.00	434.91	404.00	317.59	600.00	199.18	824.00	199.18	894.00	2300	1214.00	21	1534.00	21	30000             
1951		-12976			0	1200	3.66	1200	37.00	2749.35	86.00	434.91	404.00	317.59	600.00	199.18	824.00	199.18	894.00	2300	1214.00	21	1534.00	21	30000             
1951		-10991			0	1200	3.66	1200	37.00	2749.35	86.00	434.91	404.00	317.59	600.00	199.18	824.00	199.18	894.00	2300	1214.00	21	1534.00	21	30000             
2731		-11983.5		0	1200	3.66	1200	37.00	2749.35	86.00	434.91	404.00	317.59	600.00	199.18	824.00	199.18	894.00	2300	1214.00	21	1534.00	21	30000             
2731		-11983.5		0	1200	3.66	1200	37.00	2749.35	86.00	434.91	404.00	317.59	600.00	199.18	824.00	199.18	894.00	2300	1214.00	21	1534.00	21	30000             
1951		-10991			0	1200	3.66	1200	37.00	2749.35	86.00	434.91	404.00	317.59	600.00	199.18	824.00	199.18	894.00	2300	1214.00	21	1534.00	21	30000             
2731		-9998.5			0	1200	2.8	1200	28.5	2749.35	94	434.91	268	317.59	436	199.18	748	199.18	889	2300	1150	21	1423	21	30000             
2731		-11983.5		0	1200	3.66	1200	37.00	2749.35	86.00	434.91	404.00	317.59	600.00	199.18	824.00	199.18	894.00	2300	1214.00	21	1534.00	21	30000             
2731		-9998.5			0	1200	2.8	1200	28.5	2749.35	94	434.91	268	317.59	436	199.18	748	199.18	889	2300	1150	21	1423	21	30000             
3511		-10991			0	1200	2.8	1200	28.5	2749.35	94	434.91	268	317.59	436	199.18	748	199.18	889	2300	1150	21	1423	21	30000             
3511		-10991			0	600	2.8	600	28.5	1891.58	94	624.07	268	400	436	4500	748	155	889	20	1150	20	1423	20	30000             
2731		-9998.5			0	600	2.8	600	28.5	1891.58	94	624.07	268	400	436	4500	748	155	889	20	1150	20	1423	20	30000             
3511		-9006			0	600	2	600	20	1891.58	101.00	624.07	131.00	400	271.00	4500	671.00	155	884	20	1100.00	20	1311.00	20	30000             
3511		-10991			0	600	2.8	600	28.5	1891.58	94	624.07	268	400	436	4500	748	155	889	20	1150	20	1423	20	30000             
3511		-9006			0	600	2	600	20	1891.58	101.00	624.07	131.00	400	271.00	4500	671.00	155	884	20	1100.00	20	1311.00	20	30000             
4253.5		-9988.5			0	600	2	600	20	1891.58	101.00	624.07	131.00	400	271.00	4500	671.00	155	884	20	1100.00	20	1311.00	20	30000             
4253.5		-9988.5			0	600	2	600	20	1891.58	101.00	624.07	131.00	400	271.00	4500	671.00	155	884	20	1100.00	20	1311.00	20	30000             
3511		-9006			0	600	2	600	20	1891.58	101.00	624.07	131.00	400	271.00	4500	671.00	155	884	20	1100.00	20	1311.00	20	30000             
4253.5		-8023.5			0	600	1	600	10	1891.58	52	624.07	115	400	386	4500	779	155	992	20	1200	20	1424	20	30000             
4253.5		-9988.5			0	600	2	600	20	1891.58	101.00	624.07	131.00	400	271.00	4500	671.00	155	884	20	1100.00	20	1311.00	20	30000             
4253.5		-8023.5			0	600	1	600	10	1891.58	52	624.07	115	400	386	4500	779	155	992	20	1200	20	1424	20	30000             
4996		-9006			0	600	1	600	10	1891.58	52	624.07	115	400	386	4500	779	155	992	20	1200	20	1424	20	30000             
4996		-9006			0	381.00	1	381.00	10	381.00	52	381.00	115	620.00	386	256.00	779	25.00	992	25.00	1200	25.00	1424	25.00	4000.00           
4253.5		-8023.5			0	381.00	1	381.00	10	381.00	52	381.00	115	620.00	386	256.00	779	25.00	992	25.00	1200	25.00	1424	25.00	4000.00           
4996		-7041			0	381.00	0.00	381.00	0.00	381.00	3.00	381.00	99.00	620.00	500.00	256.00	886.00	25.00	1100	25.00	1318.00	25.00	1536.00	25.00	4000.00           
4996		-9006			0	381.00	1	381.00	10	381.00	52	381.00	115	620.00	386	256.00	779	25.00	992	25.00	1200	25.00	1424	25.00	4000.00           
4996		-7041			0	381.00	0.00	381.00	0.00	381.00	3.00	381.00	99.00	620.00	500.00	256.00	886.00	25.00	1100	25.00	1318.00	25.00	1536.00	25.00	4000.00           
5773		-8088			0	381.00	0.00	381.00	0.00	381.00	3.00	381.00	99.00	620.00	500.00	256.00	886.00	25.00	1100	25.00	1318.00	25.00	1536.00	25.00	4000.00           
5773		-8088			0	381.00	0.00	381.00	0.00	381.00	3.00	381.00	99.00	620.00	500.00	256.00	886.00	25.00	1100	25.00	1318.00	25.00	1536.00	25.00	4000.00           
4996		-7041			0	381.00	0.00	381.00	0.00	381.00	3.00	381.00	99.00	620.00	500.00	256.00	886.00	25.00	1100	25.00	1318.00	25.00	1536.00	25.00	4000.00           
5773		-5994			0	381.00	0.00	381.00	0.00	381.00	8.5	381.00	160	620.00	505	256.00	842	25.00	1075	25.00	1308	25.00	1542	25.00	4000.00           
5773		-8088			0	381.00	0.00	381.00	0.00	381.00	3.00	381.00	99.00	620.00	500.00	256.00	886.00	25.00	1100	25.00	1318.00	25.00	1536.00	25.00	4000.00           
5773		-5994			0	381.00	0.00	381.00	0.00	381.00	8.5	381.00	160	620.00	505	256.00	842	25.00	1075	25.00	1308	25.00	1542	25.00	4000.00           
6551		-6892			0	381.00	0	381.00	0	381.00	8.5	381.00	160	620.00	505	256.00	842	25.00	1075	25.00	1308	25.00	1542	25.00	4000.00           
6551		-6892			0	1545.00	0	1545.00	0	1545.00	8.5	1545.00	160	773.00	505	296.00	842	27.00	1075	27.00	1308	27.00	1542	27.00	4000.00           
5773		-5994			0	1545.00	0	1545.00	0	1545.00	8.5	1545.00	160	773.00	505	296.00	842	27.00	1075	27.00	1308	27.00	1542	27.00	4000.00           
6551		-5096			0	1545.00	0	1545.00	0	1545.00	14.00	1545.00	221.00	773.00	509.00	296.00	797.00	27.00	1047	27.00	1297.00	27.00	1547.00	27.00	4000.00           
6551		-6892			0	1545.00	0	1545.00	0	1545.00	8.5	1545.00	160	773.00	505	296.00	842	27.00	1075	27.00	1308	27.00	1542	27.00	4000.00           
6551		-5096			0	1545.00	0	1545.00	0	1545.00	14.00	1545.00	221.00	773.00	509.00	296.00	797.00	27.00	1047	27.00	1297.00	27.00	1547.00	27.00	4000.00           
7116		-6052			0	1545.00	0	1545.00	0	1545.00	14.00	1545.00	221.00	773.00	509.00	296.00	797.00	27.00	1047	27.00	1297.00	27.00	1547.00	27.00	4000.00           
7116		-6052			0	1545.00	0	1545.00	0	1545.00	14.00	1545.00	221.00	773.00	509.00	296.00	797.00	27.00	1047	27.00	1297.00	27.00	1547.00	27.00	4000.00           
6551		-5096			0	1545.00	0	1545.00	0	1545.00	14.00	1545.00	221.00	773.00	509.00	296.00	797.00	27.00	1047	27.00	1297.00	27.00	1547.00	27.00	4000.00           
7116		-4140			0	1545.00	0	1545.00	2	1545.00	14	1545.00	210	773.00	478	296.00	745	27.00	985	27.00	1227	27.00	1469	27.00	4000.00           
7116		-6052			0	1545.00	0	1545.00	0.00	1545.00	14.00	1545.00	221.00	773.00	509.00	296.00	797.00	27.00	1047	27.00	1297.00	27.00	1547.00	27.00	4000.00           
7116		-4140			0	1545.00	0	1545.00	2	1545.00	14	1545.00	210	773.00	478	296.00	745	27.00	985	27.00	1227	27.00	1469	27.00	4000.00           
8083		-5101			0	1545.00	0	1545.00	2	1545.00	14	1545.00	210	773.00	478	296.00	745	27.00	985	27.00	1227	27.00	1469	27.00	4000.00           
8083		-5101			0	1168.00	0	1168.00	2	1168.00	14	1436.00	210	820.00	478	290.00	745	20.00	985	20.00	1227	20.00	1469	20.00	4000.00           
7116		-4140			0	1168.00	0	1168.00	2	1168.00	14	1436.00	210	820.00	478	290.00	745	20.00	985	20.00	1227	20.00	1469	20.00	4000.00           
8083		-3179			0	1168.00	0	1168.00	4.00	1168.00	14.00	1436.00	202.00	820.00	446.00	290.00	690.00	20.00	923	20.00	1156.00	20.00	1390.00	20.00	4000.00           
8083		-5101			0	1168.00	0	1168.00	2	1168.00	14	1436.00	210	820.00	478	290.00	745	20.00	985	20.00	1227	20.00	1469	20.00	4000.00           
8083		-3179			0	1168.00	0	1168.00	4.00	1168.00	14.00	1436.00	202.00	820.00	446.00	290.00	690.00	20.00	923	20.00	1156.00	20.00	1390.00	20.00	4000.00           
8650		-4263			0	1168.00	0	1168.00	4.00	1168.00	14.00	1436.00	202.00	820.00	446.00	290.00	690.00	20.00	923	20.00	1156.00	20.00	1390.00	20.00	4000.00           
8650		-4263			0	1168.00	0	1168.00	4.00	1168.00	14.00	1436.00	202.00	820.00	446.00	290.00	690.00	20.00	923	20.00	1156.00	20.00	1390.00	20.00	4000.00           
8083		-3179			0	1168.00	0	1168.00	4.00	1168.00	14.00	1436.00	202.00	820.00	446.00	290.00	690.00	20.00	923	20.00	1156.00	20.00	1390.00	20.00	4000.00           
8650		-2095			0	1168.00	0	1168.00	6.25	1168.00	19	1436.00	182	820.00	413	290.00	645	20.00	888	20.00	1132	20.00	1376	20.00	4000.00           
8650		-4263			0	1168.00	0	1168.00	4.00	1168.00	14.00	1436.00	202.00	820.00	446.00	290.00	690.00	20.00	923	20.00	1156.00	20.00	1390.00	20.00	4000.00           
8650		-2095			0	1168.00	0	1168.00	6.25	1168.00	19	1436.00	182	820.00	413	290.00	645	20.00	888	20.00	1132	20.00	1376	20.00	4000.00           
9551		-3002			0	1168.00	0	1168.00	6.25	1168.00	19	1436.00	182	820.00	413	290.00	645	20.00	888	20.00	1132	20.00	1376	20.00	4000.00           
9551		-3002			0	1523.00	0	1523.00	6.25	1523.00	19	604.00	182	1073.00	413	238.00	645	24.00	888	24.00	1132	24.00	1376	24.00	390.00            
8650		-2095			0	1523.00	0	1523.00	6.25	1523.00	19	604.00	182	1073.00	413	238.00	645	24.00	888	24.00	1132	24.00	1376	24.00	390.00            
9551		-1188			0	1523.00	0	1523.00	8.50	1523.00	23.50	604.00	162.00	1073.00	380.00	238.00	599.00	24.00	853	24.00	1107.00	24.00	1361.00	24.00	390.00            
9551		-3002			0	1523.00	0	1523.00	6.25	1523.00	19	604.00	182	1073.00	413	238.00	645	24.00	888	24.00	1132	24.00	1376	24.00	390.00            
9551		-1188			0	1523.00	0	1523.00	8.50	1523.00	23.50	604.00	162.00	1073.00	380.00	238.00	599.00	24.00	853	24.00	1107.00	24.00	1361.00	24.00	390.00            
10184		-2326			0	1523.00	0	1523.00	8.50	1523.00	23.50	604.00	162.00	1073.00	380.00	238.00	599.00	24.00	853	24.00	1107.00	24.00	1361.00	24.00	390.00            
10184		-2326			0	1523.00	0	1523.00	8.50	1523.00	23.50	604.00	162.00	1073.00	380.00	238.00	599.00	24.00	853	24.00	1107.00	24.00	1361.00	24.00	390.00            
9551		-1188			0	1523.00	0	1523.00	8.50	1523.00	23.50	604.00	162.00	1073.00	380.00	238.00	599.00	24.00	853	24.00	1107.00	24.00	1361.00	24.00	390.00            
10184		-50			0	1523.00	0	1523.00	8.75	1523.00	35	604.00	162	1073.00	395	238.00	617	24.00	860	24.00	1100	24.00	1348	24.00	390.00            
10184		-2326			0	1523.00	0	1523.00	8.50	1523.00	23.50	604.00	162.00	1073.00	380.00	238.00	599.00	24.00	853	24.00	1107.00	24.00	1361.00	24.00	390.00            
10184		-50			0	1523.00	0	1523.00	8.75	1523.00	35	604.00	162	1073.00	395	238.00	617	24.00	860	24.00	1100	24.00	1348	24.00	390.00            
11071		-934			0	1523.00	0	1523.00	8.75	1523.00	35	604.00	162	1073.00	395	238.00	617	24.00	860	24.00	1100	24.00	1348	24.00	390.00            
11071		-934			0	2002.00	0	2002.00	8.75	2002.00	35	922.00	162	1791.00	395	193.00	617	35.00	860	35.00	1100	35.00	1348	35.00	730.00            
10184		-50			0	2002.00	0	2002.00	8.75	2002.00	35	922.00	162	1791.00	395	193.00	617	35.00	860	35.00	1100	35.00	1348	35.00	730.00            
11071		834			0	2002.00	0	2002.00	9.00	2002.00	46.50	922.00	184.00	1791.00	409.00	193.00	634.00	35.00	867	35.00	1100.00	35.00	1334.00	35.00	730.00            
11071		-934			0	2002.00	0	2002.00	8.75	2002.00	35	922.00	162	1791.00	395	193.00	617	35.00	860	35.00	1100	35.00	1348	35.00	730.00            
11071		834			0	2002.00	0	2002.00	9.00	2002.00	46.50	922.00	184.00	1791.00	409.00	193.00	634.00	35.00	867	35.00	1100.00	35.00	1334.00	35.00	730.00            
11577.66667	160		        0	2002.00	0	2002.00	9.00	2002.00	46.50	922.00	184.00	1791.00	409.00	193.00	634.00	35.00	867	35.00	1100.00	35.00	1334.00	35.00	730.00            
11577.66667	160		        0	2002.00	0	2002.00	9.00	2002.00	46.50	922.00	184.00	1791.00	409.00	193.00	634.00	35.00	867	35.00	1100.00	35.00	1334.00	35.00	730.00            
11071   	834			0	2002.00	0	2002.00	9.00	2002.00	46.50	922.00	184.00	1791.00	409.00	193.00	634.00	35.00	867	35.00	1100.00	35.00	1334.00	35.00	730.00            
11577.66667	1508			0	2002.00	0	2002.00	9.00	2002.00	46.50	922.00	184.00	1791.00	409.00	193.00	634.00	35.00	867	35.00	1100.00	35.00	1334.00	35.00	730.00            
11577.66667	160			0	2002.00	0	2002.00	9.00	2002.00	46.50	922.00	184.00	1791.00	409.00	193.00	634.00	35.00	867	35.00	1100.00	35.00	1334.00	35.00	730.00            
11577.66667	1508			0	2002.00	0	2002.00	9.00	2002.00	46.50	922.00	184.00	1791.00	409.00	193.00	634.00	35.00	867	35.00	1100.00	35.00	1334.00	35.00	730.00            
12084.33333	834			0	2002.00	0	2002.00	9.00	2002.00	46.50	922.00	184.00	1791.00	409.00	193.00	634.00	35.00	867	35.00	1100.00	35.00	1334.00	35.00	730.00            
12084.33333	834			0	2002.00	0	2002.00	9.00	2002.00	46.50	922.00	184.00	1791.00	409.00	193.00	634.00	35.00	867	35.00	1100.00	35.00	1334.00	35.00	730.00            
11577.66667	1508			0	2002.00	0	2002.00	9.00	2002.00	46.50	922.00	184.00	1791.00	409.00	193.00	634.00	35.00	867	35.00	1100.00	35.00	1334.00	35.00	730.00            
62084.33333	62182			0	2002.00	0	2002.00	9.00	2002.00	46.50	922.00	184.00	1791.00	409.00	193.00	634.00	35.00	867	35.00	1100.00	35.00	1334.00	35.00	730.00            
12084.33333	834			0	2002.00	0	2002.00	9.00	2002.00	46.50	922.00	184.00	1791.00	409.00	193.00	634.00	35.00	867	35.00	1100.00	35.00	1334.00	35.00	730.00            
62084.33333	62182			0	2002.00	0	2002.00	9.00	2002.00	46.50	922.00	184.00	1791.00	409.00	193.00	634.00	35.00	867	35.00	1100.00	35.00	1334.00	35.00	730.00            
62591	        61508			0	2002.00	0	2002.00	9.00	2002.00	46.50	922.00	184.00	1791.00	409.00	193.00	634.00	35.00	867	35.00	1100.00	35.00	1334.00	35.00	730.00            
        14sl                                                                                                                                                                                                              
1171		-45953.5		0	1200	3.66	1200	37.00	2749.35	86.00	434.91	404.00	317.59	600.00	199.18	824.00	199.18	894.00	2300	1214.00	21	1534.00	21	30000             
391		-44961			0	1200	3.66	1200	37.00	2749.35	86.00	434.91	404.00	317.59	600.00	199.18	824.00	199.18	894.00	2300	1214.00	21	1534.00	21	30000             
1171		-13968.5		0	1200	3.66	1200	37.00	2749.35	86.00	434.91	404.00	317.59	600.00	199.18	824.00	199.18	894.00	2300	1214.00	21	1534.00	21	30000             
1171		-65953.5		0	1200	3.66	1200	37.00	2749.35	86.00	434.91	404.00	317.59	600.00	199.18	824.00	199.18	894.00	2300	1214.00	21	1534.00	21	30000             
1171		-13968.5		0	1200	3.66	1200	37.00	2749.35	86.00	434.91	404.00	317.59	600.00	199.18	824.00	199.18	894.00	2300	1214.00	21	1534.00	21	30000             
1951		-64961			0	1200	3.66	1200	37.00	2749.35	86.00	434.91	404.00	317.59	600.00	199.18	824.00	199.18	894.00	2300	1214.00	21	1534.00	21	30000             
1951		-64961			0	1200	3.66	1200	37.00	2749.35	86.00	434.91	404.00	317.59	600.00	199.18	824.00	199.18	894.00	2300	1214.00	21	1534.00	21	30000             
1171		-13968.5		0	1200	3.66	1200	37.00	2749.35	86.00	434.91	404.00	317.59	600.00	199.18	824.00	199.18	894.00	2300	1214.00	21	1534.00	21	30000             
1951		-12976			0	1200	3.66	1200	37.00	2749.35	86.00	434.91	404.00	317.59	600.00	199.18	824.00	199.18	894.00	2300	1214.00	21	1534.00	21	30000             
1951		-64961			0	1200	3.66	1200	37.00	2749.35	86.00	434.91	404.00	317.59	600.00	199.18	824.00	199.18	894.00	2300	1214.00	21	1534.00	21	30000             
1951		-12976			0	1200	3.66	1200	37.00	2749.35	86.00	434.91	404.00	317.59	600.00	199.18	824.00	199.18	894.00	2300	1214.00	21	1534.00	21	30000             
2731		-63968.5		0	1200	3.66	1200	37.00	2749.35	86.00	434.91	404.00	317.59	600.00	199.18	824.00	199.18	894.00	2300	1214.00	21	1534.00	21	30000             
2731		-63968.5		0	1200	3.66	1200	37.00	2749.35	86.00	434.91	404.00	317.59	600.00	199.18	824.00	199.18	894.00	2300	1214.00	21	1534.00	21	30000             
1951		-12976			0	1200	3.66	1200	37.00	2749.35	86.00	434.91	404.00	317.59	600.00	199.18	824.00	199.18	894.00	2300	1214.00	21	1534.00	21	30000             
2731		-11983.5		0	1200	3.66	1200	37.00	2749.35	86.00	434.91	404.00	317.59	600.00	199.18	824.00	199.18	894.00	2300	1214.00	21	1534.00	21	30000             
2731		-63968.5		0	1200	3.66	1200	37.00	2749.35	86.00	434.91	404.00	317.59	600.00	199.18	824.00	199.18	894.00	2300	1214.00	21	1534.00	21	30000             
2731		-11983.5		0	1200	3.66	1200	37.00	2749.35	86.00	434.91	404.00	317.59	600.00	199.18	824.00	199.18	894.00	2300	1214.00	21	1534.00	21	30000             
3511		-62976			0	1200	3.66	1200	37.00	2749.35	86.00	434.91	404.00	317.59	600.00	199.18	824.00	199.18	894.00	2300	1214.00	21	1534.00	21	30000             
3511		-62976			0	1200	3.66	1200	37.00	2749.35	86.00	434.91	404.00	317.59	600.00	199.18	824.00	199.18	894.00	2300	1214.00	21	1534.00	21	30000             
2731		-11983.5		0	1200	3.66	1200	37.00	2749.35	86.00	434.91	404.00	317.59	600.00	199.18	824.00	199.18	894.00	2300	1214.00	21	1534.00	21	30000             
3511		-10991			0	1200	2.8	1200	28.5	2749.35	94	434.91	268	317.59	436	199.18	748	199.18	889	2300	1150.00	21	1423.00	21	30000             
3511		-62976			0	1200	3.66	1200	37.00	2749.35	86.00	434.91	404.00	317.59	600.00	199.18	824.00	199.18	894.00	2300	1214.00	21	1534.00	21	30000             
3511		-10991			0	1200	2.8	1200	28.5	2749.35	94	434.91	268	317.59	436	199.18	748	199.18	889	2300	1150.00	21	1423.00	21	30000             
4291		-61983.5		0	1200	2.8	1200	28.5	2749.35	94	434.91	268	317.59	436	199.18	748	199.18	889	2300	1150.00	21	1423.00	21	30000             
4291		-61983.5		0	600	2.8	600	28.5	1891.58	94	624.07	268	400	436	4500	748	155	889	20	1150	20	1423	20	30000             
3511		-10991			0	600	2.8	600	28.5	1891.58	94	624.07	268	400	436	4500	748	155	889	20	1150	20	1423	20	30000             
4253.5		-9988.5			0	600	2	600	20	1891.58	101.00	624.07	131.00	400	271.00	4500	671.00	155	884	20	1100.00	20	1311.00	20	30000             
4291		-61983.5		0	600	2.8	600	28.5	1891.58	94	624.07	268	400	436	4500	748	155	889	20	1150	20	1423	20	30000             
4253.5		-9988.5			0	600	2	600	20	1891.58	101.00	624.07	131.00	400	271.00	4500	671.00	155	884	20	1100.00	20	1311.00	20	30000             
4996		-60971			0	600	2	600	20	1891.58	101.00	624.07	131.00	400	271.00	4500	671.00	155	884	20	1100.00	20	1311.00	20	30000             
4996		-60971			0	600	2	600	20	1891.58	101.00	624.07	131.00	400	271.00	4500	671.00	155	884	20	1100.00	20	1311.00	20	30000             
4253.5		-9988.5			0	600	2	600	20	1891.58	101.00	624.07	131.00	400	271.00	4500	671.00	155	884	20	1100.00	20	1311.00	20	30000             
4996		-9006			0	600	1	600	10	1891.58	52	624.07	115	400	386	4500	779	155	992	20	1200	20	1424	20	30000             
4996		-60971			0	600	2	600	20	1891.58	101.00	624.07	131.00	400	271.00	4500	671.00	155	884	20	1100.00	20	1311.00	20	30000             
4996		-9006			0	600	1	600	10	1891.58	52	624.07	115	400	386	4500	779	155	992	20	1200	20	1424	20	30000             
5738.5		-69988.5		0	600	1	600	10	1891.58	52	624.07	115	400	386	4500	779	155	992	20	1200	20	1424	20	30000             
5738.5		-69988.5		0	381.00	1	381.00	10	381.00	52	381.00	115	620.00	386	256.00	779	25.00	992	25.00	1200	25.00	1424	25.00	4000.00           
4996		-9006			0	381.00	1	381.00	10	381.00	52	381.00	115	620.00	386	256.00	779	25.00	992	25.00	1200	25.00	1424	25.00	4000.00           
5773		-8088			0.00	381.00	0.00	381.00	0.00	381.00	3.00	381.00	99.00	620.00	500.00	256.00	886.00	25.00	1100	25.00	1318.00	25.00	1536.00	25.00	4000.00           
5738.5		-69988.5		0	381.00	1	381.00	10	381.00	52	381.00	115	620.00	386	256.00	779	25.00	992	25.00	1200	25.00	1424	25.00	4000.00           
5773		-8088			0.00	381.00	0.00	381.00	0.00	381.00	3.00	381.00	99.00	620.00	500.00	256.00	886.00	25.00	1100	25.00	1318.00	25.00	1536.00	25.00	4000.00           
6550		-69135			0.00	381.00	0.00	381.00	0.00	381.00	3.00	381.00	99.00	620.00	500.00	256.00	886.00	25.00	1100	25.00	1318.00	25.00	1536.00	25.00	4000.00           
6550		-69135			0.00	381.00	0.00	381.00	0.00	381.00	3.00	381.00	99.00	620.00	500.00	256.00	886.00	25.00	1100	25.00	1318.00	25.00	1536.00	25.00	4000.00           
5773		-8088			0.00	381.00	0.00	381.00	0.00	381.00	3.00	381.00	99.00	620.00	500.00	256.00	886.00	25.00	1100	25.00	1318.00	25.00	1536.00	25.00	4000.00           
6551		-6892			0.00	381.00	0.00	381.00	0.00	381.00	8.5	381.00	160	620.00	505	256.00	842	25.00	1075	25.00	1308	25.00	1542	25.00	4000.00           
6550		-69135			0.00	381.00	0.00	381.00	0.00	381.00	3.00	381.00	99.00	620.00	500.00	256.00	886.00	25.00	1100	25.00	1318.00	25.00	1536.00	25.00	4000.00           
6551		-6892			0.00	381.00	0.00	381.00	0.00	381.00	8.5	381.00	160	620.00	505	256.00	842	25.00	1075	25.00	1308	25.00	1542	25.00	4000.00           
7329		-67790			0.00	381.00	0.00	381.00	0.00	381.00	8.5	381.00	160	620.00	505	256.00	842	25.00	1075	25.00	1308	25.00	1542	25.00	4000.00           
7329		-67790			0.00	1545.00	0.00	1545.00	0.00	1545.00	8.5	1545.00	160	773.00	505	296.00	842	27.00	1075	27.00	1308	27.00	1542	27.00	4000.00           
6551		-6892			0.00	1545.00	0.00	1545.00	0.00	1545.00	8.5	1545.00	160	773.00	505	296.00	842	27.00	1075	27.00	1308	27.00	1542	27.00	4000.00           
7116		-6052			0.00	1545.00	0.00	1545.00	0.00	1545.00	14.00	1545.00	221.00	773.00	509.00	296.00	797.00	27.00	1047	27.00	1297.00	27.00	1547.00	27.00	4000.00           
7329		-67790			0.00	1545.00	0.00	1545.00	0.00	1545.00	8.5	1545.00	160	773.00	505	296.00	842	27.00	1075	27.00	1308	27.00	1542	27.00	4000.00           
7116		-6052			0.00	1545.00	0.00	1545.00	0.00	1545.00	14.00	1545.00	221.00	773.00	509.00	296.00	797.00	27.00	1047	27.00	1297.00	27.00	1547.00	27.00	4000.00           
7681		-67008			0.00	1545.00	0.00	1545.00	0.00	1545.00	14.00	1545.00	221.00	773.00	509.00	296.00	797.00	27.00	1047	27.00	1297.00	27.00	1547.00	27.00	4000.00           
7681		-67008			0.00	1545.00	0.00	1545.00	0.00	1545.00	14.00	1545.00	221.00	773.00	509.00	296.00	797.00	27.00	1047	27.00	1297.00	27.00	1547.00	27.00	4000.00           
7116		-6052			0.00	1545.00	0.00	1545.00	0.00	1545.00	14.00	1545.00	221.00	773.00	509.00	296.00	797.00	27.00	1047	27.00	1297.00	27.00	1547.00	27.00	4000.00           
8083		-5101			0.00	1545.00	0.00	1545.00	2	1545.00	14	1545.00	210	773.00	478	296.00	745	27.00	985	27.00	1227	27.00	1469	27.00	4000.00           
7681		-67008			0.00	1545.00	0.00	1545.00	0.00	1545.00	14.00	1545.00	221.00	773.00	509.00	296.00	797.00	27.00	1047	27.00	1297.00	27.00	1547.00	27.00	4000.00           
8083		-5101			0.00	1545.00	0.00	1545.00	2	1545.00	14	1545.00	210	773.00	478	296.00	745	27.00	985	27.00	1227	27.00	1469	27.00	4000.00           
9050		-66062			0	1545.00	0	1545.00	2	1545.00	14	1545.00	210	773	478	296.00	745	27.00	985	27.00	1227	27.00	1469	27.00	4000.00           
9050		-66062			0	1168.00	0	1168.00	2	1168.00	14	1436.00	210	820.00	478	290.00	745	20.00	985	20.00	1227	20.00	1469	20.00	4000.00           
8083		-5101			0	1168.00	0	1168.00	2	1168.00	14	1436.00	210	820.00	478	290.00	745	20.00	985	20.00	1227	20.00	1469	20.00	4000.00           
8650		-4263			0	1168.00	0	1168.00	4.00	1168.00	14.00	1436.00	202.00	820.00	446.00	290.00	690.00	20.00	923	20.00	1156.00	20.00	1390.00	20.00	4000.00           
9050		-66062			0	1168.00	0	1168.00	2	1168.00	14	1436.00	210	820.00	478	290.00	745	20.00	985	20.00	1227	20.00	1469	20.00	4000.00           
8650		-4263			0	1168.00	0	1168.00	4.00	1168.00	14.00	1436.00	202.00	820.00	446.00	290.00	690.00	20.00	923	20.00	1156.00	20.00	1390.00	20.00	4000.00           
9217		-65347			0	1168.00	0	1168.00	4.00	1168.00	14.00	1436.00	202.00	820.00	446.00	290.00	690.00	20.00	923	20.00	1156.00	20.00	1390.00	20.00	4000.00           
9217		-65347			0	1168.00	0	1168.00	4.00	1168.00	14.00	1436.00	202.00	820.00	446.00	290.00	690.00	20.00	923	20.00	1156.00	20.00	1390.00	20.00	4000.00           
8650		-4263			0	1168.00	0	1168.00	4.00	1168.00	14.00	1436.00	202.00	820.00	446.00	290.00	690.00	20.00	923	20.00	1156.00	20.00	1390.00	20.00	4000.00           
9551		-3002			0	1168.00	0	1168.00	6.25	1168.00	19	1436.00	182	820.00	413	290.00	645	20.00	888	20.00	1132	20.00	1376	20.00	4000.00           
9217		-65347			0	1168.00	0	1168.00	4.00	1168.00	14.00	1436.00	202.00	820.00	446.00	290.00	690.00	20.00	923	20.00	1156.00	20.00	1390.00	20.00	4000.00           
9551		-3002			0	1168.00	0	1168.00	6.25	1168.00	19	1436.00	182	820.00	413	290.00	645	20.00	888	20.00	1132	20.00	1376	20.00	4000.00           
10452		-63909			0	1168.00	0	1168.00	6.25	1168.00	19	1436.00	182	820.00	413	290.00	645	20.00	888	20.00	1132	20.00	1376	20.00	4000.00           
10452		-63909			0	1523.00	0	1523.00	6.25	1523.00	19	604.00	182	1073.00	413	238.00	645	24.00	888	24.00	1132	24.00	1376	24.00	390.00            
9551		-3002			0	1523.00	0	1523.00	6.25	1523.00	19	604.00	182	1073.00	413	238.00	645	24.00	888	24.00	1132	24.00	1376	24.00	390.00            
10184		-2326			0	1523.00	0	1523.00	8.50	1523.00	23.50	604.00	162.00	1073.00	380.00	238.00	599.00	24.00	853	24.00	1107.00	24.00	1361.00	24.00	390.00            
10452		-63909			0	1523.00	0	1523.00	6.25	1523.00	19	604.00	182	1073.00	413	238.00	645	24.00	888	24.00	1132	24.00	1376	24.00	390.00            
10184		-2326			0	1523.00	0	1523.00	8.50	1523.00	23.50	604.00	162.00	1073.00	380.00	238.00	599.00	24.00	853	24.00	1107.00	24.00	1361.00	24.00	390.00            
10817		-63464			0	1523.00	0	1523.00	8.50	1523.00	23.50	604.00	162.00	1073.00	380.00	238.00	599.00	24.00	853	24.00	1107.00	24.00	1361.00	24.00	390.00            
10817		-63464			0	1523.00	0	1523.00	8.50	1523.00	23.50	604.00	162.00	1073.00	380.00	238.00	599.00	24.00	853	24.00	1107.00	24.00	1361.00	24.00	390.00            
10184		-2326			0	1523.00	0	1523.00	8.50	1523.00	23.50	604.00	162.00	1073.00	380.00	238.00	599.00	24.00	853	24.00	1107.00	24.00	1361.00	24.00	390.00            
11071		-934			0	1523.00	0	1523.00	8.75	1523.00	35	604.00	162	1073.00	395	238.00	617	24.00	860	24.00	1100	24.00	1348	24.00	390.00            
10817		-63464			0	1523.00	0	1523.00	8.50	1523.00	23.50	604.00	162.00	1073.00	380.00	238.00	599.00	24.00	853	24.00	1107.00	24.00	1361.00	24.00	390.00            
11071		-934			0	1523.00	0	1523.00	8.75	1523.00	35	604.00	162	1073.00	395	238.00	617	24.00	860	24.00	1100	24.00	1348	24.00	390.00            
11958		-61818			0	1523.00	0	1523.00	8.75	1523.00	35	604.00	162	1073.00	395	238.00	617	24.00	860	24.00	1100	24.00	1348	24.00	390.00            
11958		-61818			0	2002.00	0	2002.00	8.75	2002.00	35	922.00	162	1791.00	395	193.00	617	24.00	860	24.00	1100	24.00	1348	24.00	730.00            
11071		-934			0	2002.00	0	2002.00	8.75	2002.00	35	922.00	162	1791.00	395	193.00	617	24.00	860	24.00	1100	24.00	1348	24.00	730.00            
11577.66667	160		        0	2002.00	0	2002.00	9.00	2002.00	46.50	922.00	184.00	1791.00	409.00	193.00	634.00	24.00	867	24.00	1100.00	24.00	1334.00	24.00	730.00            
11958   	-61818			0	2002.00	0	2002.00	8.75	2002.00	35	922.00	162	1791.00	395	193.00	617	24.00	860	24.00	1100	24.00	1348	24.00	730.00            
11577.66667	160		        0	2002.00	0	2002.00	9.00	2002.00	46.50	922.00	184.00	1791.00	409.00	193.00	634.00	24.00	867	24.00	1100.00	24.00	1334.00	24.00	730.00            
12084.33333	-60514		        0	2002.00	0	2002.00	9.00	2002.00	46.50	922.00	184.00	1791.00	409.00	193.00	634.00	24.00	867	24.00	1100.00	24.00	1334.00	24.00	730.00            
12084.33333	-60514		        0	2002.00	0	2002.00	9.00	2002.00	46.50	922.00	184.00	1791.00	409.00	193.00	634.00	35.00	867	35.00	1100.00	35.00	1334.00	35.00	730.00            
11577.66667	160		        0	2002.00	0	2002.00	9.00	2002.00	46.50	922.00	184.00	1791.00	409.00	193.00	634.00	35.00	867	35.00	1100.00	35.00	1334.00	35.00	730.00            
12084.33333	834	        	0	2002.00	0	2002.00	9.00	2002.00	46.50	922.00	184.00	1791.00	409.00	193.00	634.00	35.00	867	35.00	1100.00	35.00	1334.00	35.00	730.00            
12084.33333	-60514	        	0	2002.00	0	2002.00	9.00	2002.00	46.50	922.00	184.00	1791.00	409.00	193.00	634.00	35.00	867	35.00	1100.00	35.00	1334.00	35.00	730.00            
12084.33333	834	        	0	2002.00	0	2002.00	9.00	2002.00	46.50	922.00	184.00	1791.00	409.00	193.00	634.00	35.00	867	35.00	1100.00	35.00	1334.00	35.00	730.00            
12591   	-60160			0	2002.00	0	2002.00	9.00	2002.00	46.50	922.00	184.00	1791.00	409.00	193.00	634.00	35.00	867	35.00	1100.00	35.00	1334.00	35.00	730.00            
12591   	-60160			0	2002.00	0	2002.00	9.00	2002.00	46.50	922.00	184.00	1791.00	409.00	193.00	634.00	35.00	867	35.00	1100.00	35.00	1334.00	35.00	730.00            
12084.33333	834			0	2002.00	0	2002.00	9.00	2002.00	46.50	922.00	184.00	1791.00	409.00	193.00	634.00	35.00	867	35.00	1100.00	35.00	1334.00	35.00	730.00            
62591   	61508			0	2002.00	0	2002.00	9.00	2002.00	46.50	922.00	184.00	1791.00	409.00	193.00	634.00	35.00	867	35.00	1100.00	35.00	1334.00	35.00	730.00            
12591   	-60160			0	2002.00	0	2002.00	9.00	2002.00	46.50	922.00	184.00	1791.00	409.00	193.00	634.00	35.00	867	35.00	1100.00	35.00	1334.00	35.00	730.00            
62591   	61508			0	2002.00	0	2002.00	9.00	2002.00	46.50	922.00	184.00	1791.00	409.00	193.00	634.00	35.00	867	35.00	1100.00	35.00	1334.00	35.00	730.00            
63097.66667	-60834			0	2002.00	0	2002.00	9.00	2002.00	46.50	922.00	184.00	1791.00	409.00	193.00	634.00	35.00	867	35.00	1100.00	35.00	1334.00	35.00	730.00            
                                                                                                                                                                                                                          
                                                                                                                                                                                                                          
                                                                                                                                                                                                                          
                                                                                                                                                                                                                          
                                                                                                                                                                                                                          