x1                 y1                      z_h1     Rho_h1     z_h2     Rho_h2     z_h3     Rho_h3     z_h4     Rho_h4     z_h5     Rho_h5     z_h6     Rho_h6     Rho_f
 40 6   
 (1sl)
-60816.815     -66138.9435               102.7     165     299     649     598     3900     918     430     1198     20.5     1398     20.5     2000
-61864.715     63290.676               102.7     165     299     649     598     3900     918     430     1198     20.5     1398     20.5     2000
-11069.61     62264.993               102.7     165     299     649     598     3900     918     430     1198     20.5     1398     20.5     2000
-60816.815     -66138.9435               102.7     165     299     649     598     3900     918     430     1198     20.5     1398     20.5     2000
-11069.61     62264.993               102.7     165     299     649     598     3900     918     430     1198     20.5     1398     20.5     2000
-10019.78     -5098.3155               102.7     165     299     649     598     3900     918     430     1198     20.5     1398     20.5     2000
-10019.78     -5098.3155               102.7     165     299     649     598     3900     918     430     1198     20.5     1398     20.5     2000
-11069.61     62264.993               102.7     165     299     649     598     3900     918     430     1198     20.5     1398     20.5     2000
-10274.505     61239.31               102.7     165     312.5     649     612     3900     947     430     1237     20.5     1437     20.5     2000
-10019.78     -5098.3155               102.7     165     299     649     598     3900     918     430     1198     20.5     1398     20.5     2000
-10274.505     61239.31               102.7     165     312.5     649     612     3900     947     430     1237     20.5     1437     20.5     2000
-9222.745     -4057.6875               102.7     165     312.5     649     612     3900     947     430     1237     20.5     1437     20.5     2000
-9222.745     -4057.6875               102.7     239     312.5     1400     612     3900     947     160     1237     15.5     1437     15.5     2000
-10274.505     61239.31               102.7     239     312.5     1400     612     3900     947     160     1237     15.5     1437     15.5     2000
-9479.4      62213.627               102.7     239     326     1400     626     3900     976     160     1276     15.5     1476     15.5     2000
-9222.745     -4057.6875               102.7     239     312.5     1400     612     3900     947     160     1237     15.5     1437     15.5     2000
-9479.4      62213.627               102.7     239     326     1400     626     3900     976     160     1276     15.5     1476     15.5     2000
-8425.71     -3017.0595               102.7     239     326     1400     626     3900     976     160     1276     15.5     1476     15.5     2000
-8425.71     -3017.0595               102.7     239     326     1400     626     3900     976     160     1276     15.5     1476     15.5     2000
-9479.4      62213.627               102.7     239     326     1400     626     3900     976     160     1276     15.5     1476     15.5     2000
-8321.505     61136.787               116.85     239     368.5     1400     677     3900     1102     160     1477     15.5     1677     15.5     2000
-8425.71     -3017.0595               102.7     239     326     1400     626     3900     976     160     1276     15.5     1476     15.5     2000
-8321.505     61136.787               116.85     239     368.5     1400     677     3900     1102     160     1477     15.5     1677     15.5     2000
-7356.5825     -1732.88325               116.85     239     368.5     1400     677     3900     1102     160     1477     15.5     1677     15.5     2000
-7356.5825     -1732.88325               116.85     250     368.5     649     677     2000     1102     350     1477     16     1677     16     2000
-8321.505     61136.787               116.85     250     368.5     649     677     2000     1102     350     1477     16     1677     16     2000
-7163.61     62487.201               131     250     411     649     727     2000     1227     350     1677     16     1877     16     2000
-7356.5825     -1732.88325               116.85     250     368.5     649     677     2000     1102     350     1477     16     1677     16     2000
-7163.61     62487.201               131     250     411     649     727     2000     1227     350     1677     16     1877     16     2000
-6287.455     -448.707               131     250     411     649     727     2000     1227     350     1677     16     1877     16     2000
-6287.455     -448.707               131     250     411     649     727     2000     1227     350     1677     16     1877     16     2000
-7163.61     62487.201               131     250     411     649     727     2000     1227     350     1677     16     1877     16     2000
-6167.785     64021.392               94.2     250     429     649     742     2000     1272     350     1722     16     1922     16     2000
-6287.455     -448.707               131     250     411     649     727     2000     1227     350     1677     16     1877     16     2000
-6167.785     64021.392               94.2     250     429     649     742     2000     1272     350     1722     16     1922     16     2000
-5364.9725     944.4585               94.2     250     429     649     742     2000     1272     350     1722     16     1922     16     2000
-5364.9725     944.4585               94.2     89     429     224     742     320     1272     167     1722     16     1922     16     2000
-6167.785     64021.392               94.2     89     429     224     742     320     1272     167     1722     16     1922     16     2000
-5171.96     65555.583               57.4     89     447     224     757     320     1317     167     1767     16     1967     16     2000
-5364.9725     944.4585               94.2     89     429     224     742     320     1272     167     1722     16     1922     16     2000
-5171.96     65555.583               57.4     89     447     224     757     320     1317     167     1767     16     1967     16     2000
-4442.49     2337.624               57.4     89     447     224     757     320     1317     167     1767     16     1967     16     2000
-4442.49     2337.624               57.4     89     447     224     757     320     1317     167     1767     16     1967     16     2000
-5171.96     65555.583               57.4     89     447     224     757     320     1317     167     1767     16     1967     16     2000
-4612.315     66025.641               50.2     89     338.5     224     608.5     320     1169     167     1619     16     1819     16     2000
-4442.49     2337.624               57.4     89     447     224     757     320     1317     167     1767     16     1967     16     2000
-4612.315     66025.641               50.2     89     338.5     224     608.5     320     1169     167     1619     16     1819     16     2000
-3848.105     2974.359               50.2     89     338.5     224     608.5     320     1169     167     1619     16     1819     16     2000
-3848.105     2974.359               50.2     46     338.5     210     608.5     210     1169     103     1619     19     1819     19     300
-4612.315     66025.641               50.2     46     338.5     210     608.5     210     1169     103     1619     19     1819     19     300
-4052.67     66495.699               43     46     230     210     460     210     1020     103     1470     19     1670     19     300
-3848.105     2974.359               50.2     46     338.5     210     608.5     210     1169     103     1619     19     1819     19     300
-4052.67     66495.699               43     46     230     210     460     210     1020     103     1470     19     1670     19     300
-3253.72     3611.094               43     46     230     210     460     210     1020     103     1470     19     1670     19     300
-3253.72     3611.094               43     46     230     210     460     210     1020     103     1470     19     1670     19     300
-4052.67     66495.699               43     46     230     210     460     210     1020     103     1470     19     1670     19     300
-3601.11     67324.773               27     46     137.5     210     276     210     906     103     1351     19     1551     19     300
-3253.72     3611.094               43     46     230     210     460     210     1020     103     1470     19     1670     19     300
-3601.11     67324.773               27     46     137.5     210     276     210     906     103     1351     19     1551     19     300
-2676.71     4523.496               27     46     137.5     210     276     210     906     103     1351     19     1551     19     300
-2676.71     4523.496               27     67     137.5     122     276     122     906     105     1351     21     1551     21     410
-3601.11     67324.773               27     67     137.5     122     276     122     906     105     1351     21     1551     21     410
-3149.55     68153.847               11     67     45     122     91     122     791     105     1231     21     1431     21     410
-2676.71     4523.496               27     67     137.5     122     276     122     906     105     1351     21     1551     21     410
-3149.55     68153.847               11     67     45     122     91     122     791     105     1231     21     1431     21     410
-2099.7      5435.898               11     67     45     122     91     122     791     105     1231     21     1431     21     410
-2099.7      5435.898               11     67     45     122     91     122     791     105     1231     21     1431     21     410
-3149.55     68153.847               11     67     45     122     91     122     791     105     1231     21     1431     21     410
-2450.945     69017.101               6.5     67     30.5     122     63.5     122     559     105     999     21     1199     21     410
-2099.7      5435.898               11     67     45     122     91     122     791     105     1231     21     1431     21     410
-2450.945     69017.101               6.5     67     30.5     122     63.5     122     559     105     999     21     1199     21     410
-1387.5875     6339.74875               6.5     67     30.5     122     63.5     122     559     105     999     21     1199     21     410
-1387.5875     6339.74875               6.5     108     30.5     191     63.5     191     559     120     999     28     1199     28     218
-2450.945     69017.101               6.5     108     30.5     191     63.5     191     559     120     999     28     1199     28     218
-1752.34     69880.355               2     108     16     191     36     191     326     120     766     28     966     28     218
-1387.5875     6339.74875               6.5     108     30.5     191     63.5     191     559     120     999     28     1199     28     218
-1752.34     69880.355               2     108     16     191     36     191     326     120     766     28     966     28     218
-675.475     7243.5995               2     108     16     191     36     191     326     120     766     28     966     28     218
-675.475     7243.5995               2     108     16     191     36     191     326     120     766     28     966     28     218
-1752.34     69880.355               2     108     16     191     36     191     326     120     766     28     966     28     218
-447.75      61512.8405               9.1     108     20.5     191     43     191     368     120     838     28     1038     28     218
-675.475     7243.5995               2     108     16     191     36     191     326     120     766     28     966     28     218
-447.75      61512.8405               9.1     108     20.5     191     43     191     368     120     838     28     1038     28     218
503.6725     8739.3295               9.1     108     20.5     191     43     191     368     120     838     28     1038     28     218
503.6725     8739.3295               9.1     7600     20.5     130     43     130     368     210     838     29.4     1038     29.4     218
-447.75      61512.8405               9.1     7600     20.5     130     43     130     368     210     838     29.4     1038     29.4     218
856.84       63145.326               16.2     7600     25     130     50     130     410     210     909     29.4     1109     29.4     218
503.6725     8739.3295               9.1     7600     20.5     130     43     130     368     210     838     29.4     1038     29.4     218
856.84       63145.326               16.2     7600     25     130     50     130     410     210     909     29.4     1109     29.4     218
1682.82      10235.0595               16.2     7600     25     130     50     130     410     210     909     29.4     1109     29.4     218
1682.82      10235.0595               16.2     7600     25     130     50     130     410     210     909     29.4     1109     29.4     218
856.84       63145.326               16.2     7600     25     130     50     130     410     210     909     29.4     1109     29.4     218
2308.105     65004.2905               11.1     7600     49.5     130     99     130     481     210     1111     29.4     1313     29.4     218
1682.82      10235.0595               16.2     7600     25     130     50     130     410     210     909     29.4     1109     29.4     218
2308.105     65004.2905               11.1     7600     49.5     130     99     130     481     210     1111     29.4     1313     29.4     218
3097.4125     12051.29225               11.1     7600     49.5     130     99     130     481     210     1111     29.4     1313     29.4     218
3097.4125     12051.29225               11.1     9500     49.5     327     99     327     481     219     1111     28.5     1313     50     2000
2308.105     65004.2905               11.1     9500     49.5     327     99     327     481     219     1111     28.5     1313     50     2000
3759.37      66863.255               6     9500     74     327     148     327     552     219     1312     28.5     1517     50     2000
3097.4125     12051.29225               11.1     9500     49.5     327     99     327     481     219     1111     28.5     1313     50     2000
3759.37      66863.255               6     9500     74     327     148     327     552     219     1312     28.5     1517     50     2000
4512.005     13867.525               6     9500     74     327     148     327     552     219     1312     28.5     1517     50     2000
4512.005     13867.525               6     9500     74     327     148     327     552     219     1312     28.5     1517     50     2000
3759.37      66863.255               6     9500     74     327     148     327     552     219     1312     28.5     1517     50     2000
4388.515     67636.756               6     9500     74     327     148     327     552     219     1312     28.5     1517     50     2000
4512.005     13867.525               6     9500     74     327     148     327     552     219     1312     28.5     1517     50     2000
4388.515     67636.756               6     9500     74     327     148     327     552     219     1312     28.5     1517     50     2000
5171.0575     14697.65075               6     9500     74     327     148     327     552     219     1312     28.5     1517     50     2000
5171.0575     14697.65075               6     9500     74     327     148     327     552     219     1312     28.5     1517     50     2000
4388.515     67636.756               6     9500     74     327     148     327     552     219     1312     28.5     1517     50     2000
5017.66      68410.257               6     9500     74     327     148     327     552     219     1312     28.5     1517     50     2000
5171.0575     14697.65075               6     9500     74     327     148     327     552     219     1312     28.5     1517     50     2000
5017.66      68410.257               6     9500     74     327     148     327     552     219     1312     28.5     1517     50     2000
5830.11      15527.7765               6     9500     74     327     148     327     552     219     1312     28.5     1517     50     2000
5830.11      15527.7765               6     9500     74     327     148     327     552     219     1312     28.5     1517     50     2000
5017.66      68410.257               6     9500     74     327     148     327     552     219     1312     28.5     1517     50     2000
65646.805     69183.758               6     9500     74     327     148     327     552     219     1312     28.5     1517     50     2000
5830.11      15527.7765               6     9500     74     327     148     327     552     219     1312     28.5     1517     50     2000
65646.805     69183.758               6     9500     74     327     148     327     552     219     1312     28.5     1517     50     2000
66489.1625     36357.90225               6     9500     74     327     148     327     552     219     1312     28.5     1517     50     2000
   2sl
-69768.915     -68987.211               102.7     165     299     649     598     3900     918     430     1198     20.5     1398     20.5     2000
-60816.815     -66138.9435               102.7     165     299     649     598     3900     918     430     1198     20.5     1398     20.5     2000
-10019.78     -5098.3155               102.7     165     299     649     598     3900     918     430     1198     20.5     1398     20.5     2000
-69768.915     -68987.211               102.7     165     299     649     598     3900     918     430     1198     20.5     1398     20.5     2000
-10019.78     -5098.3155               102.7     165     299     649     598     3900     918     430     1198     20.5     1398     20.5     2000
-8969.95     -7931.638               102.7     165     299     649     598     3900     918     430     1198     20.5     1398     20.5     2000
-8969.95     -7931.638               102.7     165     299     649     598     3900     918     430     1198     20.5     1398     20.5     2000
-10019.78     -5098.3155               102.7     165     299     649     598     3900     918     430     1198     20.5     1398     20.5     2000
-9222.745     -4057.6875               102.7     165     312.5     649     612     3900     947     430     1237     20.5     1437     20.5     2000
-8969.95     -7931.638               102.7     165     299     649     598     3900     918     430     1198     20.5     1398     20.5     2000
-9222.745     -4057.6875               102.7     165     312.5     649     612     3900     947     430     1237     20.5     1437     20.5     2000
-8170.985     -6876.065               102.7     165     312.5     649     612     3900     947     430     1237     20.5     1437     20.5     2000
-8170.985     -6876.065               102.7     239     312.5     1400     612     3900     947     160     1237     15.5     1437     15.5     2000
-9222.745     -4057.6875               102.7     239     312.5     1400     612     3900     947     160     1237     15.5     1437     15.5     2000
-8425.71     -3017.0595               102.7     239     326     1400     626     3900     976     160     1276     15.5     1476     15.5     2000
-8170.985     -6876.065               102.7     239     312.5     1400     612     3900     947     160     1237     15.5     1437     15.5     2000
-8425.71     -3017.0595               102.7     239     326     1400     626     3900     976     160     1276     15.5     1476     15.5     2000
-7372.02     -5820.492               102.7     239     326     1400     626     3900     976     160     1276     15.5     1476     15.5     2000
-7372.02     -5820.492               102.7     239     326     1400     626     3900     976     160     1276     15.5     1476     15.5     2000
-8425.71     -3017.0595               102.7     239     326     1400     626     3900     976     160     1276     15.5     1476     15.5     2000
-7356.5825     -1732.88325               116.85     239     368.5     1400     677     3900     1102     160     1477     15.5     1677     15.5     2000
-7372.02     -5820.492               102.7     239     326     1400     626     3900     976     160     1276     15.5     1476     15.5     2000
-7356.5825     -1732.88325               116.85     239     368.5     1400     677     3900     1102     160     1477     15.5     1677     15.5     2000
-6391.66     -4602.5535               116.85     239     368.5     1400     677     3900     1102     160     1477     15.5     1677     15.5     2000
-6391.66     -4602.5535               116.85     250     368.5     649     677     2000     1102     350     1477     16     1677     16.5     2000
-7356.5825     -1732.88325               116.85     250     368.5     649     677     2000     1102     350     1477     16     1677     16.5     2000
-6287.455     -448.707               131     250     411     649     727     2000     1227     350     1677     16     1877     16.5     2000
-6391.66     -4602.5535               116.85     250     368.5     649     677     2000     1102     350     1477     16     1677     16.5     2000
-6287.455     -448.707               131     250     411     649     727     2000     1227     350     1677     16     1877     16.5     2000
-5411.3         -3384.615               131     250     411     649     727     2000     1227     350     1677     16     1877     16.5     2000
-5411.3      -3384.615               131     250     411     649     727     2000     1227     350     1677     16     1877     16.5     2000
-6287.455     -448.707               131     250     411     649     727     2000     1227     350     1677     16     1877     16.5     2000
-5364.9725     944.4585               94.2     250     429     649     742     2000     1272     350     1722     16     1922     16.5     2000
-5411.3      -3384.615               131     250     411     649     727     2000     1227     350     1677     16     1877     16.5     2000
-5364.9725     944.4585               94.2     250     429     649     742     2000     1272     350     1722     16     1922     16.5     2000
-4562.16     -2132.475               94.2     250     429     649     742     2000     1272     350     1722     16     1922     16.5     2000
-4562.16     -2132.475               94.2     89     429     224     742     320     1272     167     1722     16     1922     16     2000
-5364.9725     944.4585               94.2     89     429     224     742     320     1272     167     1722     16     1922     16     2000
-4442.49     2337.624               57.4     89     447     224     757     320     1317     167     1767     16     1967     16     2000
-4562.16     -2132.475               94.2     89     429     224     742     320     1272     167     1722     16     1922     16     2000
-4442.49     2337.624               57.4     89     447     224     757     320     1317     167     1767     16     1967     16     2000
-3713.02     -880.335               57.4     89     447     224     757     320     1317     167     1767     16     1967     16     2000
-3713.02     -880.335               57.4     89     447     224     757     320     1317     167     1767     16     1967     16     2000
-4442.49     2337.624               57.4     89     447     224     757     320     1317     167     1767     16     1967     16     2000
-3848.105     2974.359               50.2     89     338.5     224     608.5     320     1169     167     1619     16     1819     16     2000
-3713.02     -880.335               57.4     89     447     224     757     320     1317     167     1767     16     1967     16     2000
-3848.105     2974.359               50.2     89     338.5     224     608.5     320     1169     167     1619     16     1819     16     2000
-3083.895     -76.923                50.2     89     338.5     224     608.5     320     1169     167     1619     16     1819     16     2000
-3083.895     -76.923                50.2     46     338.5     210     608.5     210     1169     103     1619     19     1819     19     300
-3848.105     2974.359               50.2     46     338.5     210     608.5     210     1169     103     1619     19     1819     19     300
-3253.72     3611.094               43     46     230     210     460     210     1020     103     1470     19     1670     19     300
-3083.895     -76.923                50.2     46     338.5     210     608.5     210     1169     103     1619     19     1819     19     300
-3253.72     3611.094               43     46     230     210     460     210     1020     103     1470     19     1670     19     300
-2454.77     726.489                43     46     230     210     460     210     1020     103     1470     19     1670     19     300
-2454.77     726.489                43     46     230     210     460     210     1020     103     1470     19     1670     19     300
-3253.72     3611.094               43     46     230     210     460     210     1020     103     1470     19     1670     19     300
-2676.71     4523.496               27     46     137.5     210     276     210     906     103     1351     19     1551     19     300
-2454.77     726.489                43     46     230     210     460     210     1020     103     1470     19     1670     19     300
-2676.71     4523.496               27     46     137.5     210     276     210     906     103     1351     19     1551     19     300
-1752.31     1722.219               27     46     137.5     210     276     210     906     103     1351     19     1551     19     300
-1752.31     1722.219               27     67     137.5     122     276     122     906     105     1351     21     1551     21     409
-2676.71     4523.496               27     67     137.5     122     276     122     906     105     1351     21     1551     21     409
-2099.7      5435.898               11     67     45     122     91     122     791     105     1231     21     1431     21     409
-1752.31     1722.219               27     67     137.5     122     276     122     906     105     1351     21     1551     21     409
-2099.7      5435.898               11     67     45     122     91     122     791     105     1231     21     1431     21     409
-1049.85     2717.949               11     67     45     122     91     122     791     105     1231     21     1431     21     409
-1049.85     2717.949               11     67     45     122     91     122     791     105     1231     21     1431     21     409
-2099.7      5435.898               11     67     45     122     91     122     791     105     1231     21     1431     21     409
-1387.5875     6339.74875               6.5     67     30.5     122     63.5     122     559     105     999     21     1199     21     409
-1049.85     2717.949               11     67     45     122     91     122     791     105     1231     21     1431     21     409
-1387.5875     6339.74875               6.5     67     30.5     122     63.5     122     559     105     999     21     1199     21     409
-324.23      3662.3965               6.5     67     30.5     122     63.5     122     559     105     999     21     1199     21     409
-324.23      3662.3965               6.5     108     30.5     191     63.5     191     559     120     999     28     1199     28     218
-1387.5875     6339.74875               6.5     108     30.5     191     63.5     191     559     120     999     28     1199     28     218
-675.475     7243.5995               2     108     16     191     36     191     326     120     766     28     966     28     218
-324.23      3662.3965               6.5     108     30.5     191     63.5     191     559     120     999     28     1199     28     218
-675.475     7243.5995               2     108     16     191     36     191     326     120     766     28     966     28     218
401.39       4606.844               2     108     16     191     36     191     326     120     766     28     966     28     218
401.39       4606.844               2     108     16     191     36     191     326     120     766     28     966     28     218
-675.475     7243.5995               2     108     16     191     36     191     326     120     766     28     966     28     218
503.6725     8739.3295               9.1     108     20.5     191     43     191     368     120     838     28     1038     28     218
401.39       4606.844               2     108     16     191     36     191     326     120     766     28     966     28     218
503.6725     8739.3295               9.1     108     20.5     191     43     191     368     120     838     28     1038     28     218
1455.095     5965.8185               9.1     108     20.5     191     43     191     368     120     838     28     1038     28     218
1455.095     5965.8185               9.1     7600     20.5     130     43     130     368     210     838     29.4     1038     29.4     218
503.6725     8739.3295               9.1     7600     20.5     130     43     130     368     210     838     29.4     1038     29.4     218
1682.82      10235.0595               16.2     7600     25     130     50     130     410     210     909     29.4     1109     29.4     218
1455.095     5965.8185               9.1     7600     20.5     130     43     130     368     210     838     29.4     1038     29.4     218
1682.82      10235.0595               16.2     7600     25     130     50     130     410     210     909     29.4     1109     29.4     218
2508.8       7324.793               16.2     7600     25     130     50     130     410     210     909     29.4     1109     29.4     218
2508.8       7324.793               16.2     7600     25     130     50     130     410     210     909     29.4     1109     29.4     218
1682.82      10235.0595               16.2     7600     25     130     50     130     410     210     909     29.4     1109     29.4     218
3097.4125     12051.29225               11.1     7600     49.5     130     99     130     481     210     1111     29.4     1313     29.4     218
2508.8       7324.793               16.2     7600     25     130     50     130     410     210     909     29.4     1109     29.4     218
3097.4125     12051.29225               11.1     7600     49.5     130     99     130     481     210     1111     29.4     1313     29.4     218
3886.72      9098.294               11.1     7600     49.5     130     99     130     481     210     1111     29.4     1313     29.4     218
3886.72      9098.294               11.1     9500     49.5     327     99     327     481     219     1111     28.5     1313     50     2000
3097.4125     12051.29225               11.1     9500     49.5     327     99     327     481     219     1111     28.5     1313     50     2000
4512.005     13867.525               6     9500     74     327     148     327     552     219     1312     28.5     1517     50     2000
3886.72      9098.294               11.1     9500     49.5     327     99     327     481     219     1111     28.5     1313     50     2000
4512.005     13867.525               6     9500     74     327     148     327     552     219     1312     28.5     1517     50     2000
5264.64      10871.795               6     9500     74     327     148     327     552     219     1312     28.5     1517     50     2000
5264.64      10871.795               6     9500     74     327     148     327     552     219     1312     28.5     1517     50     2000
4512.005     13867.525               6     9500     74     327     148     327     552     219     1312     28.5     1517     50     2000
5171.0575     14697.65075               6     9500     74     327     148     327     552     219     1312     28.5     1517     50     2000
5264.64      10871.795               6     9500     74     327     148     327     552     219     1312     28.5     1517     50     2000
5171.0575     14697.65075               6     9500     74     327     148     327     552     219     1312     28.5     1517     50     2000
5953.6       11758.5455               6     9500     74     327     148     327     552     219     1312     28.5     1517     50     2000
5953.6       11758.5455               6     9500     74     327     148     327     552     219     1312     28.5     1517     50     2000
5171.0575     14697.65075               6     9500     74     327     148     327     552     219     1312     28.5     1517     50     2000
5830.11      15527.7765               6     9500     74     327     148     327     552     219     1312     28.5     1517     50     2000
5953.6       11758.5455               6     9500     74     327     148     327     552     219     1312     28.5     1517     50     2000
5830.11      15527.7765               6     9500     74     327     148     327     552     219     1312     28.5     1517     50     2000
6642.56      12645.296               6     9500     74     327     148     327     552     219     1312     28.5     1517     50     2000
6642.56      12645.296               6     9500     74     327     148     327     552     219     1312     28.5     1517     50     2000
5830.11      15527.7765               6     9500     74     327     148     327     552     219     1312     28.5     1517     50     2000
66489.1625     36357.90225               6     9500     74     327     148     327     552     219     1312     28.5     1517     50     2000
6642.56      12645.296               6     9500     74     327     148     327     552     219     1312     28.5     1517     50     2000
66489.1625     36357.90225               6     9500     74     327     148     327     552     219     1312     28.5     1517     50     2000
67331.52      33532.0465               6     9500     74     327     148     327     552     219     1312     28.5     1517     50     2000
  3sl
-68721.015     -61835.4785               92.4     165     191     649     382.5     3900     642     430     906     20.5     1086     20.5     2000
-69768.915     -6987.211               102.7     165     299     649     598     3900     918     430     1198     20.5     1398     20.5     2000
-8969.95     -7931.638               102.7     165     299     649     598     3900     918     430     1198     20.5     1398     20.5     2000
-68721.015     -61835.4785               92.4     165     191     649     382.5     3900     642     430     906     20.5     1086     20.5     2000
-8969.95     -7931.638               102.7     165     299     649     598     3900     918     430     1198     20.5     1398     20.5     2000
-7920.12     -10764.9605               92.4     165     191     649     382.5     3900     642     430     906     20.5     1086     20.5     2000
-7920.12     -10764.9605               92.4     165     191     649     382.5     3900     642     430     906     20.5     1086     20.5     2000
-8969.95     -7931.638               102.7     165     299     649     598     3900     918     430     1198     20.5     1398     20.5     2000
-8170.985     -6876.065               102.7     165     312.5     649     612     3900     947     430     1237     20.5     1437     20.5     2000
-7920.12     -10764.9605               92.4     165     191     649     382.5     3900     642     430     906     20.5     1086     20.5     2000
-8170.985     -6876.065               102.7     165     312.5     649     612     3900     947     430     1237     20.5     1437     20.5     2000
-7119.225     -9694.4425               92.4     165     197.8     649     390     3900     642     430     906     20.5     1086     20.5     2000
-7119.225     -9694.4425               92.4     239     197.8     1400     390     3900     642     160     906     15.5     1086     15.5     2000
-8170.985     -6876.065               102.7     239     312.5     1400     612     3900     947     160     1237     15.5     1437     15.5     2000
-7372.02     -5820.492               102.7     239     326     1400     626     3900     976     160     1276     15.5     1476     15.5     2000
-7119.225     -9694.4425               92.4     239     197.8     1400     390     3900     642     160     906     15.5     1086     15.5     2000
-7372.02     -5820.492               102.7     239     326     1400     626     3900     976     160     1276     15.5     1476     15.5     2000
-6318.33     -8623.9245               92.4     239     205     1400     397     3900     656     160     925     15.5     1106     15.5     2000
-6318.33     -8623.9245               92.4     239     205     1400     397     3900     656     160     925     15.5     1106     15.5     2000
-7372.02     -5820.492               102.7     239     326     1400     626     3900     976     160     1276     15.5     1476     15.5     2000
-6391.66     -4602.5535               116.85     239     368.5     1400     677     3900     1102     160     1477     15.5     1677     15.5     2000
-6318.33     -8623.9245               92.4     239     205     1400     397     3900     656     160     925     15.5     1106     15.5     2000
-6391.66     -4602.5535               116.85     239     368.5     1400     677     3900     1102     160     1477     15.5     1677     15.5     2000
-5426.7375     -7472.22375               80.4     239     213.8     1400     398     3900     720     160     1042     15.5     1392     15.5     2000
-5426.7375     -7472.22375               80.4     250     213.8     649     398     2000     720     350     1042     16     1392     16.5     2000
-6391.66     -4602.5535               116.85     250     368.5     649     677     2000     1102     350     1477     16     1677     16.5     2000
-5411.3      -3384.615               131     250     411     649     727     2000     1227     350     1677     16     1877     16.5     2000
-5426.7375     -7472.22375               80.4     250     213.8     649     398     2000     720     350     1042     16     1392     16.5     2000
-5411.3      -3384.615               131     250     411     649     727     2000     1227     350     1677     16     1877     16.5     2000
-4535.145     -6320.523               68.5     250     223     649     399     2000     822     350     1158     16     1326     16.5     2000
-4535.145     -6320.523               68.5     250     223     649     399     2000     822     350     1158     16     1326     16.5     2000
-5411.3      -3384.615               131     250     411     649     727     2000     1227     350     1677     16     1877     16.5     2000
-4562.16     -2132.475               94.2     250     429     649     742     2000     1272     350     1722     16     1922     16.5     2000
-4535.145     -6320.523               68.5     250     223     649     399     2000     822     350     1158     16     1326     16.5     2000
-4562.16     -2132.475               94.2     250     429     649     742     2000     1272     350     1722     16     1922     16.5     2000
-3759.3475     -5209.4085               51.8     250     235.2     649     413     2000     857     350     1200     16     1367     16.5     2000
-3759.3475     -5209.4085               51.8     89     235.2     224     413     320     857     167     1200     16     1367     16     2000
-4562.16     -2132.475               94.2     89     429     224     742     320     1272     167     1722     16     1922     16     2000
-3713.02     -880.335               57.4     89     447     224     757     320     1317     167     1767     16     1967     16     2000
-3759.3475     -5209.4085               51.8     89     235.2     224     413     320     857     167     1200     16     1367     16     2000
-3713.02     -880.335               57.4     89     447     224     757     320     1317     167     1767     16     1967     16     2000
-2983.55     -4098.294               35     89     247.5     224     426.8     320     892     167     1242     16     1407     16     2000
-2983.55     -4098.294               35     89     247.5     224     426.8     320     892     167     1242     16     1407     16     2000
-3713.02     -880.335               57.4     89     447     224     757     320     1317     167     1767     16     1967     16     2000
-3083.895     -76.923                50.2     89     338.5     224     608.5     320     1169     167     1619     16     1819     16     2000
-2983.55     -4098.294               35     89     247.5     224     426.8     320     892     167     1242     16     1407     16     2000
-3083.895     -76.923                50.2     89     338.5     224     608.5     320     1169     167     1619     16     1819     16     2000
-2319.685     -3128.205               30     89     193     224     352.5     320     804     167     1155     16     1320     16     2000
-2319.685     -3128.205               30     46     193     210     352.5     210     804     103     1155     19     1320     19     300
-3083.895     -76.923                50.2     46     338.5     210     608.5     210     1169     103     1619     19     1819     19     300
-2454.77     726.489                43     46     230     210     460     210     1020     103     1470     19     1670     19     300
-2319.685     -3128.205               30     46     193     210     352.5     210     804     103     1155     19     1320     19     300
-2454.77     726.489                43     46     230     210     460     210     1020     103     1470     19     1670     19     300
-1655.82     -2158.116               29.6     46     139     210     278.1     210     716     103     1068     19     1233     19     300
-1655.82     -2158.116               29.6     46     139     210     278.1     210     716     103     1068     19     1233     19     300
-2454.77     726.489                43     46     230     210     460     210     1020     103     1470     19     1670     19     300
-1752.31     1722.219               27     46     137.5     210     276     210     906     103     1351     19     1551     19     300
-1655.82     -2158.116               29.6     46     139     210     278.1     210     716     103     1068     19     1233     19     300
-1752.31     1722.219               27     46     137.5     210     276     210     906     103     1351     19     1551     19     300
-827.91      -1079.058               19.6     46     89.5     210     180     210     639     103     974     19     1142     19     300
-827.91      -1079.058               19.6     67     89.5     122     180     122     639     105     974     21     1142     21     409
-1752.31     1722.219               27     67     137.5     122     276     122     906     105     1351     21     1551     21     409
-1049.85     2717.949               11     67     45     122     91     122     791     105     1231     21     1431     21     409
-827.91      -1079.058               19.6     67     89.5     122     180     122     639     105     974     21     1142     21     409
-1049.85     2717.949               11     67     45     122     91     122     791     105     1231     21     1431     21     409
0            0                        9.6     67     40     122     81     122     562     105     880     21     1050     21     409
0            0                      9.6     67     40     122     81     122     562     105     880     21     1050     21     409
-1049.85     2717.949               11     67     45     122     91     122     791     105     1231     21     1431     21     409
-324.23      3662.3965               6.5     67     30.5     122     63.5     122     559     105     999     21     1199     21     409
0            0                      9.6     67     40     122     81     122     562     105     880     21     1050     21     409
-324.23      3662.3965               6.5     67     30.5     122     63.5     122     559     105     999     21     1199     21     409
739.1275     985.04425               9.8     67     32     122     65.2     122     427     105     735     21     923     21     409
739.1275     985.04425               9.8     108     32     191     65.2     191     427     120     735     28     923     28     218
-324.23      3662.3965               6.5     108     30.5     191     63.5     191     559     120     999     28     1199     28     218
401.39       4606.844               2     108     16     191     36     191     326     120     766     28     966     28     218
739.1275     985.04425               9.8     108     32     191     65.2     191     427     120     735     28     923     28     218
401.39        4606.844               2     108     16     191     36     191     326     120     766     28     966     28     218
1478.255     1970.0885               10     108     24     191     49.5     191     291     120     589     28     764     28     218
1478.255     1970.0885               10     108     24     191     49.5     191     291     120     589     28     764     28     218
401.39       4606.844               2     108     16     191     36     191     326     120     766     28     966     28     218
1455.095     5965.8185               9.1     108     20.5     191     43     191     368     120     838     28     1038     28     218
1478.255     1970.0885               10     108     24     191     49.5     191     291     120     589     28     764     28     218
1455.095     5965.8185               9.1     108     20.5     191     43     191     368     120     838     28     1038     28     218
2406.5175     3192.3075               11.8     108     24     191     49     191     304     120     621     28     796     28     218
2406.5175     3192.3075               11.8     7600     24     130     49     130     304     210     621     29.4     796     29.4     218
1455.095     5965.8185               9.1     7600     20.5     130     43     130     368     210     838     29.4     1038     29.4     218
2508.8       7324.793               16.2     7600     25     130     50     130     410     210     909     29.4     1109     29.4     218
2406.5175     3192.3075               11.8     7600     24     130     49     130     304     210     621     29.4     796     29.4     218
2508.8       7324.793               16.2     7600     25     130     50     130     410     210     909     29.4     1109     29.4     218
3334.78      4414.5265               13.5     7600     24     130     48.4     130     318     210     652     29.4     827     29.4     218
3334.78      4414.5265               13.5     7600     24     130     48.4     130     318     210     652     29.4     827     29.4     218
2508.8       7324.793               16.2     7600     25     130     50     130     410     210     909     29.4     1109     29.4     218
3886.72      9098.294               11.1     7600     49.5     130     99     130     481     210     1111     29.4     1313     29.4     218
3334.78      4414.5265               13.5     7600     24     130     48.4     130     318     210     652     29.4     827     29.4     218
3886.72      9098.294               11.1     7600     49.5     130     99     130     481     210     1111     29.4     1313     29.4     218
4676.0275     6145.29575               11.9     7600     36.3     130     75.4     130     396     210     791     29.4     949     29.4     218
4676.0275     6145.29575               11.9     9500     36.3     327     75.4     327     396     219     791     28.5     949     50     2000
3886.72      9098.294               11.1     9500     49.5     327     99     327     481     219     1111     28.5     1313     50     2000
5264.64      10871.795               6     9500     74     327     148     327     552     219     1312     28.5     1517     50     2000
4676.0275     6145.29575               11.9     9500     36.3     327     75.4     327     396     219     791     28.5     949     50     2000
5264.64      10871.795               6     9500     74     327     148     327     552     219     1312     28.5     1517     50     2000
6017.275     7876.065               10.25     9500     48.5     327     102.3     327     478     219     929     28.5     1107     50     2000
6017.275     7876.065               10.25     9500     48.5     327     102.3     327     478     219     929     28.5     1107     50     2000
5264.64      10871.795               6     9500     74     327     148     327     552     219     1312     28.5     1517     50     2000
5953.6       11758.5455               6     9500     74     327     148     327     552     219     1312     28.5     1517     50     2000
6017.275     7876.065               10.25     9500     48.5     327     102.3     327     478     219     929     28.5     1107     50     2000
5953.6       11758.5455               6     9500     74     327     148     327     552     219     1312     28.5     1517     50     2000
6736.1425     8819.44025               15     9500     68.5     327     117     327     463     219     927     28.5     1092     50     2000
6736.1425     8819.44025               15     9500     68.5     327     117     327     463     219     927     28.5     1092     50     2000
5953.6       11758.5455               6     9500     74     327     148     327     552     219     1312     28.5     1517     50     2000
6642.56      12645.296               6     9500     74     327     148     327     552     219     1312     28.5     1517     50     2000
6736.1425     8819.44025               15     9500     68.5     327     117     327     463     219     927     28.5     1092     50     2000
6642.56      12645.296               6     9500     74     327     148     327     552     219     1312     28.5     1517     50     2000
7455.01      9762.8155               27     9500     68     327     138     327     470     219     925     28.5     1103     50     2000
7455.01      9762.8155               27     9500     68     327     138     327     470     219     925     28.5     1103     50     2000
6642.56      12645.296               6     9500     74     327     148     327     552     219     1312     28.5     1517     50     2000
67331.52      33532.0465               6     9500     74     327     148     327     552     219     1312     28.5     1517     50     2000
7455.01      9762.8155               27     9500     68     327     138     327     470     219     925     28.5     1103     50     2000
67331.52      33532.0465               6     9500     74     327     148     327     552     219     1312     28.5     1517     50     2000
68173.8775     30706.19075               27     9500     68     327     138     327     470     219     925     28.5     1103     50     2000
   4sl
-67673.115     -64683.746               82     402     83     173     167     173     336     345     574     25     734     7     2000
-68721.015     -61835.4785               92.4     402     197.8     173     390     173     642     345     906     25     1086     7     2000
-7920.12     -10764.9605               92.4     402     197.8     173     390     173     642     345     906     25     1086     7     2000
-67673.115     -64683.746               82     402     83     173     167     173     336     345     574     25     734     7     2000
-7920.12     -10764.9605               92.4     402     197.8     173     390     173     642     345     906     25     1086     7     2000
-6870.29     -13598.283               82     402     83     173     167     173     336     345     574     25     734     7     2000
-6870.29     -13598.283               82     402     83     173     167     173     336     345     574     25     734     7     2000
-7920.12     -10764.9605               92.4     402     191     173     382.5     173     642     345     906     25     1086     7     2000
-7119.225     -9694.4425               92.4     402     197.8     173     390     173     642     345     906     25     1086     7     2000
-6870.29     -13598.283               82     402     83     173     167     173     336     345     574     25     734     7     2000
-7119.225     -9694.4425               92.4     402     197.8     173     390     173     642     345     906     25     1086     7     2000
-6067.465     -12512.82               82     402     83     173     167     173     336     345     574     25     734     7     2000
-6067.465     -12512.82               82     402     83     173     167     173     336     345     574     25     734     7     2000
-7119.225     -9694.4425               92.4     402     197.8     173     390     173     642     345     906     25     1086     7     2000
-6318.33     -8623.9245               92.4     402     205     173     397     173     656     345     925     25     1106     7     2000
-6067.465     -12512.82               82     402     83     173     167     173     336     345     574     25     734     7     2000
-6318.33     -8623.9245               92.4     402     205     173     397     173     656     345     925     25     1106     7     2000
-5264.64     -11427.357               82     402     83     173     167     173     336     345     574     25     734     7     2000
-5264.64     -11427.357               82     402     83     173     167     173     336     345     574     25     734     7     2000
-6318.33     -8623.9245               92.4     402     205     173     397     173     656     345     925     25     1106     7     2000
-5426.7375     -7472.22375               80.4     402     213.8     173     398     173     720     345     1042     25     1392     7     2000
-5264.64     -11427.357               82     402     83     173     167     173     336     345     574     25     734     7     2000
-5426.7375     -7472.22375               80.4     402     213.8     173     398     173     720     345     1042     25     1392     7     2000
-4461.815     -10341.894               44     402     59     173     119     173     337     345     606     25     775     7     2000
-4461.815     -10341.894               44     103     59     645     119     645     337     362     606     22     775     13     2000
-5426.7375     -7472.22375               80.4     103     213.8     645     398     645     720     362     1042     22     1392     13     2000
-4535.145     -6320.523               68.5     103     223     645     399     645     822     362     1158     22     1326     13     2000
-4461.815     -10341.894               44     103     59     645     119     645     337     362     606     22     775     13     2000
-4535.145     -6320.523               68.5     103     223     645     399     645     822     362     1158     22     1326     13     2000
-3658.99     -9256.431               5.98     103     35     645     70.38     645     417     362     638     22     775     13     2000
-3658.99     -9256.431               5.98     103     35     645     70.38     645     417     362     638     22     775     13     2000
-4535.145     -6320.523               68.5     103     223     645     399     645     822     362     1158     22     1326     13     2000
-3759.3475     -5209.4085               51.8     103     235.2     645     413     645     857     362     1200     22     1367     13     2000
-3658.99     -9256.431               5.98     103     35     645     70.38     645     417     362     638     22     775     13     2000
-3759.3475     -5209.4085               51.8     103     235.2     645     413     645     857     362     1200     22     1367     13     2000
-2956.535     -8286.342               9.34     103     41.5     645     83.4     645     442     362     678     22     811     13     2000
-2956.535     -8286.342               9.34     204     41.5     346     83.4     346     442     240     678     24     811     14.3     872
-3759.3475     -5209.4085               51.8     204     235.2     346     413     346     857     240     1200     24     1367     14.3     872
-2983.55     -4098.294               35     204     247.5     346     426.8     346     892     240     1242     24     1407     14.3     872
-2956.535     -8286.342               9.34     204     41.5     346     83.4     346     442     240     678     24     811     14.3     872
-2983.55     -4098.294               35     204     247.5     346     426.8     346     892     240     1242     24     1407     14.3     872
-2254.08     -7316.253               12.7     204     48     346     96.5     346     466.5     240     717     24     847     14.3     872
-2254.08     -7316.253               12.7     204     48     346     96.5     346     466.5     240     717     24     847     14.3     872
-2983.55     -4098.294               35     204     247.5     346     426.8     346     892     240     1242     24     1407     14.3     872
-2319.685     -3128.205               30     204     193     346     352.5     346     804     240     1155     24     1320     14.3     872
-2254.08     -7316.253               12.7     204     48     346     96.5     346     466.5     240     717     24     847     14.3     872
-2319.685     -3128.205               30     204     193     346     352.5     346     804     240     1155     24     1320     14.3     872
-1555.475     -6179.487               9.34     204     41.5     346     83.4     346     442     240     678     24     811     14.3     872
-1555.475     -6179.487               14.5     156     48     346     96.5     346     439     168     691     21     821     10     2000
-2319.685     -3128.205               30     156     193     346     352.5     346     804     168     1155     21     1320     10     2000
-1655.82     -2158.116               29.6     156     139     346     278.1     346     716     168     1068     21     1233     10     2000
-1555.475     -6179.487               14.5     156     48     346     96.5     346     439     168     691     21     821     10     2000
-1655.82     -2158.116               29.6     156     139     346     278.1     346     716     168     1068     21     1233     10     2000
-856.87      -5042.721               16.2     156     48     346     96.2     346     412.2     168     665     21     795     10     2000
-856.87      -5042.721               16.2     156     48     346     96.2     346     412.2     168     665     21     795     10     2000
-1655.82     -2158.116               29.6     156     139     346     278.1     346     716     168     1068     21     1233     10     2000
-827.91      -1079.058               19.6     156     89.5     346     180     346     639     168     974     21     1142     10     2000
-856.87      -5042.721               16.2     156     48     346     96.2     346     412.2     168     665     21     795     10     2000
-827.91      -1079.058               19.6     156     89.5     346     180     346     639     168     974     21     1142     10     2000
96.49        -3880.335               12.2     156     41.5     346     83.7     346     372     168     597     21     732     10     2000
96.49        -3880.335               12.2     572     41.5     311     83.7     311     372     224     597     14     732     8.2     2000
-827.91      -1079.058               19.6     572     89.5     311     180     311     639     224     974     14     1142     8.2     2000
0            0                      9.6     572     40     311     81     311     562     224     880     14     1050     8.2     2000
96.49        -3880.335               12.2     572     41.5     311     83.7     311     372     224     597     14     732     8.2     2000
0            0                      9.6     572     40     311     81     311     562     224     880     14     1050     8.2     2000
1049.85      -2717.949               8.2     572     35     311     71.1     311     332     224     529     14     669     8.2     2000
1049.85      -2717.949               8.2     572     35     311     71.1     311     332     224     529     14     669     8.2     2000
0            0                      9.6     572     40     311     81     311     562     224     880     14     1050     8.2     2000
739.1275     985.04425               9.8     572     32     311     65.2     311     427     224     735     14     923     8.2     2000
1049.85      -2717.949               8.2     572     35     311     71.1     311     332     224     529     14     669     8.2     2000
739.1275     985.04425               9.8     572     32     311     65.2     311     427     224     735     14     923     8.2     2000
1802.485     -1692.308               13.1     572     33.5     311     67     311     294     224     470     14     647     8.2     2000
1802.485     -1692.308               13.1     103     33.5     253     67     253     294     200     470     9.95     647     9.95     2000
739.1275     985.04425               9.8     103     32     253     65.2     253     427     200     735     9.95     923     9.95     2000
1478.255     1970.0885               10     103     24     253     49.5     253     291     200     589     9.95     764     9.95     2000
1802.485     -1692.308               13.1     103     33.5     253     67     253     294     200     470     9.95     647     9.95     2000
1478.255     1970.0885               10     103     24     253     49.5     253     291     200     589     9.95     764     9.95     2000
2555.12      -666.667               18     103     32     253     63     253     255     200     411     9.95     561     9.95     2000
2555.12      -666.667               18     103     32     253     63     253     255     200     411     9.95     561     9.95     2000
1478.255     1970.0885               10     103     24     253     49.5     253     291     200     589     9.95     764     9.95     2000
2406.5175     3192.3075               11.8     103     24     253     49     253     304     200     621     9.95     796     9.95     2000
2555.12      -666.667               18     103     32     253     63     253     255     200     411     9.95     561     9.95     2000
2406.5175     3192.3075               11.8     103     24     253     49     253     304     200     621     9.95     796     9.95     2000
3357.94      418.7965               14.4     103     27.5     253     55     253     240     200     403     9.95     553     9.95     2000
3357.94      418.7965               14.4     21     27.5     386     55     386     240     158     403     17.98     553     17.98     300
2406.5175     3192.3075               11.8     21     24     386     49     386     304     158     621     17.98     796     17.98     300
3334.78      4414.5265               13.5     21     24     386     48.4     386     318     158     652     17.98     827     17.98     300
3357.94      418.7965               14.4     21     27.5     386     55     386     240     158     403     17.98     553     17.98     300
3334.78      4414.5265               13.5     21     24     386     48.4     386     318     158     652     17.98     827     17.98     300
4160.76      1504.26                10.8     21     23     386     46.8     386     225     158     395     17.98     545     17.98     300
4160.76      1504.26                10.8     21     23     386     46.8     386     225     158     395     17.98     545     17.98     300
3334.78      4414.5265               13.5     21     24     386     48.4     386     318     158     652     17.98     827     17.98     300
4676.0275     6145.29575               11.9     21     36.3     386     75.4     386     398     158     791     17.98     949     17.98     300
4160.76      1504.26                10.8     21     23     386     46.8     386     225     158     395     17.98     545     17.98     300
4676.0275     6145.29575               11.9     21     36.3     386     75.4     386     398     158     791     17.98     949     17.98     300
5465.335     3192.2975               12.7     21     23     386     51.7     386     314     158     471     17.98     585     17.98     300
5465.335     3192.2975               12.7     179     23     81     51.7     81     314     136     471     17     585     17     2000
4676.0275     6145.29575               11.9     179     36.3     81     75.4     81     398     136     791     17     949     17     2000
6017.275     7876.065               10.25     179     48.5     81     102.3     81     478     136     929     17     1107     17     2000
5465.335     3192.2975               12.7     179     23     81     51.7     81     314     136     471     17     585     17     2000
6017.275     7876.065               10.25     179     48.5     81     102.3     81     478     136     929     17     1107     17     2000
6769.91      4880.335               14.5     179     23     81     56.5     81     403     136     546     17     698     17     2000
6769.91      4880.335               14.5     179     23     81     56.5     81     403     136     546     17     698     17     2000
6017.275     7876.065               10.25     179     48.5     81     102.3     81     478     136     929     17     1107     17     2000
6736.1425     8819.44025               15     179     68.5     81     117     81     463     136     927     17     1092     17     2000
6769.91      4880.335               14.5     179     23     81     56.5     81     403     136     546     17     698     17     2000
6736.1425     8819.44025               15     179     68.5     81     117     81     463     136     927     17     1092     17     2000
7518.685     5880.335               24.1     179     63     81     85.1     81     374     136     542     17     666     17     2000
7518.685     5880.335               24.1     2529     63     150     85.1     150     374     220     542     16     666     16     4000
6736.1425     8819.44025               15     2529     68.5     150     117     150     463     220     927     16     1092     16     4000
7455.01      9762.8155               19.9     2529     67     150     130.9     150     448     220     925     16     1076     16     4000
7518.685     5880.335               24.1     2529     63     150     85.1     150     374     220     542     16     666     16     4000
7455.01      9762.8155               19.9     2529     67     150     130.9     150     448     220     925     16     1076     16     4000
8267.46      6880.335               33.7     2529     60     150     113.7     150     344     220     538     16     634     16     2000
8267.46      6880.335               33.7     2529     60     150     113.7     150     344     220     538     16     634     16     2000
7455.01      9762.8155               19.9     2529     67     150     130.9     150     448     220     925     16     1076     16     4000
68173.8775     30706.19075               19.9     2529     67     150     130.9     150     448     220     925     16     1076     16     4000
8267.46      6880.335               19.9     2529     67     150     130.9     150     448     220     925     16     1076     16     4000
68173.8775     30706.19075               19.9     2529     67     150     130.9     150     448     220     925     16     1076     16     4000
69016.235     37880.335               33.7     2529     60     150     113.7     150     344     220     538     16     634     16     2000
   5sl
-66625.215     -67532.0135               82     402     83     173     167     173     336     345     574     25     734     7     2000
-67673.115     -64683.746               82     402     83     173     167     173     336     345     574     25     734     7     2000
-6870.29     -13598.283               82     402     83     173     167     173     336     345     574     25     734     7     2000
-66625.215     -67532.0135               82     402     83     173     167     173     336     345     574     25     734     7     2000
-6870.29     -13598.283               82     402     83     173     167     173     336     345     574     25     734     7     2000
-5820.46     -16431.6055               82     402     83     173     167     173     336     345     574     25     734     7     2000
-5820.46     -16431.6055               82     402     83     173     167     173     336     345     574     25     734     7     2000
-6870.29     -13598.283               82     402     83     173     167     173     336     345     574     25     734     7     2000
-6067.465     -12512.82               82     402     83     173     167     173     336     345     574     25     734     7     2000
-5820.46     -16431.6055               82     402     83     173     167     173     336     345     574     25     734     7     2000
-6067.465     -12512.82               82     402     83     173     167     173     336     345     574     25     734     7     2000
-5015.705     -15331.1975               82     402     83     173     167     173     336     345     574     25     734     7     2000
-5015.705     -15331.1975               82     402     83     173     167     173     336     345     574     25     734     7     2000
-6067.465     -12512.82               82     402     83     173     167     173     336     345     574     25     734     7     2000
-5264.64     -11427.357               82     402     83     173     167     173     336     345     574     25     734     7     2000
-5015.705     -15331.1975               82     402     83     173     167     173     336     345     574     25     734     7     2000
-5264.64     -11427.357               82     402     83     173     167     173     336     345     574     25     734     7     2000
-4210.95     -14230.7895               82     402     83     173     167     173     336     345     574     25     734     7     2000
-4210.95     -14230.7895               82     402     83     173     167     173     336     345     574     25     734     7     2000
-5264.64     -11427.357               82     402     83     173     167     173     336     345     574     25     734     7     2000
-4461.815     -10341.894               44     402     59     173     119     173     337     345     606     25     775     7     2000
-4210.95     -14230.7895               82     402     83     173     167     173     336     345     574     25     734     7     2000
-4461.815     -10341.894               44     402     59     173     119     173     337     345     606     25     775     7     2000
-3496.8925     -13211.56425               44     402     59     173     119     173     337     345     606     25     775     7     2000
-3496.8925     -13211.56425               44     103     59     645     119     645     337     362     606     22     775     13     2000
-4461.815     -10341.894               44     103     59     645     119     645     337     362     606     22     775     13     2000
-3658.99     -9256.431               5.98     103     35     645     70.38     645     417     362     638     22     775     13     2000
-3496.8925     -13211.56425               44     103     59     645     119     645     337     362     606     22     775     13     2000
-3658.99     -9256.431               5.98     103     35     645     70.38     645     417     362     638     22     775     13     2000
-2782.835     -12192.339               5.98     103     35     645     70.38     645     417     362     638     22     775     13     2000
-2782.835     -12192.339               5.98     103     35     645     70.38     645     417     362     638     22     775     13     2000
-3658.99     -9256.431               5.98     103     35     645     70.38     645     417     362     638     22     775     13     2000
-2956.535     -8286.342               9.34     103     41.5     645     83.4     645     442     362     678     22     811     13     2000
-2782.835     -12192.339               5.98     103     35     645     70.38     645     417     362     638     22     775     13     2000
-2956.535     -8286.342               9.34     103     41.5     645     83.4     645     442     362     678     22     811     13     2000
-2153.7225     -11363.2755               9.34     103     41.5     645     83.4     645     442     362     678     22     811     13     2000
-2153.7225     -11363.2755               9.34     204     41.5     346     83.4     346     442     240     678     24     811     14.3     872
-2956.535     -8286.342               9.34     204     41.5     346     83.4     346     442     240     678     24     811     14.3     872
-2254.08     -7316.253               12.7     204     48     346     96.5     346     466.5     240     717     24     847     14.3     872
-2153.7225     -11363.2755               9.34     204     41.5     346     83.4     346     442     240     678     24     811     14.3     872
-2254.08     -7316.253               12.7     204     48     346     96.5     346     466.5     240     717     24     847     14.3     872
-1524.61     -10534.212               12.7     204     48     346     96.5     346     466.5     240     717     24     847     14.3     872
-1524.61     -10534.212               12.7     204     48     346     96.5     346     466.5     240     717     24     847     14.3     872
-2254.08     -7316.253               12.7     204     48     346     96.5     346     466.5     240     717     24     847     14.3     872
-1555.475     -6179.487               14.5     204     48     346     96.5     346     439     240     691     24     821     14.3     872
-1524.61     -10534.212               12.7     204     48     346     96.5     346     466.5     240     717     24     847     14.3     872
-1555.475     -6179.487               14.5     204     48     346     96.5     346     439     240     691     24     821     14.3     872
-791.265     -9230.769               14.5     204     48     346     96.5     346     439     240     691     24     821     14.3     872
-791.265     -9230.769               14.5     156     48     346     96.5     346     439     168     691     21     821     10     2000
-1555.475     -6179.487               14.5     156     48     346     96.5     346     439     168     691     21     821     10     2000
-856.87      -5042.721               16.2     156     48     346     96.2     346     412.2     168     665     21     795     10     2000
-791.265     -9230.769               14.5     156     48     346     96.5     346     439     168     691     21     821     10     2000
-856.87      -5042.721               16.2     156     48     346     96.2     346     412.2     168     665     21     795     10     2000
-57.92       -7927.326               16.2     156     48     346     96.2     346     412.2     168     665     21     795     10     2000
-57.92       -7927.326               16.2     156     48     346     96.2     346     412.2     168     665     21     795     10     2000
-856.87      -5042.721               16.2     156     48     346     96.2     346     412.2     168     665     21     795     10     2000
96.49        -3880.335               12.2     156     41.5     346     83.7     346     372     168     597     21     732     10     2000
-57.92       -7927.326               16.2     156     48     346     96.2     346     412.2     168     665     21     795     10     2000
96.49        -3880.335               12.2     156     41.5     346     83.7     346     372     168     597     21     732     10     2000
1020.89      -6681.612               12.2     156     41.5     346     83.7     346     372     168     597     21     732     10     2000
1020.89      -6681.612               12.2     572     41.5     311     83.7     311     372     224     597     14     732     8.2     2000
96.49        -3880.335               12.2     572     41.5     311     83.7     311     372     224     597     14     732     8.2     2000
1049.85      -2717.949               8.2     572     35     311     71.1     311     332     224     529     14     669     8.2     2000
1020.89      -6681.612               12.2     572     33.5     311     67     311     294     224     470     14     647     8.2     2000
1049.85      -2717.949               8.2     572     35     311     71.1     311     332     224     529     14     669     8.2     2000
2099.7       -5435.898               8.2     572     35     311     71.1     311     332     224     529     14     669     8.2     2000
2099.7       -5435.898               8.2     572     35     311     71.1     311     332     224     529     14     669     8.2     2000
1049.85      -2717.949               8.2     572     35     311     71.1     311     332     224     529     14     669     8.2     2000
1802.485     -1692.308               13.1     572     33.5     311     67     311     294     224     470     14     647     8.2     2000
2099.7       -5435.898               8.2     572     35     311     71.1     311     332     224     529     14     669     8.2     2000
1802.485     -1692.308               13.1     572     33.5     311     67     311     294     224     470     14     647     8.2     2000
2865.8425     -4369.66025               13.1     572     33.5     311     67     311     294     224     470     14     647     8.2     2000
2865.8425     -4369.66025               13.1     103     33.5     253     67     253     294     200     470     9.95     647     9.95     2000
1802.485     -1692.308               13.1     103     33.5     253     67     253     294     200     470     9.95     647     9.95     2000
2555.12      -666.667               18     103     32     253     63     253     255     200     411     9.95     561     9.95     2000
2865.8425     -4369.66025               13.1     103     33.5     253     67     253     294     200     470     9.95     647     9.95     2000
2555.12      -666.667               18     103     32     253     63     253     255     200     411     9.95     561     9.95     2000
3631.985     -3303.4225               18     103     32     253     63     253     255     200     411     9.95     561     9.95     2000
3631.985     -3303.4225               18     103     32     253     63     253     255     200     411     9.95     561     9.95     2000
2555.12      -666.667               18     103     32     253     63     253     255     200     411     9.95     561     9.95     2000
3357.94      418.7965               14.4     103     27.5     253     55     253     240     200     403     9.95     553     9.95     2000
3631.985     -3303.4225               18     103     32     253     63     253     255     200     411     9.95     561     9.95     2000
3357.94      418.7965               14.4     103     27.5     253     55     253     240     200     403     9.95     553     9.95     2000
4309.3625     -2354.7145               14.4     103     27.5     253     55     253     240     200     403     9.95     553     9.95     2000
4309.3625     -2354.7145               14.4     21     27.5     386     55     386     240     158     403     17.98     553     17.98     300
3357.94      418.7965               14.4     21     27.5     386     55     386     240     158     403     17.98     553     17.98     300
4160.76      1504.26                10.8     21     23     386     46.8     386     225     158     395     17.98     545     17.98     300
4309.3625     -2354.7145               14.4     21     27.5     386     55     386     240     158     403     17.98     553     17.98     300
4160.76      1504.26                10.8     21     23     386     46.8     386     225     158     395     17.98     545     17.98     300
4986.74      -1406.0065               10.8     21     23     386     46.8     386     225     158     395     17.98     545     17.98     300
4986.74      -1406.0065               10.8     21     23     386     46.8     386     225     158     395     17.98     545     17.98     300
4160.76      1504.26                10.8     21     23     386     46.8     386     225     158     395     17.98     545     17.98     300
5465.335     3192.2975               12.7     21     23     386     51.7     386     314     158     471     17.98     585     17.98     300
4986.74      -1406.0065               10.8     21     23     386     46.8     386     225     158     395     17.98     545     17.98     300
5465.335     3192.2975               12.7     21     23     386     51.7     386     314     158     471     17.98     585     17.98     300
6254.6425     239.29925               12.7     21     23     386     51.7     386     314     158     471     17.98     585     17.98     300
6254.6425     239.29925               12.7     179     23     81     51.7     81     314     136     471     17     585     17     2000
5465.335     3192.2975               12.7     179     23     81     51.7     81     314     136     471     17     585     17     2000
6769.91      4880.335               14.5     179     23     81     56.5     81     403     136     546     17     698     17     2000
6254.6425     239.29925               12.7     179     23     81     51.7     81     314     136     471     17     585     17     2000
6769.91      4880.335               14.5     179     23     81     56.5     81     403     136     546     17     698     17     2000
7522.545     1884.605               14.5     179     23     81     56.5     81     403     136     546     17     698     17     2000
7522.545     1884.605               14.5     179     23     81     56.5     81     403     136     546     17     698     17     2000
6769.91      4880.335               14.5     179     23     81     56.5     81     403     136     546     17     698     17     2000
7518.685     5880.335               24.1     179     63     81     85.1     81     374     136     542     17     666     17     2000
7522.545     1884.605               14.5     179     23     81     56.5     81     403     136     546     17     698     17     2000
7518.685     5880.335               24.1     179     63     81     85.1     81     374     136     542     17     666     17     2000
8301.2275     2941.22975               24.1     179     63     81     85.1     81     374     136     542     17     666     17     2000
8301.2275     2941.22975               24.1     2529     63     150     85.1     150     374     220     542     16     666     16     4000
7518.685     5880.335               24.1     2529     63     150     132     150     374     220     542     16     666     16     4000
8267.46      6880.335               33.7     2529     60     150     113.7     150     344     220     538     16     634     16     2000
8301.2275     2941.22975               24.1     2529     63     150     85.1     150     374     220     542     16     666     16     4000
8267.46      6880.335               33.7     2529     60     150     113.7     150     344     220     538     16     634     16     2000
9079.91      3997.8545               33.7     2529     60     150     113.7     150     344     220     538     16     634     16     2000
9079.91      3997.8545               33.7     2529     60     150     113.7     150     344     220     538     16     634     16     2000
8267.46      6880.335               33.7     2529     60     150     113.7     150     344     220     538     16     634     16     2000
69016.235     37880.335               33.7     2529     60     150     113.7     150     344     220     538     16     634     16     2000
9079.91      3997.8545               33.7     2529     60     150     113.7     150     344     220     538     16     634     16     2000
69016.235     37880.335               33.7     2529     60     150     113.7     150     344     220     538     16     634     16     2000
69858.5925     35054.47925               33.7     2529     60     150     113.7     150     344     220     538     16     634     16     2000
   6sl
-65577.315     -60380.281               82     402     83     173     167     173     336     345     574     25     734     7     2000
-66625.215     -67532.0135               82     402     83     173     167     173     336     345     574     25     734     7     2000
-5820.46     -16431.6055               82     402     83     173     167     173     336     345     574     25     734     7     2000
-65577.315     -60380.281               82     402     83     173     167     173     336     345     574     25     734     7     2000
-5820.46     -16431.6055               82     402     83     173     167     173     336     345     574     25     734     7     2000
-4770.63     -69264.928               82     402     83     173     167     173     336     345     574     25     734     7     2000
-4770.63     -69264.928               82     402     83     173     167     173     336     345     574     25     734     7     2000
-5820.46     -16431.6055               82     402     83     173     167     173     336     345     574     25     734     7     2000
-5015.705     -15331.1975               82     402     83     173     167     173     336     345     574     25     734     7     2000
-4770.63     -69264.928               82     402     83     173     167     173     336     345     574     25     734     7     2000
-5015.705     -15331.1975               82     402     83     173     167     173     336     345     574     25     734     7     2000
-3963.945     -68149.575               82     402     83     173     167     173     336     345     574     25     734     7     2000
-3963.945     -68149.575               82     402     83     173     167     173     336     345     574     25     734     7     2000
-5015.705     -15331.1975               82     402     83     173     167     173     336     345     574     25     734     7     2000
-4210.95     -14230.7895               82     402     83     173     167     173     336     345     574     25     734     7     2000
-3963.945     -68149.575               82     402     83     173     167     173     336     345     574     25     734     7     2000
-4210.95     -14230.7895               82     402     83     173     167     173     336     345     574     25     734     7     2000
-3157.26     -67034.222               82     402     83     173     167     173     336     345     574     25     734     7     2000
-3157.26     -67034.222               82     402     83     173     167     173     336     345     574     25     734     7     2000
-4210.95     -14230.7895               82     402     83     173     167     173     336     345     574     25     734     7     2000
-3496.8925     -13211.56425               44     402     59     173     119     173     337     345     606     25     775     7     2000
-3157.26     -67034.222               82     402     83     173     167     173     336     345     574     25     734     7     2000
-3496.8925     -13211.56425               44     402     59     173     119     173     337     345     606     25     775     7     2000
-2531.97     -66081.2345               44     402     59     173     119     173     337     345     606     25     775     7     2000
-2531.97     -66081.2345               44     103     59     645     119     645     337     362     606     22     775     13     2000
-3496.8925     -13211.56425               44     103     59     645     119     645     337     362     606     22     775     13     2000
-2782.835     -12192.339               5.98     103     35     645     70.38     645     417     362     638     22     775     13     2000
-2531.97     -66081.2345               44     103     59     645     119     645     337     362     606     22     775     13     2000
-2782.835     -12192.339               5.98     103     35     645     70.38     645     417     362     638     22     775     13     2000
-1906.68     -65128.247               5.98     103     35     645     70.38     645     417     362     638     22     775     13     2000
-1906.68     -65128.247               5.98     103     35     645     70.38     645     417     362     638     22     775     13     2000
-2782.835     -12192.339               5.98     103     35     645     70.38     645     417     362     638     22     775     13     2000
-2153.7225     -11363.2755               9.34     103     41.5     645     83.4     645     442     362     678     22     811     13     2000
-1906.68     -65128.247               5.98     103     35     645     70.38     645     417     362     638     22     775     13     2000
-2153.7225     -11363.2755               9.34     103     41.5     645     83.4     645     442     362     678     22     811     13     2000
-1350.91     -64440.209               9.34     103     41.5     645     83.4     645     442     362     678     22     811     13     2000
-1350.91     -64440.209               9.34     204     41.5     346     83.4     346     442     240     678     24     811     14.3     872
-2153.7225     -11363.2755               9.34     204     41.5     346     83.4     346     442     240     678     24     811     14.3     872
-1524.61     -10534.212               12.7     204     48     346     96.5     346     466.5     240     717     24     847     14.3     872
-1350.91     -64440.209               9.34     204     41.5     346     83.4     346     442     240     678     24     811     14.3     872
-1524.61     -10534.212               12.7     204     48     346     96.5     346     466.5     240     717     24     847     14.3     872
-795.14      -63752.171               12.7     204     48     346     96.5     346     466.5     240     717     24     847     14.3     872
-795.14      -63752.171               12.7     204     48     346     96.5     346     466.5     240     717     24     847     14.3     872
-1524.61     -10534.212               12.7     204     48     346     96.5     346     466.5     240     717     24     847     14.3     872
-791.265     -9230.769               14.5     204     48     346     96.5     346     439     240     691     24     821     14.3     872
-795.14      -63752.171               12.7     204     48     346     96.5     346     466.5     240     717     24     847     14.3     872
-791.265     -9230.769               14.5     204     48     346     96.5     346     439     240     691     24     821     14.3     872
-27.055      -62282.051               14.5     204     48     346     96.5     346     439     240     691     24     821     14.3     872
-27.055      -62282.051               14.5     156     48     346     96.5     346     439     168     691     21     821     10     2000
-791.265     -9230.769               14.5     156     48     346     96.5     346     439     168     691     21     821     10     2000
-57.92       -7927.326               16.2     156     48     346     96.2     346     412.2     168     665     21     795     10     2000
-27.055      -62282.051               14.5     156     48     346     96.5     346     439     168     691     21     821     10     2000
-57.92       -7927.326               16.2     156     48     346     96.2     346     412.2     168     665     21     795     10     2000
741.03       -60811.931               16.2     156     48     346     96.2     346     412.2     168     665     21     795     10     2000
741.03       -60811.931               16.2     156     48     346     96.2     346     412.2     168     665     21     795     10     2000
-57.92       -7927.326               16.2     156     48     346     96.2     346     412.2     168     665     21     795     10     2000
1020.89      -6681.612               12.2     156     41.5     346     83.7     346     372     168     597     21     732     10     2000
741.03       -60811.931               16.2     156     48     346     96.2     346     412.2     168     665     21     795     10     2000
1020.89      -6681.612               12.2     156     41.5     346     83.7     346     372     168     597     21     732     10     2000
1945.29      -69482.889               12.2     156     41.5     346     83.7     346     372     168     597     21     732     10     2000
1945.29      -69482.889               12.2     572     41.5     311     83.7     311     372     224     597     14     732     8.2     2000
1020.89      -6681.612               12.2     572     41.5     311     83.7     311     372     224     597     14     732     8.2     2000
2099.7       -5435.898               8.2     572     35     311     71.1     311     332     224     529     14     669     8.2     2000
1945.29      -69482.889               12.2     572     41.5     311     83.7     311     372     224     597     14     732     8.2     2000
2099.7       -5435.898               8.2     572     35     311     71.1     311     332     224     529     14     669     8.2     2000
3149.55      -68153.847               8.2     572     35     311     71.1     311     332     224     529     14     669     8.2     2000
3149.55      -68153.847               8.2     572     35     311     71.1     311     332     224     529     14     669     8.2     2000
2099.7       -5435.898               8.2     572     35     311     71.1     311     332     224     529     14     669     8.2     2000
2865.8425     -4369.66025               13.1     572     33.5     311     67     311     294     224     470     14     647     8.2     2000
3149.55       -68153.847               8.2     572     35     311     71.1     311     332     224     529     14     669     8.2     2000
2865.8425     -4369.66025               13.1     572     33.5     311     67     311     294     224     470     14     647     8.2     2000
3929.2       -67047.0125               13.1     572     33.5     311     67     311     294     224     470     14     647     8.2     2000
3929.2       -67047.0125               13.1     103     33.5     253     67     253     294     200     470     9.95     647     9.95     2000
2865.8425     -4369.66025               13.1     103     33.5     253     67     253     294     200     470     9.95     647     9.95     2000
3631.985     -3303.4225               18     103     32     253     63     253     255     200     411     9.95     561     9.95     2000
3929.2       -67047.0125               13.1     103     33.5     253     67     253     294     200     470     9.95     647     9.95     2000
3631.985     -3303.4225               18     103     32     253     63     253     255     200     411     9.95     561     9.95     2000
4708.85      -65940.178               18     103     32     253     63     253     255     200     411     9.95     561     9.95     2000
4708.85      -65940.178               18     103     32     253     63     253     255     200     411     9.95     561     9.95     2000
3631.985     -3303.4225               18     103     32     253     63     253     255     200     411     9.95     561     9.95     2000
4309.3625     -2354.7145               14.4     103     27.5     253     55     253     240     200     403     9.95     553     9.95     2000
4708.85      -65940.178               18     103     32     253     63     253     255     200     411     9.95     561     9.95     2000
4309.3625     -2354.7145               14.4     103     27.5     253     55     253     240     200     403     9.95     553     9.95     2000
5260.785     -65128.2255               14.4     103     27.5     253     55     253     240     200     403     9.95     553     9.95     2000
5260.785     -65128.2255               14.4     21     27.5     386     55     386     240     158     403     17.98     553     17.98     300
4309.3625     -2354.7145               14.4     21     27.5     386     55     386     240     158     403     17.98     553     17.98     300
4986.74      -1406.0065               10.8     21     23     386     46.8     386     225     158     395     17.98     545     17.98     300
5260.785     -65128.2255               14.4     21     27.5     386     55     386     240     158     403     17.98     553     17.98     300
4986.74      -1406.0065               10.8     21     23     386     46.8     386     225     158     395     17.98     545     17.98     300
5812.72      -64316.273               10.8     21     23     386     46.8     386     225     158     395     17.98     545     17.98     300
5812.72      -64316.273               10.8     21     23     386     46.8     386     225     158     395     17.98     545     17.98     300
4986.74      -1406.0065               10.8     21     23     386     46.8     386     225     158     395     17.98     545     17.98     300
6254.6425     239.29925               12.7     21     23     386     51.7     386     314     158     471     17.98     585     17.98     300
5812.72      -64316.273               10.8     21     23     386     46.8     386     225     158     395     17.98     545     17.98     300
6254.6425     239.29925               12.7     21     23     386     51.7     386     314     158     471     17.98     585     17.98     300
7043.95      -62713.699               12.7     21     23     386     51.7     386     314     158     471     17.98     585     17.98     300
7043.95      -62713.699               12.7     179     23     81     51.7     81     314     136     471     17     585     17     2000
6254.6425     239.29925               12.7     179     23     81     51.7     81     314     136     471     17     585     17     2000
7522.545     1884.605               14.5     179     23     81     56.5     81     403     136     546     17     698     17     2000
7043.95      -62713.699               12.7     179     23     81     51.7     81     314     136     471     17     585     17     2000
7522.545     1884.605               14.5     179     23     81     56.5     81     403     136     546     17     698     17     2000
8275.18      -61111.125               14.5     179     23     81     56.5     81     403     136     546     17     698     17     2000
8275.18      -61111.125               14.5     179     23     81     56.5     81     403     136     546     17     698     17     2000
7522.545     1884.605               14.5     179     23     81     56.5     81     403     136     546     17     698     17     2000
8301.2275     2941.22975               24.1     179     63     81     85.1     81     374     136     542     17     666     17     2000
8275.18      -61111.125               14.5     179     23     81     56.5     81     403     136     546     17     698     17     2000
8301.2275     2941.22975               24.1     179     63     81     85.1     81     374     136     542     17     666     17     2000
9083.77      -60002.1245                  24.1     179     63     81     85.1     81     374     136     542     17     666     17     2000
9083.77      -60002.1245                 24.1     2529     63     150     85.1     150     374     220     542     16     666     16     4000
8301.2275     2941.22975               24.1     2529     63     150     85.1     150     374     220     542     16     666     16     4000
9079.91      3997.8545               33.7     2529     60     150     113.7     150     344     220     538     16     634     16     2000
9083.77      -60002.1245                 24.1     2529     63     150     85.1     150     374     220     542     16     666     16     4000
9079.91      3997.8545               33.7     2529     60     150     113.7     150     344     220     538     16     634     16     2000
9892.36      -61115.374               33.7     2529     60     150     113.7     150     344     220     538     16     634     16     2000
9892.36      -61115.374               33.7     2529     60     150     113.7     150     344     220     538     16     634     16     2000
9079.91      3997.8545               33.7     2529     60     150     113.7     150     344     220     538     16     634     16     2000
69858.5925     35054.47925               33.7     2529     60     150     113.7     150     344     220     538     16     634     16     2000
9892.36      -61115.374               33.7     2529     60     150     113.7     150     344     220     538     16     634     16     2000
69858.5925     35054.47925               33.7     2529     60     150     113.7     150     344     220     538     16     634     16     2000
60700.95     -62228.6235               33.7     2529     60     150     113.7     150     344     220     538     16     634     16     2000





