        X           Y            z1          Rho1    z2         Rho2        z3         Rho3          z4        Rho4            z5        Rho5         z6         rho6         rhof
          40          10
 sl=           1
   -51622.00     4738.50        1.94      500.00        7.53      638.00       51.00      104.00      360.00     1980.00     1110.00      400.00     2560.00       27.00     2000.00
   -51622.00    44738.50        1.94      500.00        7.53      638.00       51.00      104.00      360.00     1980.00     1110.00      400.00     2560.00       27.00     2000.00
   -11622.00    44738.50        1.94      500.00        7.53      638.00       51.00      104.00      360.00     1980.00     1110.00      400.00     2560.00       27.00     2000.00
   -51622.00     4738.50        1.94      500.00        7.53      638.00       51.00      104.00      360.00     1980.00     1110.00      400.00     2560.00       27.00     2000.00
   -11622.00    44738.50        1.94      500.00        7.53      638.00       51.00      104.00      360.00     1980.00     1110.00      400.00     2560.00       27.00     2000.00
   -11622.00     4738.50        1.94      500.00        7.53      638.00       51.00      104.00      360.00     1980.00     1110.00      400.00     2560.00       27.00     2000.00
   -11622.00     4738.50        1.94      500.00        7.53      638.00       51.00      104.00      360.00     1980.00     1110.00      400.00     2560.00       27.00     2000.00
   -11622.00    44738.50        1.94      500.00        7.53      638.00       51.00      104.00      360.00     1980.00     1110.00      400.00     2560.00       27.00     2000.00
    -9517.00    44749.00        1.94      500.00        7.53      638.00       51.00      104.00      360.00     1980.00     1110.00      400.00     2560.00       27.00     2000.00
   -11622.00     4738.50        1.94      500.00        7.53      638.00       51.00      104.00      360.00     1980.00     1110.00      400.00     2560.00       27.00     2000.00
    -9517.00    44749.00        1.94      500.00        7.53      638.00       51.00      104.00      360.00     1980.00     1110.00      400.00     2560.00       27.00     2000.00
    -9517.00     4749.00        1.94      500.00        7.53      638.00       51.00      104.00      360.00     1980.00     1110.00      400.00     2560.00       27.00     2000.00
    -9517.00     4749.00        1.94      500.00        7.53      638.00       51.00      104.00      360.00     1980.00     1110.00      400.00     2560.00       27.00     2000.00
    -9517.00    44749.00        1.94      500.00        7.53      638.00       51.00      104.00      360.00     1980.00     1110.00      400.00     2560.00       27.00     2000.00
    -7412.00    44759.50        3.40      500.00       14.02      638.00       95.50      104.00      300.00     1980.00     1375.00      400.00     2675.00       27.00     2000.00
    -9517.00     4749.00        1.94      500.00        7.53      638.00       51.00      104.00      360.00     1980.00     1110.00      400.00     2560.00       27.00     2000.00
    -7412.00    44759.50        3.40      500.00       14.02      638.00       95.50      104.00      300.00     1980.00     1375.00      400.00     2675.00       27.00     2000.00
    -7412.00     4759.50        3.40      500.00       14.02      638.00       95.50      104.00      300.00     1980.00     1375.00      400.00     2675.00       27.00     2000.00
    -7412.00     4759.50        3.40     1010.00       14.02     2306.00       95.50      270.00      300.00     2400.00     1375.00      120.00     2675.00       12.00     2000.00
    -7412.00    44759.50        3.40     1010.00       14.02     2306.00       95.50      270.00      300.00     2400.00     1375.00      120.00     2675.00       12.00     2000.00
    -5307.00    44770.00        4.86     1010.00       20.50     2306.00      140.00      270.00      240.00     2400.00     1640.00      120.00     2790.00       12.00     2000.00
    -7412.00     4759.50        3.40     1010.00       14.02     2306.00       95.50      270.00      300.00     2400.00     1375.00      120.00     2675.00       12.00     2000.00
    -5307.00    44770.00        4.86     1010.00       20.50     2306.00      140.00      270.00      240.00     2400.00     1640.00      120.00     2790.00       12.00     2000.00
    -5307.00     4770.00        4.86     1010.00       20.50     2306.00      140.00      270.00      240.00     2400.00     1640.00      120.00     2790.00       12.00     2000.00
    -5307.00     4770.00        4.86     1010.00       20.50     2306.00      140.00      270.00      240.00     2400.00     1640.00      120.00     2790.00       12.00     2000.00
    -5307.00    44770.00        4.86     1010.00       20.50     2306.00      140.00      270.00      240.00     2400.00     1640.00      120.00     2790.00       12.00     2000.00
    -3952.50    44816.25        4.12     1010.00       61.75     2306.00      196.50      270.00      381.50     2400.00     1834.00      120.00     2959.00       12.00     2000.00
    -5307.00     4770.00        4.86     1010.00       20.50     2306.00      140.00      270.00      240.00     2400.00     1640.00      120.00     2790.00       12.00     2000.00
    -3952.50    44816.25        4.12     1010.00       61.75     2306.00      196.50      270.00      381.50     2400.00     1834.00      120.00     2959.00       12.00     2000.00
    -3952.50     4816.25        4.12     1010.00       61.75     2306.00      196.50      270.00      381.50     2400.00     1834.00      120.00     2959.00       12.00     2000.00
    -3952.50     4816.25        4.12      900.00       61.75     1518.00      196.50       90.00      381.50      200.00     1834.00      110.00     2959.00       12.00     2000.00
    -3952.50    44816.25        4.12      900.00       61.75     1518.00      196.50       90.00      381.50      200.00     1834.00      110.00     2959.00       12.00     2000.00
    -2598.00    44862.50        3.37      900.00      103.00     1518.00      253.00       90.00      523.00      200.00     2028.00      110.00     3128.00       12.00     2000.00
    -3952.50     4816.25        4.12      900.00       61.75     1518.00      196.50       90.00      381.50      200.00     1834.00      110.00     2959.00       12.00     2000.00
    -2598.00    44862.50        3.37      900.00      103.00     1518.00      253.00       90.00      523.00      200.00     2028.00      110.00     3128.00       12.00     2000.00
    -2598.00     4862.50        3.37      900.00      103.00     1518.00      253.00       90.00      523.00      200.00     2028.00      110.00     3128.00       12.00     2000.00
    -2598.00     4862.50        3.37      900.00      103.00     1518.00      253.00       90.00      523.00      200.00     2028.00      110.00     3128.00       12.00     2000.00
    -2598.00    44862.50        3.37      900.00      103.00     1518.00      253.00       90.00      523.00      200.00     2028.00      110.00     3128.00       12.00     2000.00
    -1598.00    44941.75        1.94      900.00       52.00     1518.00      240.50       90.00      494.00      200.00     1832.50      110.00     2957.50       12.00     2000.00
    -2598.00     4862.50        3.37      900.00      103.00     1518.00      253.00       90.00      523.00      200.00     2028.00      110.00     3128.00       12.00     2000.00
    -1598.00    44941.75        1.94      900.00       52.00     1518.00      240.50       90.00      494.00      200.00     1832.50      110.00     2957.50       12.00     2000.00
    -1598.00     4941.75        1.94      900.00       52.00     1518.00      240.50       90.00      494.00      200.00     1832.50      110.00     2957.50       12.00     2000.00
    -1598.00     4941.75        1.94     1100.00       52.00     1100.00      240.50     3766.00      494.00      300.00     1832.50      200.00     2957.50       27.00     2000.00
    -1598.00    44941.75        1.94     1100.00       52.00     1100.00      240.50     3766.00      494.00      300.00     1832.50      200.00     2957.50       27.00     2000.00
     -598.00    45021.00        0.50     1100.00        1.00     1100.00      228.00     3766.00      465.00      300.00     1637.00      200.00     2787.00       27.00     2000.00
    -1598.00     4941.75        1.94     1100.00       52.00     1100.00      240.50     3766.00      494.00      300.00     1832.50      200.00     2957.50       27.00     2000.00
     -598.00    45021.00        0.50     1100.00        1.00     1100.00      228.00     3766.00      465.00      300.00     1637.00      200.00     2787.00       27.00     2000.00
     -598.00     5021.00        0.50     1100.00        1.00     1100.00      228.00     3766.00      465.00      300.00     1637.00      200.00     2787.00       27.00     2000.00
     -598.00     5021.00        0.50     1100.00        1.00     1100.00      228.00     3766.00      465.00      300.00     1637.00      200.00     2787.00       27.00     2000.00
     -598.00    45021.00        0.50     1100.00        1.00     1100.00      228.00     3766.00      465.00      300.00     1637.00      200.00     2787.00       27.00     2000.00
      933.00    45144.25        0.75     1100.00        7.30     1100.00      169.50     3766.00      406.50      300.00     1578.50      200.00     2728.50       27.00     2000.00
     -598.00     5021.00        0.50     1100.00        1.00     1100.00      228.00     3766.00      465.00      300.00     1637.00      200.00     2787.00       27.00     2000.00
      933.00    45144.25        0.75     1100.00        7.30     1100.00      169.50     3766.00      406.50      300.00     1578.50      200.00     2728.50       27.00     2000.00
      933.00     5144.25        0.75     1100.00        7.30     1100.00      169.50     3766.00      406.50      300.00     1578.50      200.00     2728.50       27.00     2000.00
      933.00     5144.25        0.75     2512.00        7.30     2512.00      169.50     2214.00      406.50      182.00     1578.50      105.00     2728.50       11.00     2000.00
      933.00    45144.25        0.75     2512.00        7.30     2512.00      169.50     2214.00      406.50      182.00     1578.50      105.00     2728.50       11.00     2000.00
     2464.00    45267.50        1.00     2512.00       13.60     2512.00      111.00     2214.00      348.00      182.00     1520.00      105.00     2670.00       11.00     2000.00
      933.00     5144.25        0.75     2512.00        7.30     2512.00      169.50     2214.00      406.50      182.00     1578.50      105.00     2728.50       11.00     2000.00
     2464.00    45267.50        1.00     2512.00       13.60     2512.00      111.00     2214.00      348.00      182.00     1520.00      105.00     2670.00       11.00     2000.00
     2464.00     5267.50        1.00     2512.00       13.60     2512.00      111.00     2214.00      348.00      182.00     1520.00      105.00     2670.00       11.00     2000.00
     2464.00     5267.50        1.00     2512.00       13.60     2512.00      111.00     2214.00      348.00      182.00     1520.00      105.00     2670.00       11.00     2000.00
     2464.00    45267.50        1.00     2512.00       13.60     2512.00      111.00     2214.00      348.00      182.00     1520.00      105.00     2670.00       11.00     2000.00
     3979.00    45376.50        1.00     2512.00       10.15     2512.00       80.50     2214.00      287.50      182.00     1312.00      105.00     2337.00       11.00     2000.00
     2464.00     5267.50        1.00     2512.00       13.60     2512.00      111.00     2214.00      348.00      182.00     1520.00      105.00     2670.00       11.00     2000.00
     3979.00    45376.50        1.00     2512.00       10.15     2512.00       80.50     2214.00      287.50      182.00     1312.00      105.00     2337.00       11.00     2000.00
     3979.00     5376.50        1.00     2512.00       10.15     2512.00       80.50     2214.00      287.50      182.00     1312.00      105.00     2337.00       11.00     2000.00
     3979.00     5376.50        1.00     1100.00       10.15     1100.00       80.50     2743.00      287.50      173.00     1312.00      107.00     2337.00       11.80     2000.00
     3979.00    45376.50        1.00     1100.00       10.15     1100.00       80.50     2743.00      287.50      173.00     1312.00      107.00     2337.00       11.80     2000.00
     5494.00    45485.50        1.00     1100.00        6.70     1100.00       50.00     2743.00      227.00      173.00     1104.00      107.00     2004.00       11.80     2000.00
     3979.00     5376.50        1.00     1100.00       10.15     1100.00       80.50     2743.00      287.50      173.00     1312.00      107.00     2337.00       11.80     2000.00
     5494.00    45485.50        1.00     1100.00        6.70     1100.00       50.00     2743.00      227.00      173.00     1104.00      107.00     2004.00       11.80     2000.00
     5494.00     5485.50        1.00     1100.00        6.70     1100.00       50.00     2743.00      227.00      173.00     1104.00      107.00     2004.00       11.80     2000.00
     5494.00     5485.50        1.00     1100.00        6.70     1100.00       50.00     2743.00      227.00      173.00     1104.00      107.00     2004.00       11.80     2000.00
     5494.00    45485.50        1.00     1100.00        6.70     1100.00       50.00     2743.00      227.00      173.00     1104.00      107.00     2004.00       11.80     2000.00
     6164.50    45524.00        1.00     1100.00        6.70     1100.00       50.00     2743.00      227.00      173.00     1104.00      107.00     2004.00       11.80     2000.00
     5494.00     5485.50        1.00     1100.00        6.70     1100.00       50.00     2743.00      227.00      173.00     1104.00      107.00     2004.00       11.80     2000.00
     6164.50    45524.00        1.00     1100.00        6.70     1100.00       50.00     2743.00      227.00      173.00     1104.00      107.00     2004.00       11.80     2000.00
     6164.50     5524.00        1.00     1100.00        6.70     1100.00       50.00     2743.00      227.00      173.00     1104.00      107.00     2004.00       11.80     2000.00
     6164.50     5524.00        1.00     1100.00        6.70     1100.00       50.00     2743.00      227.00      173.00     1104.00      107.00     2004.00       11.80     2000.00
     6164.50    45524.00        1.00     1100.00        6.70     1100.00       50.00     2743.00      227.00      173.00     1104.00      107.00     2004.00       11.80     2000.00
     6835.00    45562.50        1.00     1100.00        6.70     1100.00       50.00     2743.00      227.00      173.00     1104.00      107.00     2004.00       11.80     2000.00
     6164.50     5524.00        1.00     1100.00        6.70     1100.00       50.00     2743.00      227.00      173.00     1104.00      107.00     2004.00       11.80     2000.00
     6835.00    45562.50        1.00     1100.00        6.70     1100.00       50.00     2743.00      227.00      173.00     1104.00      107.00     2004.00       11.80     2000.00
     6835.00     5562.50        1.00     1100.00        6.70     1100.00       50.00     2743.00      227.00      173.00     1104.00      107.00     2004.00       11.80     2000.00
     6835.00     5562.50        1.00     1100.00        6.70     1100.00       50.00     2743.00      227.00      173.00     1104.00      107.00     2004.00       11.80     2000.00
     6835.00    45562.50        1.00     1100.00        6.70     1100.00       50.00     2743.00      227.00      173.00     1104.00      107.00     2004.00       11.80     2000.00
     7505.50    45593.25        1.00     1100.00        4.35     1100.00       76.00     2743.00      234.50      173.00     1128.00      107.00     2178.00       11.80     2000.00
     6835.00     5562.50        1.00     1100.00        6.70     1100.00       50.00     2743.00      227.00      173.00     1104.00      107.00     2004.00       11.80     2000.00
     7505.50    45593.25        1.00     1100.00        4.35     1100.00       76.00     2743.00      234.50      173.00     1128.00      107.00     2178.00       11.80     2000.00
     7505.50     5593.25        1.00     1100.00        4.35     1100.00       76.00     2743.00      234.50      173.00     1128.00      107.00     2178.00       11.80     2000.00
     7505.50     5593.25        1.00      500.00        4.35      500.00       76.00     4500.00      234.50     8000.00     1128.00      338.00     2178.00       12.00     2000.00
     7505.50    45593.25        1.00      500.00        4.35      500.00       76.00     4500.00      234.50     8000.00     1128.00      338.00     2178.00       12.00     2000.00
     8176.00    45624.00        1.00      500.00        2.00      500.00      102.00     4500.00      242.00     8000.00     1152.00      338.00     2352.00       12.00     2000.00
     7505.50     5593.25        1.00      500.00        4.35      500.00       76.00     4500.00      234.50     8000.00     1128.00      338.00     2178.00       12.00     2000.00
     8176.00    45624.00        1.00      500.00        2.00      500.00      102.00     4500.00      242.00     8000.00     1152.00      338.00     2352.00       12.00     2000.00
     8176.00     5624.00        1.00      500.00        2.00      500.00      102.00     4500.00      242.00     8000.00     1152.00      338.00     2352.00       12.00     2000.00
     8176.00     5624.00        1.00      500.00        2.00      500.00      102.00     4500.00      242.00     8000.00     1152.00      338.00     2352.00       12.00     2000.00
     8176.00    45624.00        1.00      500.00        2.00      500.00      102.00     4500.00      242.00     8000.00     1152.00      338.00     2352.00       12.00     2000.00
     8846.50    45640.50        1.00      500.00        2.00      500.00      102.00     4500.00      242.00     8000.00     1152.00      338.00     2352.00       12.00     2000.00
     8176.00     5624.00        1.00      500.00        2.00      500.00      102.00     4500.00      242.00     8000.00     1152.00      338.00     2352.00       12.00     2000.00
     8846.50    45640.50        1.00      500.00        2.00      500.00      102.00     4500.00      242.00     8000.00     1152.00      338.00     2352.00       12.00     2000.00
     8846.50     5640.50        1.00      500.00        2.00      500.00      102.00     4500.00      242.00     8000.00     1152.00      338.00     2352.00       12.00     2000.00
     8846.50     5640.50        1.00      500.00        2.00      500.00      102.00     4500.00      242.00     8000.00     1152.00      338.00     2352.00       12.00     2000.00
     8846.50    45640.50        1.00      500.00        2.00      500.00      102.00     4500.00      242.00     8000.00     1152.00      338.00     2352.00       12.00     2000.00
     9517.00    45657.00        1.00      500.00        2.00      500.00      102.00     4500.00      242.00     8000.00     1152.00      338.00     2352.00       12.00     2000.00
     8846.50     5640.50        1.00      500.00        2.00      500.00      102.00     4500.00      242.00     8000.00     1152.00      338.00     2352.00       12.00     2000.00
     9517.00    45657.00        1.00      500.00        2.00      500.00      102.00     4500.00      242.00     8000.00     1152.00      338.00     2352.00       12.00     2000.00
     9517.00     5657.00        1.00      500.00        2.00      500.00      102.00     4500.00      242.00     8000.00     1152.00      338.00     2352.00       12.00     2000.00
     9517.00     5657.00        1.00      500.00        2.00      500.00      102.00     4500.00      242.00     8000.00     1152.00      338.00     2352.00       12.00     2000.00
     9517.00    45657.00        1.00      500.00        2.00      500.00      102.00     4500.00      242.00     8000.00     1152.00      338.00     2352.00       12.00     2000.00
    10187.50    45673.50        1.00      500.00        2.00      500.00      102.00     4500.00      242.00     8000.00     1152.00      338.00     2352.00       12.00     2000.00
     9517.00     5657.00        1.00      500.00        2.00      500.00      102.00     4500.00      242.00     8000.00     1152.00      338.00     2352.00       12.00     2000.00
    10187.50    45673.50        1.00      500.00        2.00      500.00      102.00     4500.00      242.00     8000.00     1152.00      338.00     2352.00       12.00     2000.00
    10187.50     5673.50        1.00      500.00        2.00      500.00      102.00     4500.00      242.00     8000.00     1152.00      338.00     2352.00       12.00     2000.00
    10187.50     5673.50        1.00      500.00        2.00      500.00      102.00     4500.00      242.00     8000.00     1152.00      338.00     2352.00       12.00     2000.00
    10187.50    45673.50        1.00      500.00        2.00      500.00      102.00     4500.00      242.00     8000.00     1152.00      338.00     2352.00       12.00     2000.00
    50187.50    45673.50        1.00      500.00        2.00      500.00      102.00     4500.00      242.00     8000.00     1152.00      338.00     2352.00       12.00     2000.00
    10187.50     5673.50        1.00      500.00        2.00      500.00      102.00     4500.00      242.00     8000.00     1152.00      338.00     2352.00       12.00     2000.00
    50187.50    45673.50        1.00      500.00        2.00      500.00      102.00     4500.00      242.00     8000.00     1152.00      338.00     2352.00       12.00     2000.00
    50187.50     5673.50        1.00      500.00        2.00      500.00      102.00     4500.00      242.00     8000.00     1152.00      338.00     2352.00       12.00     2000.00
 sl=           2
   -51622.00     3861.00        1.94      500.00        7.53      638.00       51.00      104.00      360.00     1980.00     1110.00      400.00     2560.00       27.00     2000.00
   -51622.00     4738.50        1.94      500.00        7.53      638.00       51.00      104.00      360.00     1980.00     1110.00      400.00     2560.00       27.00     2000.00
   -11622.00     4738.50        1.94      500.00        7.53      638.00       51.00      104.00      360.00     1980.00     1110.00      400.00     2560.00       27.00     2000.00
   -51622.00     3861.00        1.94      500.00        7.53      638.00       51.00      104.00      360.00     1980.00     1110.00      400.00     2560.00       27.00     2000.00
   -11622.00     4738.50        1.94      500.00        7.53      638.00       51.00      104.00      360.00     1980.00     1110.00      400.00     2560.00       27.00     2000.00
   -11622.00     3861.00        1.94      500.00        7.53      638.00       51.00      104.00      360.00     1980.00     1110.00      400.00     2560.00       27.00     2000.00
   -11622.00     3861.00        1.94      500.00        7.53      638.00       51.00      104.00      360.00     1980.00     1110.00      400.00     2560.00       27.00     2000.00
   -11622.00     4738.50        1.94      500.00        7.53      638.00       51.00      104.00      360.00     1980.00     1110.00      400.00     2560.00       27.00     2000.00
    -9517.00     4749.00        1.94      500.00        7.53      638.00       51.00      104.00      360.00     1980.00     1110.00      400.00     2560.00       27.00     2000.00
   -11622.00     3861.00        1.94      500.00        7.53      638.00       51.00      104.00      360.00     1980.00     1110.00      400.00     2560.00       27.00     2000.00
    -9517.00     4749.00        1.94      500.00        7.53      638.00       51.00      104.00      360.00     1980.00     1110.00      400.00     2560.00       27.00     2000.00
    -9517.00     3854.50        1.94      500.00        7.53      638.00       51.00      104.00      360.00     1980.00     1110.00      400.00     2560.00       27.00     2000.00
    -9517.00     3854.50        1.94      500.00        7.53      638.00       51.00      104.00      360.00     1980.00     1110.00      400.00     2560.00       27.00     2000.00
    -9517.00     4749.00        1.94      500.00        7.53      638.00       51.00      104.00      360.00     1980.00     1110.00      400.00     2560.00       27.00     2000.00
    -7412.00     4759.50        3.40      500.00       14.02      638.00       95.50      104.00      300.00     1980.00     1375.00      400.00     2675.00       27.00     2000.00
    -9517.00     3854.50        1.94      500.00        7.53      638.00       51.00      104.00      360.00     1980.00     1110.00      400.00     2560.00       27.00     2000.00
    -7412.00     4759.50        3.40      500.00       14.02      638.00       95.50      104.00      300.00     1980.00     1375.00      400.00     2675.00       27.00     2000.00
    -7412.00     3848.00        3.40      500.00       14.02      638.00       95.50      104.00      300.00     1980.00     1375.00      400.00     2675.00       27.00     2000.00
    -7412.00     3848.00        3.40     1010.00       14.02     2306.00       95.50      270.00      300.00     2400.00     1375.00      120.00     2675.00       12.00     2000.00
    -7412.00     4759.50        3.40     1010.00       14.02     2306.00       95.50      270.00      300.00     2400.00     1375.00      120.00     2675.00       12.00     2000.00
    -5307.00     4770.00        4.86     1010.00       20.50     2306.00      140.00      270.00      240.00     2400.00     1640.00      120.00     2790.00       12.00     2000.00
    -7412.00     3848.00        3.40     1010.00       14.02     2306.00       95.50      270.00      300.00     2400.00     1375.00      120.00     2675.00       12.00     2000.00
    -5307.00     4770.00        4.86     1010.00       20.50     2306.00      140.00      270.00      240.00     2400.00     1640.00      120.00     2790.00       12.00     2000.00
    -5307.00     3841.50        4.86     1010.00       20.50     2306.00      140.00      270.00      240.00     2400.00     1640.00      120.00     2790.00       12.00     2000.00
    -5307.00     3841.50        4.86     1010.00       20.50     2306.00      140.00      270.00      240.00     2400.00     1640.00      120.00     2790.00       12.00     2000.00
    -5307.00     4770.00        4.86     1010.00       20.50     2306.00      140.00      270.00      240.00     2400.00     1640.00      120.00     2790.00       12.00     2000.00
    -3952.50     4816.25        4.12     1010.00       61.75     2306.00      196.50      270.00      381.50     2400.00     1834.00      120.00     2959.00       12.00     2000.00
    -5307.00     3841.50        4.86     1010.00       20.50     2306.00      140.00      270.00      240.00     2400.00     1640.00      120.00     2790.00       12.00     2000.00
    -3952.50     4816.25        4.12     1010.00       61.75     2306.00      196.50      270.00      381.50     2400.00     1834.00      120.00     2959.00       12.00     2000.00
    -3952.50     3954.50        4.12     1010.00       61.75     2306.00      196.50      270.00      381.50     2400.00     1834.00      120.00     2959.00       12.00     2000.00
    -3952.50     3954.50        4.12      900.00       61.75     1518.00      196.50       90.00      381.50      200.00     1834.00      110.00     2959.00       12.00     2000.00
    -3952.50     4816.25        4.12      900.00       61.75     1518.00      196.50       90.00      381.50      200.00     1834.00      110.00     2959.00       12.00     2000.00
    -2598.00     4862.50        3.37      900.00      103.00     1518.00      253.00       90.00      523.00      200.00     2028.00      110.00     3128.00       12.00     2000.00
    -3952.50     3954.50        4.12      900.00       61.75     1518.00      196.50       90.00      381.50      200.00     1834.00      110.00     2959.00       12.00     2000.00
    -2598.00     4862.50        3.37      900.00      103.00     1518.00      253.00       90.00      523.00      200.00     2028.00      110.00     3128.00       12.00     2000.00
    -2598.00     4067.50        3.37      900.00      103.00     1518.00      253.00       90.00      523.00      200.00     2028.00      110.00     3128.00       12.00     2000.00
    -2598.00     4067.50        3.37      900.00      103.00     1518.00      253.00       90.00      523.00      200.00     2028.00      110.00     3128.00       12.00     2000.00
    -2598.00     4862.50        3.37      900.00      103.00     1518.00      253.00       90.00      523.00      200.00     2028.00      110.00     3128.00       12.00     2000.00
    -1598.00     4941.75        1.94      900.00       52.00     1518.00      240.50       90.00      494.00      200.00     1832.50      110.00     2957.50       12.00     2000.00
    -2598.00     4067.50        3.37      900.00      103.00     1518.00      253.00       90.00      523.00      200.00     2028.00      110.00     3128.00       12.00     2000.00
    -1598.00     4941.75        1.94      900.00       52.00     1518.00      240.50       90.00      494.00      200.00     1832.50      110.00     2957.50       12.00     2000.00
    -1598.00     4101.50        1.94      900.00       52.00     1518.00      240.50       90.00      494.00      200.00     1832.50      110.00     2957.50       12.00     2000.00
    -1598.00     4101.50        1.94     1100.00       52.00     1100.00      240.50     3766.00      494.00      300.00     1832.50      200.00     2957.50       27.00     2000.00
    -1598.00     4941.75        1.94     1100.00       52.00     1100.00      240.50     3766.00      494.00      300.00     1832.50      200.00     2957.50       27.00     2000.00
     -598.00     5021.00        0.50     1100.00        1.00     1100.00      228.00     3766.00      465.00      300.00     1637.00      200.00     2787.00       27.00     2000.00
    -1598.00     4101.50        1.94     1100.00       52.00     1100.00      240.50     3766.00      494.00      300.00     1832.50      200.00     2957.50       27.00     2000.00
     -598.00     5021.00        0.50     1100.00        1.00     1100.00      228.00     3766.00      465.00      300.00     1637.00      200.00     2787.00       27.00     2000.00
     -598.00     4135.50        0.50     1100.00        1.00     1100.00      228.00     3766.00      465.00      300.00     1637.00      200.00     2787.00       27.00     2000.00
     -598.00     4135.50        0.50     1100.00        1.00     1100.00      228.00     3766.00      465.00      300.00     1637.00      200.00     2787.00       27.00     2000.00
     -598.00     5021.00        0.50     1100.00        1.00     1100.00      228.00     3766.00      465.00      300.00     1637.00      200.00     2787.00       27.00     2000.00
      933.00     5144.25        0.75     1100.00        7.30     1100.00      169.50     3766.00      406.50      300.00     1578.50      200.00     2728.50       27.00     2000.00
     -598.00     4135.50        0.50     1100.00        1.00     1100.00      228.00     3766.00      465.00      300.00     1637.00      200.00     2787.00       27.00     2000.00
      933.00     5144.25        0.75     1100.00        7.30     1100.00      169.50     3766.00      406.50      300.00     1578.50      200.00     2728.50       27.00     2000.00
      933.00     4196.50        0.75     1100.00        7.30     1100.00      169.50     3766.00      406.50      300.00     1578.50      200.00     2728.50       27.00     2000.00
      933.00     4196.50        0.75     2512.00        7.30     2512.00      169.50     2214.00      406.50      182.00     1578.50      105.00     2728.50       11.00     2000.00
      933.00     5144.25        0.75     2512.00        7.30     2512.00      169.50     2214.00      406.50      182.00     1578.50      105.00     2728.50       11.00     2000.00
     2464.00     5267.50        1.00     2512.00       13.60     2512.00      111.00     2214.00      348.00      182.00     1520.00      105.00     2670.00       11.00     2000.00
      933.00     4196.50        0.75     2512.00        7.30     2512.00      169.50     2214.00      406.50      182.00     1578.50      105.00     2728.50       11.00     2000.00
     2464.00     5267.50        1.00     2512.00       13.60     2512.00      111.00     2214.00      348.00      182.00     1520.00      105.00     2670.00       11.00     2000.00
     2464.00     4257.50        1.00     2512.00       13.60     2512.00      111.00     2214.00      348.00      182.00     1520.00      105.00     2670.00       11.00     2000.00
     2464.00     4257.50        1.00     2512.00       13.60     2512.00      111.00     2214.00      348.00      182.00     1520.00      105.00     2670.00       11.00     2000.00
     2464.00     5267.50        1.00     2512.00       13.60     2512.00      111.00     2214.00      348.00      182.00     1520.00      105.00     2670.00       11.00     2000.00
     3979.00     5376.50        1.00     2512.00       10.15     2512.00       80.50     2214.00      287.50      182.00     1312.00      105.00     2337.00       11.00     2000.00
     2464.00     4257.50        1.00     2512.00       13.60     2512.00      111.00     2214.00      348.00      182.00     1520.00      105.00     2670.00       11.00     2000.00
     3979.00     5376.50        1.00     2512.00       10.15     2512.00       80.50     2214.00      287.50      182.00     1312.00      105.00     2337.00       11.00     2000.00
     3979.00     4300.00        1.00     2512.00       10.15     2512.00       80.50     2214.00      287.50      182.00     1312.00      105.00     2337.00       11.00     2000.00
     3979.00     4300.00        1.00     1100.00       10.15     1100.00       80.50     2743.00      287.50      173.00     1312.00      107.00     2337.00       11.80     2000.00
     3979.00     5376.50        1.00     1100.00       10.15     1100.00       80.50     2743.00      287.50      173.00     1312.00      107.00     2337.00       11.80     2000.00
     5494.00     5485.50        1.00     1100.00        6.70     1100.00       50.00     2743.00      227.00      173.00     1104.00      107.00     2004.00       11.80     2000.00
     3979.00     4300.00        1.00     1100.00       10.15     1100.00       80.50     2743.00      287.50      173.00     1312.00      107.00     2337.00       11.80     2000.00
     5494.00     5485.50        1.00     1100.00        6.70     1100.00       50.00     2743.00      227.00      173.00     1104.00      107.00     2004.00       11.80     2000.00
     5494.00     4342.50        1.00     1100.00        6.70     1100.00       50.00     2743.00      227.00      173.00     1104.00      107.00     2004.00       11.80     2000.00
     5494.00     4342.50        1.00     1100.00        6.70     1100.00       50.00     2743.00      227.00      173.00     1104.00      107.00     2004.00       11.80     2000.00
     5494.00     5485.50        1.00     1100.00        6.70     1100.00       50.00     2743.00      227.00      173.00     1104.00      107.00     2004.00       11.80     2000.00
     6164.50     5524.00        1.00     1100.00        6.70     1100.00       50.00     2743.00      227.00      173.00     1104.00      107.00     2004.00       11.80     2000.00
     5494.00     4342.50        1.00     1100.00        6.70     1100.00       50.00     2743.00      227.00      173.00     1104.00      107.00     2004.00       11.80     2000.00
     6164.50     5524.00        1.00     1100.00        6.70     1100.00       50.00     2743.00      227.00      173.00     1104.00      107.00     2004.00       11.80     2000.00
     6164.50     4351.00        1.00     1100.00        6.70     1100.00       50.00     2743.00      227.00      173.00     1104.00      107.00     2004.00       11.80     2000.00
     6164.50     4351.00        1.00     1100.00        6.70     1100.00       50.00     2743.00      227.00      173.00     1104.00      107.00     2004.00       11.80     2000.00
     6164.50     5524.00        1.00     1100.00        6.70     1100.00       50.00     2743.00      227.00      173.00     1104.00      107.00     2004.00       11.80     2000.00
     6835.00     5562.50        1.00     1100.00        6.70     1100.00       50.00     2743.00      227.00      173.00     1104.00      107.00     2004.00       11.80     2000.00
     6164.50     4351.00        1.00     1100.00        6.70     1100.00       50.00     2743.00      227.00      173.00     1104.00      107.00     2004.00       11.80     2000.00
     6835.00     5562.50        1.00     1100.00        6.70     1100.00       50.00     2743.00      227.00      173.00     1104.00      107.00     2004.00       11.80     2000.00
     6835.00     4359.50        1.00     1100.00        6.70     1100.00       50.00     2743.00      227.00      173.00     1104.00      107.00     2004.00       11.80     2000.00
     6835.00     4359.50        1.00     1100.00        6.70     1100.00       50.00     2743.00      227.00      173.00     1104.00      107.00     2004.00       11.80     2000.00
     6835.00     5562.50        1.00     1100.00        6.70     1100.00       50.00     2743.00      227.00      173.00     1104.00      107.00     2004.00       11.80     2000.00
     7505.50     5593.25        1.00     1100.00        4.35     1100.00       76.00     2743.00      234.50      173.00     1128.00      107.00     2178.00       11.80     2000.00
     6835.00     4359.50        1.00     1100.00        6.70     1100.00       50.00     2743.00      227.00      173.00     1104.00      107.00     2004.00       11.80     2000.00
     7505.50     5593.25        1.00     1100.00        4.35     1100.00       76.00     2743.00      234.50      173.00     1128.00      107.00     2178.00       11.80     2000.00
     7505.50     4373.00        1.00     1100.00        4.35     1100.00       76.00     2743.00      234.50      173.00     1128.00      107.00     2178.00       11.80     2000.00
     7505.50     4373.00        1.00      500.00        4.35      500.00       76.00     4500.00      234.50     8000.00     1128.00      338.00     2178.00       12.00     2000.00
     7505.50     5593.25        1.00      500.00        4.35      500.00       76.00     4500.00      234.50     8000.00     1128.00      338.00     2178.00       12.00     2000.00
     8176.00     5624.00        1.00      500.00        2.00      500.00      102.00     4500.00      242.00     8000.00     1152.00      338.00     2352.00       12.00     2000.00
     7505.50     4373.00        1.00      500.00        4.35      500.00       76.00     4500.00      234.50     8000.00     1128.00      338.00     2178.00       12.00     2000.00
     8176.00     5624.00        1.00      500.00        2.00      500.00      102.00     4500.00      242.00     8000.00     1152.00      338.00     2352.00       12.00     2000.00
     8176.00     4386.50        1.00      500.00        2.00      500.00      102.00     4500.00      242.00     8000.00     1152.00      338.00     2352.00       12.00     2000.00
     8176.00     4386.50        1.00      500.00        2.00      500.00      102.00     4500.00      242.00     8000.00     1152.00      338.00     2352.00       12.00     2000.00
     8176.00     5624.00        1.00      500.00        2.00      500.00      102.00     4500.00      242.00     8000.00     1152.00      338.00     2352.00       12.00     2000.00
     8846.50     5640.50        1.00      500.00        2.00      500.00      102.00     4500.00      242.00     8000.00     1152.00      338.00     2352.00       12.00     2000.00
     8176.00     4386.50        1.00      500.00        2.00      500.00      102.00     4500.00      242.00     8000.00     1152.00      338.00     2352.00       12.00     2000.00
     8846.50     5640.50        1.00      500.00        2.00      500.00      102.00     4500.00      242.00     8000.00     1152.00      338.00     2352.00       12.00     2000.00
     8846.50     4390.50        1.00      500.00        2.00      500.00      102.00     4500.00      242.00     8000.00     1152.00      338.00     2352.00       12.00     2000.00
     8846.50     4390.50        1.00      500.00        2.00      500.00      102.00     4500.00      242.00     8000.00     1152.00      338.00     2352.00       12.00     2000.00
     8846.50     5640.50        1.00      500.00        2.00      500.00      102.00     4500.00      242.00     8000.00     1152.00      338.00     2352.00       12.00     2000.00
     9517.00     5657.00        1.00      500.00        2.00      500.00      102.00     4500.00      242.00     8000.00     1152.00      338.00     2352.00       12.00     2000.00
     8846.50     4390.50        1.00      500.00        2.00      500.00      102.00     4500.00      242.00     8000.00     1152.00      338.00     2352.00       12.00     2000.00
     9517.00     5657.00        1.00      500.00        2.00      500.00      102.00     4500.00      242.00     8000.00     1152.00      338.00     2352.00       12.00     2000.00
     9517.00     4394.50        1.00      500.00        2.00      500.00      102.00     4500.00      242.00     8000.00     1152.00      338.00     2352.00       12.00     2000.00
     9517.00     4394.50        1.00      500.00        2.00      500.00      102.00     4500.00      242.00     8000.00     1152.00      338.00     2352.00       12.00     2000.00
     9517.00     5657.00        1.00      500.00        2.00      500.00      102.00     4500.00      242.00     8000.00     1152.00      338.00     2352.00       12.00     2000.00
    10187.50     5673.50        1.00      500.00        2.00      500.00      102.00     4500.00      242.00     8000.00     1152.00      338.00     2352.00       12.00     2000.00
     9517.00     4394.50        1.00      500.00        2.00      500.00      102.00     4500.00      242.00     8000.00     1152.00      338.00     2352.00       12.00     2000.00
    10187.50     5673.50        1.00      500.00        2.00      500.00      102.00     4500.00      242.00     8000.00     1152.00      338.00     2352.00       12.00     2000.00
    10187.50     4398.50        1.00      500.00        2.00      500.00      102.00     4500.00      242.00     8000.00     1152.00      338.00     2352.00       12.00     2000.00
    10187.50     4398.50        1.00      500.00        2.00      500.00      102.00     4500.00      242.00     8000.00     1152.00      338.00     2352.00       12.00     2000.00
    10187.50     5673.50        1.00      500.00        2.00      500.00      102.00     4500.00      242.00     8000.00     1152.00      338.00     2352.00       12.00     2000.00
    50187.50     5673.50        1.00      500.00        2.00      500.00      102.00     4500.00      242.00     8000.00     1152.00      338.00     2352.00       12.00     2000.00
    10187.50     4398.50        1.00      500.00        2.00      500.00      102.00     4500.00      242.00     8000.00     1152.00      338.00     2352.00       12.00     2000.00
    50187.50     5673.50        1.00      500.00        2.00      500.00      102.00     4500.00      242.00     8000.00     1152.00      338.00     2352.00       12.00     2000.00
    50187.50     4398.50        1.00      500.00        2.00      500.00      102.00     4500.00      242.00     8000.00     1152.00      338.00     2352.00       12.00     2000.00
 sl=           3
   -51785.00     2983.50        2.18      500.00        6.90      638.00       40.00      104.00      332.50     1980.00     1095.00      400.00     2332.50       27.00     2000.00
   -51622.00     3861.00        1.94      500.00        7.53      638.00       51.00      104.00      360.00     1980.00     1110.00      400.00     2560.00       27.00     2000.00
   -11622.00     3861.00        1.94      500.00        7.53      638.00       51.00      104.00      360.00     1980.00     1110.00      400.00     2560.00       27.00     2000.00
   -51785.00     2983.50        2.18      500.00        6.90      638.00       40.00      104.00      332.50     1980.00     1095.00      400.00     2332.50       27.00     2000.00
   -11622.00     3861.00        1.94      500.00        7.53      638.00       51.00      104.00      360.00     1980.00     1110.00      400.00     2560.00       27.00     2000.00
   -11785.00     2983.50        2.18      500.00        6.90      638.00       40.00      104.00      332.50     1980.00     1095.00      400.00     2332.50       27.00     2000.00
   -11785.00     2983.50        2.18      500.00        6.90      638.00       40.00      104.00      332.50     1980.00     1095.00      400.00     2332.50       27.00     2000.00
   -11622.00     3861.00        1.94      500.00        7.53      638.00       51.00      104.00      360.00     1980.00     1110.00      400.00     2560.00       27.00     2000.00
    -9517.00     3854.50        1.94      500.00        7.53      638.00       51.00      104.00      360.00     1980.00     1110.00      400.00     2560.00       27.00     2000.00
   -11785.00     2983.50        2.18      500.00        6.90      638.00       40.00      104.00      332.50     1980.00     1095.00      400.00     2332.50       27.00     2000.00
    -9517.00     3854.50        1.94      500.00        7.53      638.00       51.00      104.00      360.00     1980.00     1110.00      400.00     2560.00       27.00     2000.00
    -9761.50     2960.00        2.18      500.00        6.90      638.00       40.00      104.00      332.50     1980.00     1095.00      400.00     2332.50       27.00     2000.00
    -9761.50     2960.00        2.18      500.00        6.90      638.00       40.00      104.00      332.50     1980.00     1095.00      400.00     2332.50       27.00     2000.00
    -9517.00     3854.50        1.94      500.00        7.53      638.00       51.00      104.00      360.00     1980.00     1110.00      400.00     2560.00       27.00     2000.00
    -7412.00     3848.00        3.40      500.00       14.02      638.00       95.50      104.00      300.00     1980.00     1375.00      400.00     2675.00       27.00     2000.00
    -9761.50     2960.00        2.18      500.00        6.90      638.00       40.00      104.00      332.50     1980.00     1095.00      400.00     2332.50       27.00     2000.00
    -7412.00     3848.00        3.40      500.00       14.02      638.00       95.50      104.00      300.00     1980.00     1375.00      400.00     2675.00       27.00     2000.00
    -7738.00     2936.50        3.41      500.00       12.76      638.00       85.00      104.00      317.12     1980.00     1373.38      400.00     2560.88       27.00     2000.00
    -7738.00     2936.50        3.41     1010.00       12.76     2306.00       85.00      270.00      317.12     2400.00     1373.38      120.00     2560.88       12.00     2000.00
    -7412.00     3848.00        3.40     1010.00       14.02     2306.00       95.50      270.00      300.00     2400.00     1375.00      120.00     2675.00       12.00     2000.00
    -5307.00     3841.50        4.86     1010.00       20.50     2306.00      140.00      270.00      240.00     2400.00     1640.00      120.00     2790.00       12.00     2000.00
    -7738.00     2936.50        3.41     1010.00       12.76     2306.00       85.00      270.00      317.12     2400.00     1373.38      120.00     2560.88       12.00     2000.00
    -5307.00     3841.50        4.86     1010.00       20.50     2306.00      140.00      270.00      240.00     2400.00     1640.00      120.00     2790.00       12.00     2000.00
    -5714.50     2913.00        4.64     1010.00       18.62     2306.00      130.00      270.00      301.75     2400.00     1651.75      120.00     2789.25       12.00     2000.00
    -5714.50     2913.00        4.64     1010.00       18.62     2306.00      130.00      270.00      301.75     2400.00     1651.75      120.00     2789.25       12.00     2000.00
    -5307.00     3841.50        4.86     1010.00       20.50     2306.00      140.00      270.00      240.00     2400.00     1640.00      120.00     2790.00       12.00     2000.00
    -3952.50     3954.50        4.12     1010.00       61.75     2306.00      196.50      270.00      381.50     2400.00     1834.00      120.00     2959.00       12.00     2000.00
    -5714.50     2913.00        4.64     1010.00       18.62     2306.00      130.00      270.00      301.75     2400.00     1651.75      120.00     2789.25       12.00     2000.00
    -3952.50     3954.50        4.12     1010.00       61.75     2306.00      196.50      270.00      381.50     2400.00     1834.00      120.00     2959.00       12.00     2000.00
    -4191.50     3092.75        3.42     1010.00       36.29     2306.00      151.85      270.00      377.62     2400.00     1719.62      120.00     2788.38       12.00     2000.00
    -4191.50     3092.75        3.42      900.00       36.29     1518.00      151.85       90.00      377.62      200.00     1719.62      110.00     2788.38       12.00     2000.00
    -3952.50     3954.50        4.12      900.00       61.75     1518.00      196.50       90.00      381.50      200.00     1834.00      110.00     2959.00       12.00     2000.00
    -2598.00     4067.50        3.37      900.00      103.00     1518.00      253.00       90.00      523.00      200.00     2028.00      110.00     3128.00       12.00     2000.00
    -4191.50     3092.75        3.42      900.00       36.29     1518.00      151.85       90.00      377.62      200.00     1719.62      110.00     2788.38       12.00     2000.00
    -2598.00     4067.50        3.37      900.00      103.00     1518.00      253.00       90.00      523.00      200.00     2028.00      110.00     3128.00       12.00     2000.00
    -2668.50     3272.50        2.19      900.00       53.95     1518.00      173.70       90.00      453.50      200.00     1787.50      110.00     2787.50       12.00     2000.00
    -2668.50     3272.50        2.19      900.00       53.95     1518.00      173.70       90.00      453.50      200.00     1787.50      110.00     2787.50       12.00     2000.00
    -2598.00     4067.50        3.37      900.00      103.00     1518.00      253.00       90.00      523.00      200.00     2028.00      110.00     3128.00       12.00     2000.00
    -1598.00     4101.50        1.94      900.00       52.00     1518.00      240.50       90.00      494.00      200.00     1832.50      110.00     2957.50       12.00     2000.00
    -2668.50     3272.50        2.19      900.00       53.95     1518.00      173.70       90.00      453.50      200.00     1787.50      110.00     2787.50       12.00     2000.00
    -1598.00     4101.50        1.94      900.00       52.00     1518.00      240.50       90.00      494.00      200.00     1832.50      110.00     2957.50       12.00     2000.00
    -1665.75     3261.25        1.47      900.00       29.48     1518.00      167.35       90.00      439.50      200.00     1694.00      110.00     2706.50       12.00     2000.00
    -1665.75     3261.25        1.47     1100.00       29.48     1100.00      167.35     3766.00      439.50      300.00     1694.00      200.00     2706.50       27.00     2000.00
    -1598.00     4101.50        1.94     1100.00       52.00     1100.00      240.50     3766.00      494.00      300.00     1832.50      200.00     2957.50       27.00     2000.00
     -598.00     4135.50        0.50     1100.00        1.00     1100.00      228.00     3766.00      465.00      300.00     1637.00      200.00     2787.00       27.00     2000.00
    -1665.75     3261.25        1.47     1100.00       29.48     1100.00      167.35     3766.00      439.50      300.00     1694.00      200.00     2706.50       27.00     2000.00
     -598.00     4135.50        0.50     1100.00        1.00     1100.00      228.00     3766.00      465.00      300.00     1637.00      200.00     2787.00       27.00     2000.00
     -663.00     3250.00        0.75     1100.00        5.00     1100.00      161.00     3766.00      425.50      300.00     1600.50      200.00     2625.50       27.00     2000.00
     -663.00     3250.00        0.75     1100.00        5.00     1100.00      161.00     3766.00      425.50      300.00     1600.50      200.00     2625.50       27.00     2000.00
     -598.00     4135.50        0.50     1100.00        1.00     1100.00      228.00     3766.00      465.00      300.00     1637.00      200.00     2787.00       27.00     2000.00
      933.00     4196.50        0.75     1100.00        7.30     1100.00      169.50     3766.00      406.50      300.00     1578.50      200.00     2728.50       27.00     2000.00
     -663.00     3250.00        0.75     1100.00        5.00     1100.00      161.00     3766.00      425.50      300.00     1600.50      200.00     2625.50       27.00     2000.00
      933.00     4196.50        0.75     1100.00        7.30     1100.00      169.50     3766.00      406.50      300.00     1578.50      200.00     2728.50       27.00     2000.00
      598.50     3248.75        0.88     1100.00       11.65     1100.00      146.25     3766.00      410.75      300.00     1541.25      200.00     2566.25       27.00     2000.00
      598.50     3248.75        0.88     2512.00       11.65     2512.00      146.25     2214.00      410.75      182.00     1541.25      105.00     2566.25       11.00     2000.00
      933.00     4196.50        0.75     2512.00        7.30     2512.00      169.50     2214.00      406.50      182.00     1578.50      105.00     2728.50       11.00     2000.00
     2464.00     4257.50        1.00     2512.00       13.60     2512.00      111.00     2214.00      348.00      182.00     1520.00      105.00     2670.00       11.00     2000.00
      598.50     3248.75        0.88     2512.00       11.65     2512.00      146.25     2214.00      410.75      182.00     1541.25      105.00     2566.25       11.00     2000.00
     2464.00     4257.50        1.00     2512.00       13.60     2512.00      111.00     2214.00      348.00      182.00     1520.00      105.00     2670.00       11.00     2000.00
     1860.00     3247.50        1.00     2512.00       18.30     2512.00      131.50     2214.00      396.00      182.00     1482.00      105.00     2507.00       11.00     2000.00
     1860.00     3247.50        1.00     2512.00       18.30     2512.00      131.50     2214.00      396.00      182.00     1482.00      105.00     2507.00       11.00     2000.00
     2464.00     4257.50        1.00     2512.00       13.60     2512.00      111.00     2214.00      348.00      182.00     1520.00      105.00     2670.00       11.00     2000.00
     3979.00     4300.00        1.00     2512.00       10.15     2512.00       80.50     2214.00      287.50      182.00     1312.00      105.00     2337.00       11.00     2000.00
     1860.00     3247.50        1.00     2512.00       18.30     2512.00      131.50     2214.00      396.00      182.00     1482.00      105.00     2507.00       11.00     2000.00
     3979.00     4300.00        1.00     2512.00       10.15     2512.00       80.50     2214.00      287.50      182.00     1312.00      105.00     2337.00       11.00     2000.00
     3372.75     3223.50        1.25     2512.00       17.32     2512.00      105.75     2214.00      334.25      182.00     1346.50      105.00     2334.00       11.00     2000.00
     3372.75     3223.50        1.25     1100.00       17.32     1100.00      105.75     2743.00      334.25      173.00     1346.50      107.00     2334.00       11.80     2000.00
     3979.00     4300.00        1.00     1100.00       10.15     1100.00       80.50     2743.00      287.50      173.00     1312.00      107.00     2337.00       11.80     2000.00
     5494.00     4342.50        1.00     1100.00        6.70     1100.00       50.00     2743.00      227.00      173.00     1104.00      107.00     2004.00       11.80     2000.00
     3372.75     3223.50        1.25     1100.00       17.32     1100.00      105.75     2743.00      334.25      173.00     1346.50      107.00     2334.00       11.80     2000.00
     5494.00     4342.50        1.00     1100.00        6.70     1100.00       50.00     2743.00      227.00      173.00     1104.00      107.00     2004.00       11.80     2000.00
     4885.50     3199.50        1.50     1100.00       16.35     1100.00       80.00     2743.00      272.50      173.00     1211.00      107.00     2161.00       11.80     2000.00
     4885.50     3199.50        1.50     1100.00       16.35     1100.00       80.00     2743.00      272.50      173.00     1211.00      107.00     2161.00       11.80     2000.00
     5494.00     4342.50        1.00     1100.00        6.70     1100.00       50.00     2743.00      227.00      173.00     1104.00      107.00     2004.00       11.80     2000.00
     6164.50     4351.00        1.00     1100.00        6.70     1100.00       50.00     2743.00      227.00      173.00     1104.00      107.00     2004.00       11.80     2000.00
     4885.50     3199.50        1.50     1100.00       16.35     1100.00       80.00     2743.00      272.50      173.00     1211.00      107.00     2161.00       11.80     2000.00
     6164.50     4351.00        1.00     1100.00        6.70     1100.00       50.00     2743.00      227.00      173.00     1104.00      107.00     2004.00       11.80     2000.00
     5718.25     3178.00        1.25     1100.00       14.97     1100.00       67.75     2743.00      255.50      173.00     1161.00      107.00     2098.50       11.80     2000.00
     5718.25     3178.00        1.25     1100.00       14.97     1100.00       67.75     2743.00      255.50      173.00     1161.00      107.00     2098.50       11.80     2000.00
     6164.50     4351.00        1.00     1100.00        6.70     1100.00       50.00     2743.00      227.00      173.00     1104.00      107.00     2004.00       11.80     2000.00
     6835.00     4359.50        1.00     1100.00        6.70     1100.00       50.00     2743.00      227.00      173.00     1104.00      107.00     2004.00       11.80     2000.00
     5718.25     3178.00        1.25     1100.00       14.97     1100.00       67.75     2743.00      255.50      173.00     1161.00      107.00     2098.50       11.80     2000.00
     6835.00     4359.50        1.00     1100.00        6.70     1100.00       50.00     2743.00      227.00      173.00     1104.00      107.00     2004.00       11.80     2000.00
     6551.00     3156.50        1.00     1100.00       13.60     1100.00       55.50     2743.00      238.50      173.00     1111.00      107.00     2036.00       11.80     2000.00
     6551.00     3156.50        1.00     1100.00       13.60     1100.00       55.50     2743.00      238.50      173.00     1111.00      107.00     2036.00       11.80     2000.00
     6835.00     4359.50        1.00     1100.00        6.70     1100.00       50.00     2743.00      227.00      173.00     1104.00      107.00     2004.00       11.80     2000.00
     7505.50     4373.00        1.00     1100.00        4.35     1100.00       76.00     2743.00      234.50      173.00     1128.00      107.00     2178.00       11.80     2000.00
     6551.00     3156.50        1.00     1100.00       13.60     1100.00       55.50     2743.00      238.50      173.00     1111.00      107.00     2036.00       11.80     2000.00
     7505.50     4373.00        1.00     1100.00        4.35     1100.00       76.00     2743.00      234.50      173.00     1128.00      107.00     2178.00       11.80     2000.00
     7203.25     3152.75        1.00     1100.00       12.43     1100.00       88.38     2743.00      262.12      173.00     1142.88      107.00     2142.88       11.80     2000.00
     7203.25     3152.75        1.00      500.00       12.43      500.00       88.38     4500.00      262.12     8000.00     1142.88      338.00     2142.88       12.00     2000.00
     7505.50     4373.00        1.00      500.00        4.35      500.00       76.00     4500.00      234.50     8000.00     1128.00      338.00     2178.00       12.00     2000.00
     8176.00     4386.50        1.00      500.00        2.00      500.00      102.00     4500.00      242.00     8000.00     1152.00      338.00     2352.00       12.00     2000.00
     7203.25     3152.75        1.00      500.00       12.43      500.00       88.38     4500.00      262.12     8000.00     1142.88      338.00     2142.88       12.00     2000.00
     8176.00     4386.50        1.00      500.00        2.00      500.00      102.00     4500.00      242.00     8000.00     1152.00      338.00     2352.00       12.00     2000.00
     7855.50     3149.00        1.00      500.00       11.25      500.00      121.25     4500.00      285.75     8000.00     1174.75      338.00     2249.75       12.00     2000.00
     7855.50     3149.00        1.00      500.00       11.25      500.00      121.25     4500.00      285.75     8000.00     1174.75      338.00     2249.75       12.00     2000.00
     8176.00     4386.50        1.00      500.00        2.00      500.00      102.00     4500.00      242.00     8000.00     1152.00      338.00     2352.00       12.00     2000.00
     8846.50     4390.50        1.00      500.00        2.00      500.00      102.00     4500.00      242.00     8000.00     1152.00      338.00     2352.00       12.00     2000.00
     7855.50     3149.00        1.00      500.00       11.25      500.00      121.25     4500.00      285.75     8000.00     1174.75      338.00     2249.75       12.00     2000.00
     8846.50     4390.50        1.00      500.00        2.00      500.00      102.00     4500.00      242.00     8000.00     1152.00      338.00     2352.00       12.00     2000.00
     8508.00     3140.50        1.00      500.00       11.25      500.00      141.12     4500.00      305.62     8000.00     1194.62      338.00     2269.62       12.00     2000.00
     8508.00     3140.50        1.00      500.00       11.25      500.00      141.12     4500.00      305.62     8000.00     1194.62      338.00     2269.62       12.00     2000.00
     8846.50     4390.50        1.00      500.00        2.00      500.00      102.00     4500.00      242.00     8000.00     1152.00      338.00     2352.00       12.00     2000.00
     9517.00     4394.50        1.00      500.00        2.00      500.00      102.00     4500.00      242.00     8000.00     1152.00      338.00     2352.00       12.00     2000.00
     8508.00     3140.50        1.00      500.00       11.25      500.00      141.12     4500.00      305.62     8000.00     1194.62      338.00     2269.62       12.00     2000.00
     9517.00     4394.50        1.00      500.00        2.00      500.00      102.00     4500.00      242.00     8000.00     1152.00      338.00     2352.00       12.00     2000.00
     9160.50     3132.00        1.00      500.00       11.25      500.00      161.00     4500.00      325.50     8000.00     1214.50      338.00     2289.50       12.00     2000.00
     9160.50     3132.00        1.00      500.00       11.25      500.00      161.00     4500.00      325.50     8000.00     1214.50      338.00     2289.50       12.00     2000.00
     9517.00     4394.50        1.00      500.00        2.00      500.00      102.00     4500.00      242.00     8000.00     1152.00      338.00     2352.00       12.00     2000.00
    10187.50     4398.50        1.00      500.00        2.00      500.00      102.00     4500.00      242.00     8000.00     1152.00      338.00     2352.00       12.00     2000.00
     9160.50     3132.00        1.00      500.00       11.25      500.00      161.00     4500.00      325.50     8000.00     1214.50      338.00     2289.50       12.00     2000.00
    10187.50     4398.50        1.00      500.00        2.00      500.00      102.00     4500.00      242.00     8000.00     1152.00      338.00     2352.00       12.00     2000.00
     9813.00     3123.50        1.00      500.00       11.25      500.00      161.00     4500.00      325.50     8000.00     1214.50      338.00     2289.50       12.00     2000.00
     9813.00     3123.50        1.00      500.00       11.25      500.00      161.00     4500.00      325.50     8000.00     1214.50      338.00     2289.50       12.00     2000.00
    10187.50     4398.50        1.00      500.00        2.00      500.00      102.00     4500.00      242.00     8000.00     1152.00      338.00     2352.00       12.00     2000.00
    50187.50     4398.50        1.00      500.00        2.00      500.00      102.00     4500.00      242.00     8000.00     1152.00      338.00     2352.00       12.00     2000.00
     9813.00     3123.50        1.00      500.00       11.25      500.00      161.00     4500.00      325.50     8000.00     1214.50      338.00     2289.50       12.00     2000.00
    50187.50     4398.50        1.00      500.00        2.00      500.00      102.00     4500.00      242.00     8000.00     1152.00      338.00     2352.00       12.00     2000.00
    49813.00     3123.50        1.00      500.00       11.25      500.00      161.00     4500.00      325.50     8000.00     1214.50      338.00     2289.50       12.00     2000.00
 sl=           4
   -51948.00     2106.00        2.42      268.00        6.27     5235.00       29.00    15052.00      305.00     1085.00     1080.00      240.00     2105.00       20.00     2000.00
   -51785.00     2983.50        2.18      268.00        6.90     5235.00       40.00    15052.00      332.50     1085.00     1095.00      240.00     2332.50       20.00     2000.00
   -11785.00     2983.50        2.18      268.00        6.90     5235.00       40.00    15052.00      332.50     1085.00     1095.00      240.00     2332.50       20.00     2000.00
   -51948.00     2106.00        2.42      268.00        6.27     5235.00       29.00    15052.00      305.00     1085.00     1080.00      240.00     2105.00       20.00     2000.00
   -11785.00     2983.50        2.18      268.00        6.90     5235.00       40.00    15052.00      332.50     1085.00     1095.00      240.00     2332.50       20.00     2000.00
   -11948.00     2106.00        2.42      268.00        6.27     5235.00       29.00    15052.00      305.00     1085.00     1080.00      240.00     2105.00       20.00     2000.00
   -11948.00     2106.00        2.42      268.00        6.27     5235.00       29.00    15052.00      305.00     1085.00     1080.00      240.00     2105.00       20.00     2000.00
   -11785.00     2983.50        2.18      268.00        6.90     5235.00       40.00    15052.00      332.50     1085.00     1095.00      240.00     2332.50       20.00     2000.00
    -9761.50     2960.00        2.18      268.00        6.90     5235.00       40.00    15052.00      332.50     1085.00     1095.00      240.00     2332.50       20.00     2000.00
   -11948.00     2106.00        2.42      268.00        6.27     5235.00       29.00    15052.00      305.00     1085.00     1080.00      240.00     2105.00       20.00     2000.00
    -9761.50     2960.00        2.18      268.00        6.90     5235.00       40.00    15052.00      332.50     1085.00     1095.00      240.00     2332.50       20.00     2000.00
   -10006.00     2065.50        2.42      268.00        6.27     5235.00       29.00    15052.00      305.00     1085.00     1080.00      240.00     2105.00       20.00     2000.00
   -10006.00     2065.50        2.42      268.00        6.27     5235.00       29.00    15052.00      305.00     1085.00     1080.00      240.00     2105.00       20.00     2000.00
    -9761.50     2960.00        2.18      268.00        6.90     5235.00       40.00    15052.00      332.50     1085.00     1095.00      240.00     2332.50       20.00     2000.00
    -7738.00     2936.50        3.41      268.00       12.76     5235.00       85.00    15052.00      317.12     1085.00     1373.38      240.00     2560.88       20.00     2000.00
   -10006.00     2065.50        2.42      268.00        6.27     5235.00       29.00    15052.00      305.00     1085.00     1080.00      240.00     2105.00       20.00     2000.00
    -7738.00     2936.50        3.41      268.00       12.76     5235.00       85.00    15052.00      317.12     1085.00     1373.38      240.00     2560.88       20.00     2000.00
    -8064.00     2025.00        3.42      268.00       11.51     5235.00       74.50    15052.00      334.25     1085.00     1371.75      240.00     2446.75       20.00     2000.00
    -8064.00     2025.00        3.42      555.00       11.51    16153.00       74.50      215.50      334.25     1329.00     1371.75      102.50     2446.75       16.00     2000.00
    -7738.00     2936.50        3.41      555.00       12.76    16153.00       85.00      215.50      317.12     1329.00     1373.38      102.50     2560.88       16.00     2000.00
    -5714.50     2913.00        4.64      555.00       18.62    16153.00      130.00      215.50      301.75     1329.00     1651.75      102.50     2789.25       16.00     2000.00
    -8064.00     2025.00        3.42      555.00       11.51    16153.00       74.50      215.50      334.25     1329.00     1371.75      102.50     2446.75       16.00     2000.00
    -5714.50     2913.00        4.64      555.00       18.62    16153.00      130.00      215.50      301.75     1329.00     1651.75      102.50     2789.25       16.00     2000.00
    -6122.00     1984.50        4.43      555.00       16.75    16153.00      120.00      215.50      363.50     1329.00     1663.50      102.50     2788.50       16.00     2000.00
    -6122.00     1984.50        4.43      555.00       16.75    16153.00      120.00      215.50      363.50     1329.00     1663.50      102.50     2788.50       16.00     2000.00
    -5714.50     2913.00        4.64      555.00       18.62    16153.00      130.00      215.50      301.75     1329.00     1651.75      102.50     2789.25       16.00     2000.00
    -4191.50     3092.75        3.42      555.00       36.29    16153.00      151.85      215.50      377.62     1329.00     1719.62      102.50     2788.38       16.00     2000.00
    -6122.00     1984.50        4.43      555.00       16.75    16153.00      120.00      215.50      363.50     1329.00     1663.50      102.50     2788.50       16.00     2000.00
    -4191.50     3092.75        3.42      555.00       36.29    16153.00      151.85      215.50      377.62     1329.00     1719.62      102.50     2788.38       16.00     2000.00
    -4430.50     2231.00        2.71      555.00       10.82    16153.00      107.20      215.50      373.75     1329.00     1605.25      102.50     2617.75       16.00     2000.00
    -4430.50     2231.00        2.71      800.00       10.82      800.00      107.20     2541.00      373.75      210.00     1605.25      166.00     2617.75       12.00     2000.00
    -4191.50     3092.75        3.42      800.00       36.29      800.00      151.85     2541.00      377.62      210.00     1719.62      166.00     2788.38       12.00     2000.00
    -2668.50     3272.50        2.19      800.00       53.95      800.00      173.70     2541.00      453.50      210.00     1787.50      166.00     2787.50       12.00     2000.00
    -4430.50     2231.00        2.71      800.00       10.82      800.00      107.20     2541.00      373.75      210.00     1605.25      166.00     2617.75       12.00     2000.00
    -2668.50     3272.50        2.19      800.00       53.95      800.00      173.70     2541.00      453.50      210.00     1787.50      166.00     2787.50       12.00     2000.00
    -2739.00     2477.50        1.00      800.00        4.90      800.00       94.40     2541.00      384.00      210.00     1547.00      166.00     2447.00       12.00     2000.00
    -2739.00     2477.50        1.00      800.00        4.90      800.00       94.40     2541.00      384.00      210.00     1547.00      166.00     2447.00       12.00     2000.00
    -2668.50     3272.50        2.19      800.00       53.95      800.00      173.70     2541.00      453.50      210.00     1787.50      166.00     2787.50       12.00     2000.00
    -1665.75     3261.25        1.47      800.00       29.48      800.00      167.35     2541.00      439.50      210.00     1694.00      166.00     2706.50       12.00     2000.00
    -2739.00     2477.50        1.00      800.00        4.90      800.00       94.40     2541.00      384.00      210.00     1547.00      166.00     2447.00       12.00     2000.00
    -1665.75     3261.25        1.47      800.00       29.48      800.00      167.35     2541.00      439.50      210.00     1694.00      166.00     2706.50       12.00     2000.00
    -1733.50     2421.00        1.00      800.00        6.95      800.00       94.20     2541.00      385.00      210.00     1555.50      166.00     2455.50       12.00     2000.00
    -1733.50     2421.00        1.00     1000.00        6.95     1000.00       94.20     3500.00      385.00      160.00     1555.50      130.00     2455.50       12.00      735.00
    -1665.75     3261.25        1.47     1000.00       29.48     1000.00      167.35     3500.00      439.50      160.00     1694.00      130.00     2706.50       12.00      735.00
     -663.00     3250.00        0.75     1000.00        5.00     1000.00      161.00     3500.00      425.50      160.00     1600.50      130.00     2625.50       12.00      735.00
    -1733.50     2421.00        1.00     1000.00        6.95     1000.00       94.20     3500.00      385.00      160.00     1555.50      130.00     2455.50       12.00      735.00
     -663.00     3250.00        0.75     1000.00        5.00     1000.00      161.00     3500.00      425.50      160.00     1600.50      130.00     2625.50       12.00      735.00
     -728.00     2364.50        1.00     1000.00        9.00     1000.00       94.00     3500.00      386.00      160.00     1564.00      130.00     2464.00       12.00      735.00
     -728.00     2364.50        1.00     1000.00        9.00     1000.00       94.00     3500.00      386.00      160.00     1564.00      130.00     2464.00       12.00      735.00
     -663.00     3250.00        0.75     1000.00        5.00     1000.00      161.00     3500.00      425.50      160.00     1600.50      130.00     2625.50       12.00      735.00
      598.50     3248.75        0.88     1000.00       11.65     1000.00      146.25     3500.00      410.75      160.00     1541.25      130.00     2566.25       12.00      735.00
     -728.00     2364.50        1.00     1000.00        9.00     1000.00       94.00     3500.00      386.00      160.00     1564.00      130.00     2464.00       12.00      735.00
      598.50     3248.75        0.88     1000.00       11.65     1000.00      146.25     3500.00      410.75      160.00     1541.25      130.00     2566.25       12.00      735.00
      264.00     2301.00        1.00     1000.00       16.00     1000.00      123.00     3500.00      415.00      160.00     1504.00      130.00     2404.00       12.00      735.00
      264.00     2301.00        1.00     2596.00       16.00     2596.00      123.00     2224.00      415.00      145.00     1504.00      120.00     2404.00       12.00     2000.00
      598.50     3248.75        0.88     2596.00       11.65     2596.00      146.25     2224.00      410.75      145.00     1541.25      120.00     2566.25       12.00     2000.00
     1860.00     3247.50        1.00     2596.00       18.30     2596.00      131.50     2224.00      396.00      145.00     1482.00      120.00     2507.00       12.00     2000.00
      264.00     2301.00        1.00     2596.00       16.00     2596.00      123.00     2224.00      415.00      145.00     1504.00      120.00     2404.00       12.00     2000.00
     1860.00     3247.50        1.00     2596.00       18.30     2596.00      131.50     2224.00      396.00      145.00     1482.00      120.00     2507.00       12.00     2000.00
     1256.00     2237.50        1.00     2596.00       23.00     2596.00      152.00     2224.00      444.00      145.00     1444.00      120.00     2344.00       12.00     2000.00
     1256.00     2237.50        1.00     2596.00       23.00     2596.00      152.00     2224.00      444.00      145.00     1444.00      120.00     2344.00       12.00     2000.00
     1860.00     3247.50        1.00     2596.00       18.30     2596.00      131.50     2224.00      396.00      145.00     1482.00      120.00     2507.00       12.00     2000.00
     3372.75     3223.50        1.25     2596.00       17.32     2596.00      105.75     2224.00      334.25      145.00     1346.50      120.00     2334.00       12.00     2000.00
     1256.00     2237.50        1.00     2596.00       23.00     2596.00      152.00     2224.00      444.00      145.00     1444.00      120.00     2344.00       12.00     2000.00
     3372.75     3223.50        1.25     2596.00       17.32     2596.00      105.75     2224.00      334.25      145.00     1346.50      120.00     2334.00       12.00     2000.00
     2766.50     2147.00        1.50     2596.00       24.50     2596.00      131.00     2224.00      381.00      145.00     1381.00      120.00     2331.00       12.00     2000.00
     2766.50     2147.00        1.50     4300.00       24.50     3519.00      131.00     2486.00      381.00      160.00     1381.00      100.00     2331.00        8.00     2000.00
     3372.75     3223.50        1.25     4300.00       17.32     3519.00      105.75     2486.00      334.25      160.00     1346.50      100.00     2334.00        8.00     2000.00
     4885.50     3199.50        1.50     4300.00       16.35     3519.00       80.00     2486.00      272.50      160.00     1211.00      100.00     2161.00        8.00     2000.00
     2766.50     2147.00        1.50     4300.00       24.50     3519.00      131.00     2486.00      381.00      160.00     1381.00      100.00     2331.00        8.00     2000.00
     4885.50     3199.50        1.50     4300.00       16.35     3519.00       80.00     2486.00      272.50      160.00     1211.00      100.00     2161.00        8.00     2000.00
     4277.00     2056.50        2.00     4300.00       26.00     3519.00      110.00     2486.00      318.00      160.00     1318.00      100.00     2318.00        8.00     2000.00
     4277.00     2056.50        2.00     4300.00       26.00     3519.00      110.00     2486.00      318.00      160.00     1318.00      100.00     2318.00        8.00     2000.00
     4885.50     3199.50        1.50     4300.00       16.35     3519.00       80.00     2486.00      272.50      160.00     1211.00      100.00     2161.00        8.00     2000.00
     5718.25     3178.00        1.25     4300.00       14.97     3519.00       67.75     2486.00      255.50      160.00     1161.00      100.00     2098.50        8.00     2000.00
     4277.00     2056.50        2.00     4300.00       26.00     3519.00      110.00     2486.00      318.00      160.00     1318.00      100.00     2318.00        8.00     2000.00
     5718.25     3178.00        1.25     4300.00       14.97     3519.00       67.75     2486.00      255.50      160.00     1161.00      100.00     2098.50        8.00     2000.00
     5272.00     2005.00        1.50     4300.00       23.25     3519.00       85.50     2486.00      284.00      160.00     1218.00      100.00     2193.00        8.00     2000.00
     5272.00     2005.00        1.50     3290.00       23.25     3290.00       85.50     3332.00      284.00      171.00     1218.00      108.00     2193.00        7.00     2000.00
     5718.25     3178.00        1.25     3290.00       14.97     3290.00       67.75     3332.00      255.50      171.00     1161.00      108.00     2098.50        7.00     2000.00
     6551.00     3156.50        1.00     3290.00       13.60     3290.00       55.50     3332.00      238.50      171.00     1111.00      108.00     2036.00        7.00     2000.00
     5272.00     2005.00        1.50     3290.00       23.25     3290.00       85.50     3332.00      284.00      171.00     1218.00      108.00     2193.00        7.00     2000.00
     6551.00     3156.50        1.00     3290.00       13.60     3290.00       55.50     3332.00      238.50      171.00     1111.00      108.00     2036.00        7.00     2000.00
     6267.00     1953.50        1.00     3290.00       20.50     3290.00       61.00     3332.00      250.00      171.00     1118.00      108.00     2068.00        7.00     2000.00
     6267.00     1953.50        1.00     3290.00       20.50     3290.00       61.00     3332.00      250.00      171.00     1118.00      108.00     2068.00        7.00     2000.00
     6551.00     3156.50        1.00     3290.00       13.60     3290.00       55.50     3332.00      238.50      171.00     1111.00      108.00     2036.00        7.00     2000.00
     7203.25     3152.75        1.00     3290.00       12.43     3290.00       88.38     3332.00      262.12      171.00     1142.88      108.00     2142.88        7.00     2000.00
     6267.00     1953.50        1.00     3290.00       20.50     3290.00       61.00     3332.00      250.00      171.00     1118.00      108.00     2068.00        7.00     2000.00
     7203.25     3152.75        1.00     3290.00       12.43     3290.00       88.38     3332.00      262.12      171.00     1142.88      108.00     2142.88        7.00     2000.00
     6901.00     1932.50        1.00     3290.00       20.50     3290.00      100.75     3332.00      289.75      171.00     1157.75      108.00     2107.75        7.00     2000.00
     6901.00     1932.50        1.00     1720.00       20.50     1720.00      100.75     3332.00      289.75      171.00     1157.75      108.00     2107.75        7.00     2000.00
     7203.25     3152.75        1.00     1720.00       12.43     1720.00       88.38     3332.00      262.12      171.00     1142.88      108.00     2142.88        7.00     2000.00
     7855.50     3149.00        1.00     1720.00       11.25     1720.00      121.25     3332.00      285.75      171.00     1174.75      108.00     2249.75        7.00     2000.00
     6901.00     1932.50        1.00     1720.00       20.50     1720.00      100.75     3332.00      289.75      171.00     1157.75      108.00     2107.75        7.00     2000.00
     7855.50     3149.00        1.00     1720.00       11.25     1720.00      121.25     3332.00      285.75      171.00     1174.75      108.00     2249.75        7.00     2000.00
     7535.00     1911.50        1.00     1720.00       20.50     1720.00      140.50     3332.00      329.50      171.00     1197.50      108.00     2147.50        7.00     2000.00
     7535.00     1911.50        1.00     1720.00       20.50     1720.00      140.50     3332.00      329.50      171.00     1197.50      108.00     2147.50        7.00     2000.00
     7855.50     3149.00        1.00     1720.00       11.25     1720.00      121.25     3332.00      285.75      171.00     1174.75      108.00     2249.75        7.00     2000.00
     8508.00     3140.50        1.00     1720.00       11.25     1720.00      141.12     3332.00      305.62      171.00     1194.62      108.00     2269.62        7.00     2000.00
     7535.00     1911.50        1.00     1720.00       20.50     1720.00      140.50     3332.00      329.50      171.00     1197.50      108.00     2147.50        7.00     2000.00
     8508.00     3140.50        1.00     1720.00       11.25     1720.00      141.12     3332.00      305.62      171.00     1194.62      108.00     2269.62        7.00     2000.00
     8169.50     1890.50        1.00     1720.00       20.50     1720.00      180.25     3332.00      369.25      171.00     1237.25      108.00     2187.25        7.00     2000.00
     8169.50     1890.50        1.00      150.00       20.50      150.00      180.25     3332.00      369.25      171.00     1237.25      108.00     2187.25        7.00     2000.00
     8508.00     3140.50        1.00      150.00       11.25      150.00      141.12     3332.00      305.62      171.00     1194.62      108.00     2269.62        7.00     2000.00
     9160.50     3132.00        1.00      150.00       11.25      150.00      161.00     3332.00      325.50      171.00     1214.50      108.00     2289.50        7.00     2000.00
     8169.50     1890.50        1.00      150.00       20.50      150.00      180.25     3332.00      369.25      171.00     1237.25      108.00     2187.25        7.00     2000.00
     9160.50     3132.00        1.00      150.00       11.25      150.00      161.00     3332.00      325.50      171.00     1214.50      108.00     2289.50        7.00     2000.00
     8804.00     1869.50        1.00      150.00       20.50      150.00      220.00     3332.00      409.00      171.00     1277.00      108.00     2227.00        7.00     2000.00
     8804.00     1869.50        1.00      150.00       20.50      150.00      220.00     3332.00      409.00      171.00     1277.00      108.00     2227.00        7.00     2000.00
     9160.50     3132.00        1.00      150.00       11.25      150.00      161.00     3332.00      325.50      171.00     1214.50      108.00     2289.50        7.00     2000.00
     9813.00     3123.50        1.00      150.00       11.25      150.00      161.00     3332.00      325.50      171.00     1214.50      108.00     2289.50        7.00     2000.00
     8804.00     1869.50        1.00      150.00       20.50      150.00      220.00     3332.00      409.00      171.00     1277.00      108.00     2227.00        7.00     2000.00
     9813.00     3123.50        1.00      150.00       11.25      150.00      161.00     3332.00      325.50      171.00     1214.50      108.00     2289.50        7.00     2000.00
     9438.50     1848.50        1.00      150.00       20.50      150.00      220.00     3332.00      409.00      171.00     1277.00      108.00     2227.00        7.00     2000.00
     9438.50     1848.50        1.00      150.00       20.50      150.00      220.00     3332.00      409.00      171.00     1277.00      108.00     2227.00        7.00     2000.00
     9813.00     3123.50        1.00      150.00       11.25      150.00      161.00     3332.00      325.50      171.00     1214.50      108.00     2289.50        7.00     2000.00
    49813.00     3123.50        1.00      150.00       11.25      150.00      161.00     3332.00      325.50      171.00     1214.50      108.00     2289.50        7.00     2000.00
     9438.50     1848.50        1.00      150.00       20.50      150.00      220.00     3332.00      409.00      171.00     1277.00      108.00     2227.00        7.00     2000.00
    49813.00     3123.50        1.00      150.00       11.25      150.00      161.00     3332.00      325.50      171.00     1214.50      108.00     2289.50        7.00     2000.00
    49438.50     1848.50        1.00      150.00       20.50      150.00      220.00     3332.00      409.00      171.00     1277.00      108.00     2227.00        7.00     2000.00
 sl=           5
   -52110.75     1228.50        2.66      268.00        5.63     5235.00       18.00    15052.00      277.50     1085.00     1065.00      240.00     1877.50       20.00     2000.00
   -51948.00     2106.00        2.42      268.00        6.27     5235.00       29.00    15052.00      305.00     1085.00     1080.00      240.00     2105.00       20.00     2000.00
   -11948.00     2106.00        2.42      268.00        6.27     5235.00       29.00    15052.00      305.00     1085.00     1080.00      240.00     2105.00       20.00     2000.00
   -52110.75     1228.50        2.66      268.00        5.63     5235.00       18.00    15052.00      277.50     1085.00     1065.00      240.00     1877.50       20.00     2000.00
   -11948.00     2106.00        2.42      268.00        6.27     5235.00       29.00    15052.00      305.00     1085.00     1080.00      240.00     2105.00       20.00     2000.00
   -12110.75     1228.50        2.66      268.00        5.63     5235.00       18.00    15052.00      277.50     1085.00     1065.00      240.00     1877.50       20.00     2000.00
   -12110.75     1228.50        2.66      268.00        5.63     5235.00       18.00    15052.00      277.50     1085.00     1065.00      240.00     1877.50       20.00     2000.00
   -11948.00     2106.00        2.42      268.00        6.27     5235.00       29.00    15052.00      305.00     1085.00     1080.00      240.00     2105.00       20.00     2000.00
   -10006.00     2065.50        2.42      268.00        6.27     5235.00       29.00    15052.00      305.00     1085.00     1080.00      240.00     2105.00       20.00     2000.00
   -12110.75     1228.50        2.66      268.00        5.63     5235.00       18.00    15052.00      277.50     1085.00     1065.00      240.00     1877.50       20.00     2000.00
   -10006.00     2065.50        2.42      268.00        6.27     5235.00       29.00    15052.00      305.00     1085.00     1080.00      240.00     2105.00       20.00     2000.00
   -10250.50     1171.00        2.66      268.00        5.63     5235.00       18.00    15052.00      277.50     1085.00     1065.00      240.00     1877.50       20.00     2000.00
   -10250.50     1171.00        2.66      268.00        5.63     5235.00       18.00    15052.00      277.50     1085.00     1065.00      240.00     1877.50       20.00     2000.00
   -10006.00     2065.50        2.42      268.00        6.27     5235.00       29.00    15052.00      305.00     1085.00     1080.00      240.00     2105.00       20.00     2000.00
    -8064.00     2025.00        3.42      268.00       11.51     5235.00       74.50    15052.00      334.25     1085.00     1371.75      240.00     2446.75       20.00     2000.00
   -10250.50     1171.00        2.66      268.00        5.63     5235.00       18.00    15052.00      277.50     1085.00     1065.00      240.00     1877.50       20.00     2000.00
    -8064.00     2025.00        3.42      268.00       11.51     5235.00       74.50    15052.00      334.25     1085.00     1371.75      240.00     2446.75       20.00     2000.00
    -8390.25     1113.50        3.44      268.00       10.25     5235.00       64.00    15052.00      351.38     1085.00     1370.12      240.00     2332.62       20.00     2000.00
    -8390.25     1113.50        3.44      555.00       10.25    16153.00       64.00      215.50      351.38     1329.00     1370.12      102.50     2332.62       16.00     2000.00
    -8064.00     2025.00        3.42      555.00       11.51    16153.00       74.50      215.50      334.25     1329.00     1371.75      102.50     2446.75       16.00     2000.00
    -6122.00     1984.50        4.43      555.00       16.75    16153.00      120.00      215.50      363.50     1329.00     1663.50      102.50     2788.50       16.00     2000.00
    -8390.25     1113.50        3.44      555.00       10.25    16153.00       64.00      215.50      351.38     1329.00     1370.12      102.50     2332.62       16.00     2000.00
    -6122.00     1984.50        4.43      555.00       16.75    16153.00      120.00      215.50      363.50     1329.00     1663.50      102.50     2788.50       16.00     2000.00
    -6530.00     1056.00        4.21      555.00       14.88    16153.00      110.00      215.50      425.25     1329.00     1675.25      102.50     2787.75       16.00     2000.00
    -6530.00     1056.00        4.21      555.00       14.88    16153.00      110.00      215.50      425.25     1329.00     1675.25      102.50     2787.75       16.00     2000.00
    -6122.00     1984.50        4.43      555.00       16.75    16153.00      120.00      215.50      363.50     1329.00     1663.50      102.50     2788.50       16.00     2000.00
    -4430.50     2231.00        2.71      555.00       10.82    16153.00      107.20      215.50      373.75     1329.00     1605.25      102.50     2617.75       16.00     2000.00
    -6530.00     1056.00        4.21      555.00       14.88    16153.00      110.00      215.50      425.25     1329.00     1675.25      102.50     2787.75       16.00     2000.00
    -4430.50     2231.00        2.71      555.00       10.82    16153.00      107.20      215.50      373.75     1329.00     1605.25      102.50     2617.75       16.00     2000.00
    -4939.25     1169.25        2.76      555.00       11.16    16153.00      106.10      215.50      432.88     1329.00     1648.62      102.50     2704.88       16.00     2000.00
    -4939.25     1169.25        2.76      800.00       11.16      800.00      106.10     2541.00      432.88      210.00     1648.62      166.00     2704.88       12.00     2000.00
    -4430.50     2231.00        2.71      800.00       10.82      800.00      107.20     2541.00      373.75      210.00     1605.25      166.00     2617.75       12.00     2000.00
    -2739.00     2477.50        1.00      800.00        4.90      800.00       94.40     2541.00      384.00      210.00     1547.00      166.00     2447.00       12.00     2000.00
    -4939.25     1169.25        2.76      800.00       11.16      800.00      106.10     2541.00      432.88      210.00     1648.62      166.00     2704.88       12.00     2000.00
    -2739.00     2477.50        1.00      800.00        4.90      800.00       94.40     2541.00      384.00      210.00     1547.00      166.00     2447.00       12.00     2000.00
    -3348.50     1282.50        1.30      800.00        7.45      800.00      102.20     2541.00      440.50      210.00     1622.00      166.00     2622.00       12.00     2000.00
    -3348.50     1282.50        1.30      800.00        7.45      800.00      102.20     2541.00      440.50      210.00     1622.00      166.00     2622.00       12.00     2000.00
    -2739.00     2477.50        1.00      800.00        4.90      800.00       94.40     2541.00      384.00      210.00     1547.00      166.00     2447.00       12.00     2000.00
    -1733.50     2421.00        1.00      800.00        6.95      800.00       94.20     2541.00      385.00      210.00     1555.50      166.00     2455.50       12.00     2000.00
    -3348.50     1282.50        1.30      800.00        7.45      800.00      102.20     2541.00      440.50      210.00     1622.00      166.00     2622.00       12.00     2000.00
    -1733.50     2421.00        1.00      800.00        6.95      800.00       94.20     2541.00      385.00      210.00     1555.50      166.00     2455.50       12.00     2000.00
    -1960.00     1248.50        1.40      800.00        8.60      800.00      102.10     2541.00      369.25      210.00     1554.50      166.00     2554.50       12.00     2000.00
    -1960.00     1248.50        1.40     1000.00        8.60     1000.00      102.10     3500.00      369.25      160.00     1554.50      130.00     2554.50       12.00      735.00
    -1733.50     2421.00        1.00     1000.00        6.95     1000.00       94.20     3500.00      385.00      160.00     1555.50      130.00     2455.50       12.00      735.00
     -728.00     2364.50        1.00     1000.00        9.00     1000.00       94.00     3500.00      386.00      160.00     1564.00      130.00     2464.00       12.00      735.00
    -1960.00     1248.50        1.40     1000.00        8.60     1000.00      102.10     3500.00      369.25      160.00     1554.50      130.00     2554.50       12.00      735.00
     -728.00     2364.50        1.00     1000.00        9.00     1000.00       94.00     3500.00      386.00      160.00     1564.00      130.00     2464.00       12.00      735.00
     -571.50     1214.50        1.50     1000.00        9.75     1000.00      102.00     3500.00      298.00      160.00     1487.00      130.00     2487.00       12.00      735.00
     -571.50     1214.50        1.50     1000.00        9.75     1000.00      102.00     3500.00      298.00      160.00     1487.00      130.00     2487.00       12.00      735.00
     -728.00     2364.50        1.00     1000.00        9.00     1000.00       94.00     3500.00      386.00      160.00     1564.00      130.00     2464.00       12.00      735.00
      264.00     2301.00        1.00     1000.00       16.00     1000.00      123.00     3500.00      415.00      160.00     1504.00      130.00     2404.00       12.00      735.00
     -571.50     1214.50        1.50     1000.00        9.75     1000.00      102.00     3500.00      298.00      160.00     1487.00      130.00     2487.00       12.00      735.00
      264.00     2301.00        1.00     1000.00       16.00     1000.00      123.00     3500.00      415.00      160.00     1504.00      130.00     2404.00       12.00      735.00
      298.75     1143.50        2.00     1000.00       11.62     1000.00      121.75     3500.00      354.00      160.00     1498.50      130.00     2448.50       12.00      735.00
      298.75     1143.50        2.00     2596.00       11.62     2596.00      121.75     2224.00      354.00      145.00     1498.50      120.00     2448.50       12.00     2000.00
      264.00     2301.00        1.00     2596.00       16.00     2596.00      123.00     2224.00      415.00      145.00     1504.00      120.00     2404.00       12.00     2000.00
     1256.00     2237.50        1.00     2596.00       23.00     2596.00      152.00     2224.00      444.00      145.00     1444.00      120.00     2344.00       12.00     2000.00
      298.75     1143.50        2.00     2596.00       11.62     2596.00      121.75     2224.00      354.00      145.00     1498.50      120.00     2448.50       12.00     2000.00
     1256.00     2237.50        1.00     2596.00       23.00     2596.00      152.00     2224.00      444.00      145.00     1444.00      120.00     2344.00       12.00     2000.00
     1169.00     1072.50        2.50     2596.00       13.50     2596.00      141.50     2224.00      410.00      145.00     1510.00      120.00     2410.00       12.00     2000.00
     1169.00     1072.50        2.50     2596.00       13.50     2596.00      141.50     2224.00      410.00      145.00     1510.00      120.00     2410.00       12.00     2000.00
     1256.00     2237.50        1.00     2596.00       23.00     2596.00      152.00     2224.00      444.00      145.00     1444.00      120.00     2344.00       12.00     2000.00
     2766.50     2147.00        1.50     2596.00       24.50     2596.00      131.00     2224.00      381.00      145.00     1381.00      120.00     2331.00       12.00     2000.00
     1169.00     1072.50        2.50     2596.00       13.50     2596.00      141.50     2224.00      410.00      145.00     1510.00      120.00     2410.00       12.00     2000.00
     2766.50     2147.00        1.50     2596.00       24.50     2596.00      131.00     2224.00      381.00      145.00     1381.00      120.00     2331.00       12.00     2000.00
     2410.00      970.00        2.25     2596.00       18.88     2596.00      118.25     2224.00      362.75      145.00     1480.00      120.00     2447.50       12.00     2000.00
     2410.00      970.00        2.25     4300.00       18.88     3519.00      118.25     2486.00      362.75      160.00     1480.00      100.00     2447.50        8.00     2000.00
     2766.50     2147.00        1.50     4300.00       24.50     3519.00      131.00     2486.00      381.00      160.00     1381.00      100.00     2331.00        8.00     2000.00
     4277.00     2056.50        2.00     4300.00       26.00     3519.00      110.00     2486.00      318.00      160.00     1318.00      100.00     2318.00        8.00     2000.00
     2410.00      970.00        2.25     4300.00       18.88     3519.00      118.25     2486.00      362.75      160.00     1480.00      100.00     2447.50        8.00     2000.00
     4277.00     2056.50        2.00     4300.00       26.00     3519.00      110.00     2486.00      318.00      160.00     1318.00      100.00     2318.00        8.00     2000.00
     3651.00      867.50        2.00     4300.00       24.25     3519.00       95.00     2486.00      315.50      160.00     1450.00      100.00     2485.00        8.00     2000.00
     3651.00      867.50        2.00     4300.00       24.25     3519.00       95.00     2486.00      315.50      160.00     1450.00      100.00     2485.00        8.00     2000.00
     4277.00     2056.50        2.00     4300.00       26.00     3519.00      110.00     2486.00      318.00      160.00     1318.00      100.00     2318.00        8.00     2000.00
     5272.00     2005.00        1.50     4300.00       23.25     3519.00       85.50     2486.00      284.00      160.00     1218.00      100.00     2193.00        8.00     2000.00
     3651.00      867.50        2.00     4300.00       24.25     3519.00       95.00     2486.00      315.50      160.00     1450.00      100.00     2485.00        8.00     2000.00
     5272.00     2005.00        1.50     4300.00       23.25     3519.00       85.50     2486.00      284.00      160.00     1218.00      100.00     2193.00        8.00     2000.00
     4642.75      861.50        1.50     4300.00       30.75     3519.00       91.25     2486.00      356.75      160.00     1365.00      100.00     2346.25        8.00     2000.00
     4642.75      861.50        1.50     3290.00       30.75     3290.00       91.25     3332.00      356.75      171.00     1365.00      108.00     2346.25        7.00     2000.00
     5272.00     2005.00        1.50     3290.00       23.25     3290.00       85.50     3332.00      284.00      171.00     1218.00      108.00     2193.00        7.00     2000.00
     6267.00     1953.50        1.00     3290.00       20.50     3290.00       61.00     3332.00      250.00      171.00     1118.00      108.00     2068.00        7.00     2000.00
     4642.75      861.50        1.50     3290.00       30.75     3290.00       91.25     3332.00      356.75      171.00     1365.00      108.00     2346.25        7.00     2000.00
     6267.00     1953.50        1.00     3290.00       20.50     3290.00       61.00     3332.00      250.00      171.00     1118.00      108.00     2068.00        7.00     2000.00
     5634.50      855.50        1.00     3290.00       37.25     3290.00       87.50     3332.00      398.00      171.00     1280.00      108.00     2207.50        7.00     2000.00
     5634.50      855.50        1.00     3290.00       37.25     3290.00       87.50     3332.00      398.00      171.00     1280.00      108.00     2207.50        7.00     2000.00
     6267.00     1953.50        1.00     3290.00       20.50     3290.00       61.00     3332.00      250.00      171.00     1118.00      108.00     2068.00        7.00     2000.00
     6901.00     1932.50        1.00     3290.00       20.50     3290.00      100.75     3332.00      289.75      171.00     1157.75      108.00     2107.75        7.00     2000.00
     5634.50      855.50        1.00     3290.00       37.25     3290.00       87.50     3332.00      398.00      171.00     1280.00      108.00     2207.50        7.00     2000.00
     6901.00     1932.50        1.00     3290.00       20.50     3290.00      100.75     3332.00      289.75      171.00     1157.75      108.00     2107.75        7.00     2000.00
     6412.75      832.00        1.00     3290.00       24.18     3290.00       83.12     3332.00      336.38      171.00     1220.12      108.00     2225.62        7.00     2000.00
     6412.75      832.00        1.00     1720.00       24.18     1720.00       83.12     3332.00      336.38      171.00     1220.12      108.00     2225.62        7.00     2000.00
     6901.00     1932.50        1.00     1720.00       20.50     1720.00      100.75     3332.00      289.75      171.00     1157.75      108.00     2107.75        7.00     2000.00
     7535.00     1911.50        1.00     1720.00       20.50     1720.00      140.50     3332.00      329.50      171.00     1197.50      108.00     2147.50        7.00     2000.00
     6412.75      832.00        1.00     1720.00       24.18     1720.00       83.12     3332.00      336.38      171.00     1220.12      108.00     2225.62        7.00     2000.00
     7535.00     1911.50        1.00     1720.00       20.50     1720.00      140.50     3332.00      329.50      171.00     1197.50      108.00     2147.50        7.00     2000.00
     7191.00      808.50        1.00     1720.00       11.10     1720.00       78.75     3332.00      274.75      171.00     1160.25      108.00     2243.75        7.00     2000.00
     7191.00      808.50        1.00     1720.00       11.10     1720.00       78.75     3332.00      274.75      171.00     1160.25      108.00     2243.75        7.00     2000.00
     7535.00     1911.50        1.00     1720.00       20.50     1720.00      140.50     3332.00      329.50      171.00     1197.50      108.00     2147.50        7.00     2000.00
     8169.50     1890.50        1.00     1720.00       20.50     1720.00      180.25     3332.00      369.25      171.00     1237.25      108.00     2187.25        7.00     2000.00
     7191.00      808.50        1.00     1720.00       11.10     1720.00       78.75     3332.00      274.75      171.00     1160.25      108.00     2243.75        7.00     2000.00
     8169.50     1890.50        1.00     1720.00       20.50     1720.00      180.25     3332.00      369.25      171.00     1237.25      108.00     2187.25        7.00     2000.00
     8105.25      827.50        1.00     1720.00       11.62     1720.00      108.88     3332.00      305.38      171.00     1222.62      108.00     2351.88        7.00     2000.00
     8105.25      827.50        1.00      150.00       11.62      150.00      108.88     3332.00      305.38      171.00     1222.62      108.00     2351.88        7.00     2000.00
     8169.50     1890.50        1.00      150.00       20.50      150.00      180.25     3332.00      369.25      171.00     1237.25      108.00     2187.25        7.00     2000.00
     8804.00     1869.50        1.00      150.00       20.50      150.00      220.00     3332.00      409.00      171.00     1277.00      108.00     2227.00        7.00     2000.00
     8105.25      827.50        1.00      150.00       11.62      150.00      108.88     3332.00      305.38      171.00     1222.62      108.00     2351.88        7.00     2000.00
     8804.00     1869.50        1.00      150.00       20.50      150.00      220.00     3332.00      409.00      171.00     1277.00      108.00     2227.00        7.00     2000.00
     9019.50      846.50        1.00      150.00       12.15      150.00      139.00     3332.00      336.00      171.00     1285.00      108.00     2460.00        7.00     2000.00
     9019.50      846.50        1.00      150.00       12.15      150.00      139.00     3332.00      336.00      171.00     1285.00      108.00     2460.00        7.00     2000.00
     8804.00     1869.50        1.00      150.00       20.50      150.00      220.00     3332.00      409.00      171.00     1277.00      108.00     2227.00        7.00     2000.00
     9438.50     1848.50        1.00      150.00       20.50      150.00      220.00     3332.00      409.00      171.00     1277.00      108.00     2227.00        7.00     2000.00
     9019.50      846.50        1.00      150.00       12.15      150.00      139.00     3332.00      336.00      171.00     1285.00      108.00     2460.00        7.00     2000.00
     9438.50     1848.50        1.00      150.00       20.50      150.00      220.00     3332.00      409.00      171.00     1277.00      108.00     2227.00        7.00     2000.00
     9933.75      865.50        1.00      150.00       12.15      150.00      139.00     3332.00      336.00      171.00     1285.00      108.00     2460.00        7.00     2000.00
     9933.75      865.50        1.00      150.00       12.15      150.00      139.00     3332.00      336.00      171.00     1285.00      108.00     2460.00        7.00     2000.00
     9438.50     1848.50        1.00      150.00       20.50      150.00      220.00     3332.00      409.00      171.00     1277.00      108.00     2227.00        7.00     2000.00
    49438.50     1848.50        1.00      150.00       20.50      150.00      220.00     3332.00      409.00      171.00     1277.00      108.00     2227.00        7.00     2000.00
     9933.75      865.50        1.00      150.00       12.15      150.00      139.00     3332.00      336.00      171.00     1285.00      108.00     2460.00        7.00     2000.00
    49438.50     1848.50        1.00      150.00       20.50      150.00      220.00     3332.00      409.00      171.00     1277.00      108.00     2227.00        7.00     2000.00
    49933.75      865.50        1.00      150.00       12.15      150.00      139.00     3332.00      336.00      171.00     1285.00      108.00     2460.00        7.00     2000.00
 sl=           6
   -52273.50      351.00        2.90       36.00        5.00     9832.00        7.00    30000.00      250.00      190.00     1050.00       80.00     1650.00       13.00     2000.00
   -52110.75     1228.50        2.66       36.00        5.63     9832.00       18.00    30000.00      277.50      190.00     1065.00       80.00     1877.50       13.00     2000.00
   -12110.75     1228.50        2.66       36.00        5.63     9832.00       18.00    30000.00      277.50      190.00     1065.00       80.00     1877.50       13.00     2000.00
   -52273.50      351.00        2.90       36.00        5.00     9832.00        7.00    30000.00      250.00      190.00     1050.00       80.00     1650.00       13.00     2000.00
   -12110.75     1228.50        2.66       36.00        5.63     9832.00       18.00    30000.00      277.50      190.00     1065.00       80.00     1877.50       13.00     2000.00
   -12273.50      351.00        2.90       36.00        5.00     9832.00        7.00    30000.00      250.00      190.00     1050.00       80.00     1650.00       13.00     2000.00
   -12273.50      351.00        2.90       36.00        5.00     9832.00        7.00    30000.00      250.00      190.00     1050.00       80.00     1650.00       13.00     2000.00
   -12110.75     1228.50        2.66       36.00        5.63     9832.00       18.00    30000.00      277.50      190.00     1065.00       80.00     1877.50       13.00     2000.00
   -10250.50     1171.00        2.66       36.00        5.63     9832.00       18.00    30000.00      277.50      190.00     1065.00       80.00     1877.50       13.00     2000.00
   -12273.50      351.00        2.90       36.00        5.00     9832.00        7.00    30000.00      250.00      190.00     1050.00       80.00     1650.00       13.00     2000.00
   -10250.50     1171.00        2.66       36.00        5.63     9832.00       18.00    30000.00      277.50      190.00     1065.00       80.00     1877.50       13.00     2000.00
   -10495.00      276.50        2.90       36.00        5.00     9832.00        7.00    30000.00      250.00      190.00     1050.00       80.00     1650.00       13.00     2000.00
   -10495.00      276.50        2.90       36.00        5.00     9832.00        7.00    30000.00      250.00      190.00     1050.00       80.00     1650.00       13.00     2000.00
   -10250.50     1171.00        2.66       36.00        5.63     9832.00       18.00    30000.00      277.50      190.00     1065.00       80.00     1877.50       13.00     2000.00
    -8390.25     1113.50        3.44       36.00       10.25     9832.00       64.00    30000.00      351.38      190.00     1370.12       80.00     2332.62       13.00     2000.00
   -10495.00      276.50        2.90       36.00        5.00     9832.00        7.00    30000.00      250.00      190.00     1050.00       80.00     1650.00       13.00     2000.00
    -8390.25     1113.50        3.44       36.00       10.25     9832.00       64.00    30000.00      351.38      190.00     1370.12       80.00     2332.62       13.00     2000.00
    -8716.50      202.00        3.45       36.00        9.00     9832.00       53.50    30000.00      368.50      190.00     1368.50       80.00     2218.50       13.00     2000.00
    -8716.50      202.00        3.45      100.00        9.00    30000.00       53.50      161.00      368.50      258.00     1368.50       85.00     2218.50       20.00     2000.00
    -8390.25     1113.50        3.44      100.00       10.25    30000.00       64.00      161.00      351.38      258.00     1370.12       85.00     2332.62       20.00     2000.00
    -6530.00     1056.00        4.21      100.00       14.88    30000.00      110.00      161.00      425.25      258.00     1675.25       85.00     2787.75       20.00     2000.00
    -8716.50      202.00        3.45      100.00        9.00    30000.00       53.50      161.00      368.50      258.00     1368.50       85.00     2218.50       20.00     2000.00
    -6530.00     1056.00        4.21      100.00       14.88    30000.00      110.00      161.00      425.25      258.00     1675.25       85.00     2787.75       20.00     2000.00
    -6938.00      127.50        4.00      100.00       13.00    30000.00      100.00      161.00      487.00      258.00     1687.00       85.00     2787.00       20.00     2000.00
    -6938.00      127.50        4.00      100.00       13.00    30000.00      100.00      161.00      487.00      258.00     1687.00       85.00     2787.00       20.00     2000.00
    -6530.00     1056.00        4.21      100.00       14.88    30000.00      110.00      161.00      425.25      258.00     1675.25       85.00     2787.75       20.00     2000.00
    -4939.25     1169.25        2.76      100.00       11.16    30000.00      106.10      161.00      432.88      258.00     1648.62       85.00     2704.88       20.00     2000.00
    -6938.00      127.50        4.00      100.00       13.00    30000.00      100.00      161.00      487.00      258.00     1687.00       85.00     2787.00       20.00     2000.00
    -4939.25     1169.25        2.76      100.00       11.16    30000.00      106.10      161.00      432.88      258.00     1648.62       85.00     2704.88       20.00     2000.00
    -5448.00      107.50        2.80      100.00       11.50    30000.00      105.00      161.00      492.00      258.00     1692.00       85.00     2792.00       20.00     2000.00
    -5448.00      107.50        2.80     1440.00       11.50      300.00      105.00      161.00      492.00      258.00     1692.00       80.00     2792.00       20.00     2000.00
    -4939.25     1169.25        2.76     1440.00       11.16      300.00      106.10      161.00      432.88      258.00     1648.62       80.00     2704.88       20.00     2000.00
    -3348.50     1282.50        1.30     1440.00        7.45      300.00      102.20      161.00      440.50      258.00     1622.00       80.00     2622.00       20.00     2000.00
    -5448.00      107.50        2.80     1440.00       11.50      300.00      105.00      161.00      492.00      258.00     1692.00       80.00     2792.00       20.00     2000.00
    -3348.50     1282.50        1.30     1440.00        7.45      300.00      102.20      161.00      440.50      258.00     1622.00       80.00     2622.00       20.00     2000.00
    -3958.00       87.50        1.60     1440.00       10.00      300.00      110.00      161.00      497.00      258.00     1697.00       80.00     2797.00       20.00     2000.00
    -3958.00       87.50        1.60     1440.00       10.00      300.00      110.00      161.00      497.00      258.00     1697.00       80.00     2797.00       20.00     2000.00
    -3348.50     1282.50        1.30     1440.00        7.45      300.00      102.20      161.00      440.50      258.00     1622.00       80.00     2622.00       20.00     2000.00
    -1960.00     1248.50        1.40     1440.00        8.60      300.00      102.10      161.00      369.25      258.00     1554.50       80.00     2554.50       20.00     2000.00
    -3958.00       87.50        1.60     1440.00       10.00      300.00      110.00      161.00      497.00      258.00     1697.00       80.00     2797.00       20.00     2000.00
    -1960.00     1248.50        1.40     1440.00        8.60      300.00      102.10      161.00      369.25      258.00     1554.50       80.00     2554.50       20.00     2000.00
    -2186.50       76.00        1.80     1440.00       10.25      300.00      110.00      161.00      353.50      258.00     1553.50       80.00     2653.50       20.00     2000.00
    -2186.50       76.00        1.80      400.00       10.25      565.00      110.00      150.00      353.50       90.00     1553.50      130.00     2653.50       30.00     2000.00
    -1960.00     1248.50        1.40      400.00        8.60      565.00      102.10      150.00      369.25       90.00     1554.50      130.00     2554.50       30.00     2000.00
     -571.50     1214.50        1.50      400.00        9.75      565.00      102.00      150.00      298.00       90.00     1487.00      130.00     2487.00       30.00     2000.00
    -2186.50       76.00        1.80      400.00       10.25      565.00      110.00      150.00      353.50       90.00     1553.50      130.00     2653.50       30.00     2000.00
     -571.50     1214.50        1.50      400.00        9.75      565.00      102.00      150.00      298.00       90.00     1487.00      130.00     2487.00       30.00     2000.00
     -415.00       64.50        2.00      400.00       10.50      565.00      110.00      150.00      210.00       90.00     1410.00      130.00     2510.00       30.00     2000.00
     -415.00       64.50        2.00      400.00       10.50      565.00      110.00      150.00      210.00       90.00     1410.00      130.00     2510.00       30.00     2000.00
     -571.50     1214.50        1.50      400.00        9.75      565.00      102.00      150.00      298.00       90.00     1487.00      130.00     2487.00       30.00     2000.00
      298.75     1143.50        2.00      400.00       11.62      565.00      121.75      150.00      354.00       90.00     1498.50      130.00     2448.50       30.00     2000.00
     -415.00       64.50        2.00      400.00       10.50      565.00      110.00      150.00      210.00       90.00     1410.00      130.00     2510.00       30.00     2000.00
      298.75     1143.50        2.00      400.00       11.62      565.00      121.75      150.00      354.00       90.00     1498.50      130.00     2448.50       30.00     2000.00
      333.50      -14.00        3.00      400.00        7.25      565.00      120.50      150.00      293.00       90.00     1493.00      130.00     2493.00       30.00     2000.00
      333.50      -14.00        3.00      800.00        7.25      800.00      120.50     2230.00      293.00      175.00     1493.00      111.00     2493.00       14.50    10000.00
      298.75     1143.50        2.00      800.00       11.62      800.00      121.75     2230.00      354.00      175.00     1498.50      111.00     2448.50       14.50    10000.00
     1169.00     1072.50        2.50      800.00       13.50      800.00      141.50     2230.00      410.00      175.00     1510.00      111.00     2410.00       14.50    10000.00
      333.50      -14.00        3.00      800.00        7.25      800.00      120.50     2230.00      293.00      175.00     1493.00      111.00     2493.00       14.50    10000.00
     1169.00     1072.50        2.50      800.00       13.50      800.00      141.50     2230.00      410.00      175.00     1510.00      111.00     2410.00       14.50    10000.00
     1082.00      -92.50        4.00      800.00        4.00      800.00      131.00     2230.00      376.00      175.00     1576.00      111.00     2476.00       14.50    10000.00
     1082.00      -92.50        4.00      800.00        4.00      800.00      131.00     2230.00      376.00      175.00     1576.00      111.00     2476.00       14.50    10000.00
     1169.00     1072.50        2.50      800.00       13.50      800.00      141.50     2230.00      410.00      175.00     1510.00      111.00     2410.00       14.50    10000.00
     2410.00      970.00        2.25      800.00       18.88      800.00      118.25     2230.00      362.75      175.00     1480.00      111.00     2447.50       14.50    10000.00
     1082.00      -92.50        4.00      800.00        4.00      800.00      131.00     2230.00      376.00      175.00     1576.00      111.00     2476.00       14.50    10000.00
     2410.00      970.00        2.25      800.00       18.88      800.00      118.25     2230.00      362.75      175.00     1480.00      111.00     2447.50       14.50    10000.00
     2053.50     -207.00        3.00      800.00       13.25      800.00      105.50     2230.00      344.50      175.00     1579.00      111.00     2564.00       14.50    10000.00
     2053.50     -207.00        3.00     1400.00       13.25     5856.00      105.50      359.00      344.50      152.00     1579.00       92.00     2564.00       14.50      700.00
     2410.00      970.00        2.25     1400.00       18.88     5856.00      118.25      359.00      362.75      152.00     1480.00       92.00     2447.50       14.50      700.00
     3651.00      867.50        2.00     1400.00       24.25     5856.00       95.00      359.00      315.50      152.00     1450.00       92.00     2485.00       14.50      700.00
     2053.50     -207.00        3.00     1400.00       13.25     5856.00      105.50      359.00      344.50      152.00     1579.00       92.00     2564.00       14.50      700.00
     3651.00      867.50        2.00     1400.00       24.25     5856.00       95.00      359.00      315.50      152.00     1450.00       92.00     2485.00       14.50      700.00
     3025.00     -321.50        2.00     1400.00       22.50     5856.00       80.00      359.00      313.00      152.00     1582.00       92.00     2652.00       14.50      700.00
     3025.00     -321.50        2.00     1400.00       22.50     5856.00       80.00      359.00      313.00      152.00     1582.00       92.00     2652.00       14.50      700.00
     3651.00      867.50        2.00     1400.00       24.25     5856.00       95.00      359.00      315.50      152.00     1450.00       92.00     2485.00       14.50      700.00
     4642.75      861.50        1.50     1400.00       30.75     5856.00       91.25      359.00      356.75      152.00     1365.00       92.00     2346.25       14.50      700.00
     3025.00     -321.50        2.00     1400.00       22.50     5856.00       80.00      359.00      313.00      152.00     1582.00       92.00     2652.00       14.50      700.00
     4642.75      861.50        1.50     1400.00       30.75     5856.00       91.25      359.00      356.75      152.00     1365.00       92.00     2346.25       14.50      700.00
     4013.50     -282.00        1.50     1400.00       38.25     5856.00       97.00      359.00      429.50      152.00     1512.00       92.00     2499.50       14.50      700.00
     4013.50     -282.00        1.50     3621.00       38.25     3631.00       97.00      684.00      429.50      147.00     1512.00       38.00     2499.50       16.00     4000.00
     4642.75      861.50        1.50     3621.00       30.75     3631.00       91.25      684.00      356.75      147.00     1365.00       38.00     2346.25       16.00     4000.00
     5634.50      855.50        1.00     3621.00       37.25     3631.00       87.50      684.00      398.00      147.00     1280.00       38.00     2207.50       16.00     4000.00
     4013.50     -282.00        1.50     3621.00       38.25     3631.00       97.00      684.00      429.50      147.00     1512.00       38.00     2499.50       16.00     4000.00
     5634.50      855.50        1.00     3621.00       37.25     3631.00       87.50      684.00      398.00      147.00     1280.00       38.00     2207.50       16.00     4000.00
     5002.00     -242.50        1.00     3621.00       54.00     3631.00      114.00      684.00      546.00      147.00     1442.00       38.00     2347.00       16.00     4000.00
     5002.00     -242.50        1.00     3621.00       54.00     3631.00      114.00      684.00      546.00      147.00     1442.00       38.00     2347.00       16.00     4000.00
     5634.50      855.50        1.00     3621.00       37.25     3631.00       87.50      684.00      398.00      147.00     1280.00       38.00     2207.50       16.00     4000.00
     6412.75      832.00        1.00     3621.00       24.18     3631.00       83.12      684.00      336.38      147.00     1220.12       38.00     2225.62       16.00     4000.00
     5002.00     -242.50        1.00     3621.00       54.00     3631.00      114.00      684.00      546.00      147.00     1442.00       38.00     2347.00       16.00     4000.00
     6412.75      832.00        1.00     3621.00       24.18     3631.00       83.12      684.00      336.38      147.00     1220.12       38.00     2225.62       16.00     4000.00
     5924.50     -268.50        1.00     3621.00       27.85     3631.00       65.50      684.00      383.00      147.00     1282.50       38.00     2343.50       16.00     4000.00
     5924.50     -268.50        1.00      832.00       27.85      832.00       65.50     6183.00      383.00      204.00     1282.50       68.00     2343.50       13.00      200.00
     6412.75      832.00        1.00      832.00       24.18      832.00       83.12     6183.00      336.38      204.00     1220.12       68.00     2225.62       13.00      200.00
     7191.00      808.50        1.00      832.00       11.10      832.00       78.75     6183.00      274.75      204.00     1160.25       68.00     2243.75       13.00      200.00
     5924.50     -268.50        1.00      832.00       27.85      832.00       65.50     6183.00      383.00      204.00     1282.50       68.00     2343.50       13.00      200.00
     7191.00      808.50        1.00      832.00       11.10      832.00       78.75     6183.00      274.75      204.00     1160.25       68.00     2243.75       13.00      200.00
     6847.00     -294.50        1.00      832.00        1.70      832.00       17.00     6183.00      220.00      204.00     1123.00       68.00     2340.00       13.00      200.00
     6847.00     -294.50        1.00      832.00        1.70      832.00       17.00     6183.00      220.00      204.00     1123.00       68.00     2340.00       13.00      200.00
     7191.00      808.50        1.00      832.00       11.10      832.00       78.75     6183.00      274.75      204.00     1160.25       68.00     2243.75       13.00      200.00
     8105.25      827.50        1.00      832.00       11.62      832.00      108.88     6183.00      305.38      204.00     1222.62       68.00     2351.88       13.00      200.00
     6847.00     -294.50        1.00      832.00        1.70      832.00       17.00     6183.00      220.00      204.00     1123.00       68.00     2340.00       13.00      200.00
     8105.25      827.50        1.00      832.00       11.62      832.00      108.88     6183.00      305.38      204.00     1222.62       68.00     2351.88       13.00      200.00
     8041.00     -235.50        1.00      832.00        2.75      832.00       37.50     6183.00      241.50      204.00     1208.00       68.00     2516.50       13.00      200.00
     8041.00     -235.50        1.00     1576.00        2.75     1576.00       37.50      211.00      241.50      178.00     1208.00       48.00     2516.50       12.00     1743.00
     8105.25      827.50        1.00     1576.00       11.62     1576.00      108.88      211.00      305.38      178.00     1222.62       48.00     2351.88       12.00     1743.00
     9019.50      846.50        1.00     1576.00       12.15     1576.00      139.00      211.00      336.00      178.00     1285.00       48.00     2460.00       12.00     1743.00
     8041.00     -235.50        1.00     1576.00        2.75     1576.00       37.50      211.00      241.50      178.00     1208.00       48.00     2516.50       12.00     1743.00
     9019.50      846.50        1.00     1576.00       12.15     1576.00      139.00      211.00      336.00      178.00     1285.00       48.00     2460.00       12.00     1743.00
     9235.00     -176.50        1.00     1576.00        3.80     1576.00       58.00      211.00      263.00      178.00     1293.00       48.00     2693.00       12.00     1743.00
     9235.00     -176.50        1.00     1576.00        3.80     1576.00       58.00      211.00      263.00      178.00     1293.00       48.00     2693.00       12.00     1743.00
     9019.50      846.50        1.00     1576.00       12.15     1576.00      139.00      211.00      336.00      178.00     1285.00       48.00     2460.00       12.00     1743.00
     9933.75      865.50        1.00     1576.00       12.15     1576.00      139.00      211.00      336.00      178.00     1285.00       48.00     2460.00       12.00     2000.00
     9235.00     -176.50        1.00     1576.00        3.80     1576.00       58.00      211.00      263.00      178.00     1293.00       48.00     2693.00       12.00     1743.00
     9933.75      865.50        1.00     1576.00       12.15     1576.00      139.00      211.00      336.00      178.00     1285.00       48.00     2460.00       12.00     2000.00
    10429.00     -117.50        1.00     1576.00        3.80     1576.00       58.00      211.00      263.00      178.00     1293.00       48.00     2693.00       12.00     1743.00
    10429.00     -117.50        1.00     1576.00        3.80     1576.00       58.00      211.00      263.00      178.00     1293.00       48.00     2693.00       12.00     1743.00
     9933.75      865.50        1.00     1576.00       12.15     1576.00      139.00      211.00      336.00      178.00     1285.00       48.00     2460.00       12.00     2000.00
    49933.75      865.50        1.00     1576.00       12.15     1576.00      139.00      211.00      336.00      178.00     1285.00       48.00     2460.00       12.00     2000.00
    10429.00     -117.50        1.00     1576.00        3.80     1576.00       58.00      211.00      263.00      178.00     1293.00       48.00     2693.00       12.00     1743.00
    49933.75      865.50        1.00     1576.00       12.15     1576.00      139.00      211.00      336.00      178.00     1285.00       48.00     2460.00       12.00     2000.00
    50429.00     -117.50        1.00     1576.00        3.80     1576.00       58.00      211.00      263.00      178.00     1293.00       48.00     2693.00       12.00     1743.00
 sl=           7
   -51928.25    -1772.25        2.35       36.00        4.50     9832.00        7.50    30000.00      179.00      190.00     1029.00       80.00     1704.00       13.00     2000.00
   -52273.50      351.00        2.90       36.00        5.00     9832.00        7.00    30000.00      250.00      190.00     1050.00       80.00     1650.00       13.00     2000.00
   -12273.50      351.00        2.90       36.00        5.00     9832.00        7.00    30000.00      250.00      190.00     1050.00       80.00     1650.00       13.00     2000.00
   -51928.25    -1772.25        2.35       36.00        4.50     9832.00        7.50    30000.00      179.00      190.00     1029.00       80.00     1704.00       13.00     2000.00
   -12273.50      351.00        2.90       36.00        5.00     9832.00        7.00    30000.00      250.00      190.00     1050.00       80.00     1650.00       13.00     2000.00
   -11928.25    -1772.25        2.35       36.00        4.50     9832.00        7.50    30000.00      179.00      190.00     1029.00       80.00     1704.00       13.00     2000.00
   -11928.25    -1772.25        2.35       36.00        4.50     9832.00        7.50    30000.00      179.00      190.00     1029.00       80.00     1704.00       13.00     2000.00
   -12273.50      351.00        2.90       36.00        5.00     9832.00        7.00    30000.00      250.00      190.00     1050.00       80.00     1650.00       13.00     2000.00
   -10495.00      276.50        2.90       36.00        5.00     9832.00        7.00    30000.00      250.00      190.00     1050.00       80.00     1650.00       13.00     2000.00
   -11928.25    -1772.25        2.35       36.00        4.50     9832.00        7.50    30000.00      179.00      190.00     1029.00       80.00     1704.00       13.00     2000.00
   -10495.00      276.50        2.90       36.00        5.00     9832.00        7.00    30000.00      250.00      190.00     1050.00       80.00     1650.00       13.00     2000.00
   -10162.50    -1789.00        2.35       36.00        4.50     9832.00        7.50    30000.00      179.00      190.00     1029.00       80.00     1704.00       13.00     2000.00
   -10162.50    -1789.00        2.35       36.00        4.50     9832.00        7.50    30000.00      179.00      190.00     1029.00       80.00     1704.00       13.00     2000.00
   -10495.00      276.50        2.90       36.00        5.00     9832.00        7.00    30000.00      250.00      190.00     1050.00       80.00     1650.00       13.00     2000.00
    -8716.50      202.00        3.45       36.00        9.00     9832.00       53.50    30000.00      368.50      190.00     1368.50       80.00     2218.50       13.00     2000.00
   -10162.50    -1789.00        2.35       36.00        4.50     9832.00        7.50    30000.00      179.00      190.00     1029.00       80.00     1704.00       13.00     2000.00
    -8716.50      202.00        3.45       36.00        9.00     9832.00       53.50    30000.00      368.50      190.00     1368.50       80.00     2218.50       13.00     2000.00
    -8396.75    -1805.75        2.42       36.00        5.83     9832.00       30.50    30000.00      281.25      190.00     1231.25       80.00     2018.75       13.00     2000.00
    -8396.75    -1805.75        2.42      100.00        5.83    30000.00       30.50      161.00      281.25      258.00     1231.25       85.00     2018.75       20.00     2000.00
    -8716.50      202.00        3.45      100.00        9.00    30000.00       53.50      161.00      368.50      258.00     1368.50       85.00     2218.50       20.00     2000.00
    -6938.00      127.50        4.00      100.00       13.00    30000.00      100.00      161.00      487.00      258.00     1687.00       85.00     2787.00       20.00     2000.00
    -8396.75    -1805.75        2.42      100.00        5.83    30000.00       30.50      161.00      281.25      258.00     1231.25       85.00     2018.75       20.00     2000.00
    -6938.00      127.50        4.00      100.00       13.00    30000.00      100.00      161.00      487.00      258.00     1687.00       85.00     2787.00       20.00     2000.00
    -6631.00    -1822.50        2.50      100.00        7.17    30000.00       53.50      161.00      383.50      258.00     1433.50       85.00     2333.50       20.00     2000.00
    -6631.00    -1822.50        2.50      100.00        7.17    30000.00       53.50      161.00      383.50      258.00     1433.50       85.00     2333.50       20.00     2000.00
    -6938.00      127.50        4.00      100.00       13.00    30000.00      100.00      161.00      487.00      258.00     1687.00       85.00     2787.00       20.00     2000.00
    -5448.00      107.50        2.80      100.00       11.50    30000.00      105.00      161.00      492.00      258.00     1692.00       85.00     2792.00       20.00     2000.00
    -6631.00    -1822.50        2.50      100.00        7.17    30000.00       53.50      161.00      383.50      258.00     1433.50       85.00     2333.50       20.00     2000.00
    -5448.00      107.50        2.80      100.00       11.50    30000.00      105.00      161.00      492.00      258.00     1692.00       85.00     2792.00       20.00     2000.00
    -4889.00    -1911.25        1.90      100.00        6.42    30000.00       56.00      161.00      382.50      258.00     1368.25       85.00     2268.25       20.00     2000.00
    -4889.00    -1911.25        1.90     1440.00        6.42      300.00       56.00      161.00      382.50      258.00     1368.25       80.00     2268.25       20.00     2000.00
    -5448.00      107.50        2.80     1440.00       11.50      300.00      105.00      161.00      492.00      258.00     1692.00       80.00     2792.00       20.00     2000.00
    -3958.00       87.50        1.60     1440.00       10.00      300.00      110.00      161.00      497.00      258.00     1697.00       80.00     2797.00       20.00     2000.00
    -4889.00    -1911.25        1.90     1440.00        6.42      300.00       56.00      161.00      382.50      258.00     1368.25       80.00     2268.25       20.00     2000.00
    -3958.00       87.50        1.60     1440.00       10.00      300.00      110.00      161.00      497.00      258.00     1697.00       80.00     2797.00       20.00     2000.00
    -3147.00    -2000.00        1.30     1440.00        5.67      300.00       58.50      161.00      381.50      258.00     1303.00       80.00     2203.00       20.00     2000.00
    -3147.00    -2000.00        1.30     1440.00        5.67      300.00       58.50      161.00      381.50      258.00     1303.00       80.00     2203.00       20.00     2000.00
    -3958.00       87.50        1.60     1440.00       10.00      300.00      110.00      161.00      497.00      258.00     1697.00       80.00     2797.00       20.00     2000.00
    -2186.50       76.00        1.80     1440.00       10.25      300.00      110.00      161.00      353.50      258.00     1553.50       80.00     2653.50       20.00     2000.00
    -3147.00    -2000.00        1.30     1440.00        5.67      300.00       58.50      161.00      381.50      258.00     1303.00       80.00     2203.00       20.00     2000.00
    -2186.50       76.00        1.80     1440.00       10.25      300.00      110.00      161.00      353.50      258.00     1553.50       80.00     2653.50       20.00     2000.00
    -1301.75    -2069.25        1.40     1440.00        6.11      300.00       68.85      161.00      322.00      258.00     1307.75       80.00     2207.75       20.00     2000.00
    -1301.75    -2069.25        1.40      400.00        6.11      565.00       68.85      150.00      322.00       90.00     1307.75      130.00     2207.75       30.00     2000.00
    -2186.50       76.00        1.80      400.00       10.25      565.00      110.00      150.00      353.50       90.00     1553.50      130.00     2653.50       30.00     2000.00
     -415.00       64.50        2.00      400.00       10.50      565.00      110.00      150.00      210.00       90.00     1410.00      130.00     2510.00       30.00     2000.00
    -1301.75    -2069.25        1.40      400.00        6.11      565.00       68.85      150.00      322.00       90.00     1307.75      130.00     2207.75       30.00     2000.00
     -415.00       64.50        2.00      400.00       10.50      565.00      110.00      150.00      210.00       90.00     1410.00      130.00     2510.00       30.00     2000.00
      543.50    -2138.50        1.50      400.00        6.55      565.00       79.20      150.00      262.50       90.00     1312.50      130.00     2212.50       30.00     2000.00
      543.50    -2138.50        1.50      400.00        6.55      565.00       79.20      150.00      262.50       90.00     1312.50      130.00     2212.50       30.00     2000.00
     -415.00       64.50        2.00      400.00       10.50      565.00      110.00      150.00      210.00       90.00     1410.00      130.00     2510.00       30.00     2000.00
      333.50      -14.00        3.00      400.00        7.25      565.00      120.50      150.00      293.00       90.00     1493.00      130.00     2493.00       30.00     2000.00
      543.50    -2138.50        1.50      400.00        6.55      565.00       79.20      150.00      262.50       90.00     1312.50      130.00     2212.50       30.00     2000.00
      333.50      -14.00        3.00      400.00        7.25      565.00      120.50      150.00      293.00       90.00     1493.00      130.00     2493.00       30.00     2000.00
     1467.00    -2121.50        2.00      400.00        4.85      565.00       87.35      150.00      309.75       90.00     1359.75      130.00     2209.75       30.00     2000.00
     1467.00    -2121.50        2.00      800.00        4.85      800.00       87.35     2230.00      309.75      175.00     1359.75      111.00     2209.75       14.50    10000.00
      333.50      -14.00        3.00      800.00        7.25      800.00      120.50     2230.00      293.00      175.00     1493.00      111.00     2493.00       14.50    10000.00
     1082.00      -92.50        4.00      800.00        4.00      800.00      131.00     2230.00      376.00      175.00     1576.00      111.00     2476.00       14.50    10000.00
     1467.00    -2121.50        2.00      800.00        4.85      800.00       87.35     2230.00      309.75      175.00     1359.75      111.00     2209.75       14.50    10000.00
     1082.00      -92.50        4.00      800.00        4.00      800.00      131.00     2230.00      376.00      175.00     1576.00      111.00     2476.00       14.50    10000.00
     2390.50    -2104.50        2.50      800.00        3.15      800.00       95.50     2230.00      357.00      175.00     1407.00      111.00     2207.00       14.50    10000.00
     2390.50    -2104.50        2.50      800.00        3.15      800.00       95.50     2230.00      357.00      175.00     1407.00      111.00     2207.00       14.50    10000.00
     1082.00      -92.50        4.00      800.00        4.00      800.00      131.00     2230.00      376.00      175.00     1576.00      111.00     2476.00       14.50    10000.00
     2053.50     -207.00        3.00      800.00       13.25      800.00      105.50     2230.00      344.50      175.00     1579.00      111.00     2564.00       14.50    10000.00
     2390.50    -2104.50        2.50      800.00        3.15      800.00       95.50     2230.00      357.00      175.00     1407.00      111.00     2207.00       14.50    10000.00
     2053.50     -207.00        3.00      800.00       13.25      800.00      105.50     2230.00      344.50      175.00     1579.00      111.00     2564.00       14.50    10000.00
     3425.50    -2105.50        2.00      800.00        7.70      800.00       85.75     2230.00      346.75      175.00     1414.00      111.00     2256.50       14.50    10000.00
     3425.50    -2105.50        2.00     1400.00        7.70     5856.00       85.75      359.00      346.75      152.00     1414.00       92.00     2256.50       14.50      700.00
     2053.50     -207.00        3.00     1400.00       13.25     5856.00      105.50      359.00      344.50      152.00     1579.00       92.00     2564.00       14.50      700.00
     3025.00     -321.50        2.00     1400.00       22.50     5856.00       80.00      359.00      313.00      152.00     1582.00       92.00     2652.00       14.50      700.00
     3425.50    -2105.50        2.00     1400.00        7.70     5856.00       85.75      359.00      346.75      152.00     1414.00       92.00     2256.50       14.50      700.00
     3025.00     -321.50        2.00     1400.00       22.50     5856.00       80.00      359.00      313.00      152.00     1582.00       92.00     2652.00       14.50      700.00
     4460.50    -2106.50        1.50     1400.00       12.25     5856.00       76.00      359.00      336.50      152.00     1421.00       92.00     2306.00       14.50      700.00
     4460.50    -2106.50        1.50     1400.00       12.25     5856.00       76.00      359.00      336.50      152.00     1421.00       92.00     2306.00       14.50      700.00
     3025.00     -321.50        2.00     1400.00       22.50     5856.00       80.00      359.00      313.00      152.00     1582.00       92.00     2652.00       14.50      700.00
     4013.50     -282.00        1.50     1400.00       38.25     5856.00       97.00      359.00      429.50      152.00     1512.00       92.00     2499.50       14.50      700.00
     4460.50    -2106.50        1.50     1400.00       12.25     5856.00       76.00      359.00      336.50      152.00     1421.00       92.00     2306.00       14.50      700.00
     4013.50     -282.00        1.50     1400.00       38.25     5856.00       97.00      359.00      429.50      152.00     1512.00       92.00     2499.50       14.50      700.00
     5279.00    -2071.25        1.25     1400.00       20.12     5856.00       84.50      359.00      394.75      152.00     1386.00       92.00     2229.75       14.50      700.00
     5279.00    -2071.25        1.25     3621.00       20.12     3631.00       84.50      684.00      394.75      147.00     1386.00       38.00     2229.75       16.00     4000.00
     4013.50     -282.00        1.50     3621.00       38.25     3631.00       97.00      684.00      429.50      147.00     1512.00       38.00     2499.50       16.00     4000.00
     5002.00     -242.50        1.00     3621.00       54.00     3631.00      114.00      684.00      546.00      147.00     1442.00       38.00     2347.00       16.00     4000.00
     5279.00    -2071.25        1.25     3621.00       20.12     3631.00       84.50      684.00      394.75      147.00     1386.00       38.00     2229.75       16.00     4000.00
     5002.00     -242.50        1.00     3621.00       54.00     3631.00      114.00      684.00      546.00      147.00     1442.00       38.00     2347.00       16.00     4000.00
     6097.50    -2036.00        1.00     3621.00       28.00     3631.00       93.00      684.00      453.00      147.00     1351.00       38.00     2153.50       16.00     4000.00
     6097.50    -2036.00        1.00     3621.00       28.00     3631.00       93.00      684.00      453.00      147.00     1351.00       38.00     2153.50       16.00     4000.00
     5002.00     -242.50        1.00     3621.00       54.00     3631.00      114.00      684.00      546.00      147.00     1442.00       38.00     2347.00       16.00     4000.00
     5924.50     -268.50        1.00     3621.00       27.85     3631.00       65.50      684.00      383.00      147.00     1282.50       38.00     2343.50       16.00     4000.00
     6097.50    -2036.00        1.00     3621.00       28.00     3631.00       93.00      684.00      453.00      147.00     1351.00       38.00     2153.50       16.00     4000.00
     5924.50     -268.50        1.00     3621.00       27.85     3631.00       65.50      684.00      383.00      147.00     1282.50       38.00     2343.50       16.00     4000.00
     6883.00    -2033.50        1.00     3621.00       14.83     3631.00       53.40      684.00      356.00      147.00     1255.75       38.00     2136.25       16.00     4000.00
     6883.00    -2033.50        1.00      832.00       14.83      832.00       53.40     6183.00      356.00      204.00     1255.75       68.00     2136.25       13.00      200.00
     5924.50     -268.50        1.00      832.00       27.85      832.00       65.50     6183.00      383.00      204.00     1282.50       68.00     2343.50       13.00      200.00
     6847.00     -294.50        1.00      832.00        1.70      832.00       17.00     6183.00      220.00      204.00     1123.00       68.00     2340.00       13.00      200.00
     6883.00    -2033.50        1.00      832.00       14.83      832.00       53.40     6183.00      356.00      204.00     1255.75       68.00     2136.25       13.00      200.00
     6847.00     -294.50        1.00      832.00        1.70      832.00       17.00     6183.00      220.00      204.00     1123.00       68.00     2340.00       13.00      200.00
     7668.50    -2031.00        1.00      832.00        1.65      832.00       13.80     6183.00      259.00      204.00     1160.50       68.00     2119.00       13.00      200.00
     7668.50    -2031.00        1.00      832.00        1.65      832.00       13.80     6183.00      259.00      204.00     1160.50       68.00     2119.00       13.00      200.00
     6847.00     -294.50        1.00      832.00        1.70      832.00       17.00     6183.00      220.00      204.00     1123.00       68.00     2340.00       13.00      200.00
     8041.00     -235.50        1.00      832.00        2.75      832.00       37.50     6183.00      241.50      204.00     1208.00       68.00     2516.50       13.00      200.00
     7668.50    -2031.00        1.00      832.00        1.65      832.00       13.80     6183.00      259.00      204.00     1160.50       68.00     2119.00       13.00      200.00
     8041.00     -235.50        1.00      832.00        2.75      832.00       37.50     6183.00      241.50      204.00     1208.00       68.00     2516.50       13.00      200.00
     8589.75    -1986.00        1.00      832.00        2.17      832.00       24.05     6183.00      269.75      204.00     1203.00       68.00     2207.25       13.00      200.00
     8589.75    -1986.00        1.00     1576.00        2.17     1576.00       24.05      211.00      269.75      178.00     1203.00       48.00     2207.25       12.00     1743.00
     8041.00     -235.50        1.00     1576.00        2.75     1576.00       37.50      211.00      241.50      178.00     1208.00       48.00     2516.50       12.00     1743.00
     9235.00     -176.50        1.00     1576.00        3.80     1576.00       58.00      211.00      263.00      178.00     1293.00       48.00     2693.00       12.00     1743.00
     8589.75    -1986.00        1.00     1576.00        2.17     1576.00       24.05      211.00      269.75      178.00     1203.00       48.00     2207.25       12.00     1743.00
     9235.00     -176.50        1.00     1576.00        3.80     1576.00       58.00      211.00      263.00      178.00     1293.00       48.00     2693.00       12.00     1743.00
     9511.00    -1941.00        1.00     1576.00        2.70     1576.00       34.30      211.00      280.50      178.00     1245.50       48.00     2295.50       12.00     1743.00
     9511.00    -1941.00        1.00     1576.00        2.70     1576.00       34.30      211.00      280.50      178.00     1245.50       48.00     2295.50       12.00     1743.00
     9235.00     -176.50        1.00     1576.00        3.80     1576.00       58.00      211.00      263.00      178.00     1293.00       48.00     2693.00       12.00     1743.00
    10429.00     -117.50        1.00     1576.00        3.80     1576.00       58.00      211.00      263.00      178.00     1293.00       48.00     2693.00       12.00     1743.00
     9511.00    -1941.00        1.00     1576.00        2.70     1576.00       34.30      211.00      280.50      178.00     1245.50       48.00     2295.50       12.00     1743.00
    10429.00     -117.50        1.00     1576.00        3.80     1576.00       58.00      211.00      263.00      178.00     1293.00       48.00     2693.00       12.00     1743.00
    10432.25    -1896.00        1.00     1576.00        2.70     1576.00       34.30      211.00      280.50      178.00     1245.50       48.00     2295.50       12.00     1743.00
    10432.25    -1896.00        1.00     1576.00        2.70     1576.00       34.30      211.00      280.50      178.00     1245.50       48.00     2295.50       12.00     1743.00
    10429.00     -117.50        1.00     1576.00        3.80     1576.00       58.00      211.00      263.00      178.00     1293.00       48.00     2693.00       12.00     1743.00
    50429.00     -117.50        1.00     1576.00        3.80     1576.00       58.00      211.00      263.00      178.00     1293.00       48.00     2693.00       12.00     1743.00
    10432.25    -1896.00        1.00     1576.00        2.70     1576.00       34.30      211.00      280.50      178.00     1245.50       48.00     2295.50       12.00     1743.00
    50429.00     -117.50        1.00     1576.00        3.80     1576.00       58.00      211.00      263.00      178.00     1293.00       48.00     2693.00       12.00     1743.00
    50432.25    -1896.00        1.00     1576.00        2.70     1576.00       34.30      211.00      280.50      178.00     1245.50       48.00     2295.50       12.00     1743.00
 sl=           8
   -51583.00    -3895.50        1.80      200.00        4.00      900.00        8.00       45.00      108.00     2300.00     1008.00       90.00     1758.00       21.00     2000.00
   -51928.25    -1772.25        2.35      200.00        4.50      900.00        7.50       45.00      179.00     2300.00     1029.00       90.00     1704.00       21.00     2000.00
   -11928.25    -1772.25        2.35      200.00        4.50      900.00        7.50       45.00      179.00     2300.00     1029.00       90.00     1704.00       21.00     2000.00
   -51583.00    -3895.50        1.80      200.00        4.00      900.00        8.00       45.00      108.00     2300.00     1008.00       90.00     1758.00       21.00     2000.00
   -11928.25    -1772.25        2.35      200.00        4.50      900.00        7.50       45.00      179.00     2300.00     1029.00       90.00     1704.00       21.00     2000.00
   -11583.00    -3895.50        1.80      200.00        4.00      900.00        8.00       45.00      108.00     2300.00     1008.00       90.00     1758.00       21.00     2000.00
   -11583.00    -3895.50        1.80      200.00        4.00      900.00        8.00       45.00      108.00     2300.00     1008.00       90.00     1758.00       21.00     2000.00
   -11928.25    -1772.25        2.35      200.00        4.50      900.00        7.50       45.00      179.00     2300.00     1029.00       90.00     1704.00       21.00     2000.00
   -10162.50    -1789.00        2.35      200.00        4.50      900.00        7.50       45.00      179.00     2300.00     1029.00       90.00     1704.00       21.00     2000.00
   -11583.00    -3895.50        1.80      200.00        4.00      900.00        8.00       45.00      108.00     2300.00     1008.00       90.00     1758.00       21.00     2000.00
   -10162.50    -1789.00        2.35      200.00        4.50      900.00        7.50       45.00      179.00     2300.00     1029.00       90.00     1704.00       21.00     2000.00
    -9830.00    -3854.50        1.80      200.00        4.00      900.00        8.00       45.00      108.00     2300.00     1008.00       90.00     1758.00       21.00     2000.00
    -9830.00    -3854.50        1.80      200.00        4.00      900.00        8.00       45.00      108.00     2300.00     1008.00       90.00     1758.00       21.00     2000.00
   -10162.50    -1789.00        2.35      200.00        4.50      900.00        7.50       45.00      179.00     2300.00     1029.00       90.00     1704.00       21.00     2000.00
    -8396.75    -1805.75        2.42      200.00        5.83      900.00       30.50       45.00      281.25     2300.00     1231.25       90.00     2018.75       21.00     2000.00
    -9830.00    -3854.50        1.80      200.00        4.00      900.00        8.00       45.00      108.00     2300.00     1008.00       90.00     1758.00       21.00     2000.00
    -8396.75    -1805.75        2.42      200.00        5.83      900.00       30.50       45.00      281.25     2300.00     1231.25       90.00     2018.75       21.00     2000.00
    -8077.00    -3813.50        1.40      200.00        2.67      900.00        7.50       45.00      194.00     2300.00     1094.00       90.00     1819.00       21.00     2000.00
    -8077.00    -3813.50        1.40      700.00        2.67      700.00        7.50     2200.00      194.00      203.00     1094.00       80.00     1819.00       20.00     2000.00
    -8396.75    -1805.75        2.42      700.00        5.83      700.00       30.50     2200.00      281.25      203.00     1231.25       80.00     2018.75       20.00     2000.00
    -6631.00    -1822.50        2.50      700.00        7.17      700.00       53.50     2200.00      383.50      203.00     1433.50       80.00     2333.50       20.00     2000.00
    -8077.00    -3813.50        1.40      700.00        2.67      700.00        7.50     2200.00      194.00      203.00     1094.00       80.00     1819.00       20.00     2000.00
    -6631.00    -1822.50        2.50      700.00        7.17      700.00       53.50     2200.00      383.50      203.00     1433.50       80.00     2333.50       20.00     2000.00
    -6324.00    -3772.50        1.00      700.00        1.34      700.00        7.00     2200.00      280.00      203.00     1180.00       80.00     1880.00       20.00     2000.00
    -6324.00    -3772.50        1.00      700.00        1.34      700.00        7.00     2200.00      280.00      203.00     1180.00       80.00     1880.00       20.00     2000.00
    -6631.00    -1822.50        2.50      700.00        7.17      700.00       53.50     2200.00      383.50      203.00     1433.50       80.00     2333.50       20.00     2000.00
    -4889.00    -1911.25        1.90      700.00        6.42      700.00       56.00     2200.00      382.50      203.00     1368.25       80.00     2268.25       20.00     2000.00
    -6324.00    -3772.50        1.00      700.00        1.34      700.00        7.00     2200.00      280.00      203.00     1180.00       80.00     1880.00       20.00     2000.00
    -4889.00    -1911.25        1.90      700.00        6.42      700.00       56.00     2200.00      382.50      203.00     1368.25       80.00     2268.25       20.00     2000.00
    -4330.00    -3930.00        1.00      700.00        1.34      700.00        7.00     2200.00      273.00      203.00     1044.50       80.00     1744.50       20.00     2000.00
    -4330.00    -3930.00        1.00      810.00        1.34      810.00        7.00    13507.00      273.00      137.00     1044.50       51.00     1744.50       20.00     2000.00
    -4889.00    -1911.25        1.90      810.00        6.42      810.00       56.00    13507.00      382.50      137.00     1368.25       51.00     2268.25       20.00     2000.00
    -3147.00    -2000.00        1.30      810.00        5.67      810.00       58.50    13507.00      381.50      137.00     1303.00       51.00     2203.00       20.00     2000.00
    -4330.00    -3930.00        1.00      810.00        1.34      810.00        7.00    13507.00      273.00      137.00     1044.50       51.00     1744.50       20.00     2000.00
    -3147.00    -2000.00        1.30      810.00        5.67      810.00       58.50    13507.00      381.50      137.00     1303.00       51.00     2203.00       20.00     2000.00
    -2336.00    -4087.50        1.00      810.00        1.34      810.00        7.00    13507.00      266.00      137.00      909.00       51.00     1609.00       20.00     2000.00
    -2336.00    -4087.50        1.00      810.00        1.34      810.00        7.00    13507.00      266.00      137.00      909.00       51.00     1609.00       20.00     2000.00
    -3147.00    -2000.00        1.30      810.00        5.67      810.00       58.50    13507.00      381.50      137.00     1303.00       51.00     2203.00       20.00     2000.00
    -1301.75    -2069.25        1.40      810.00        6.11      810.00       68.85    13507.00      322.00      137.00     1307.75       51.00     2207.75       20.00     2000.00
    -2336.00    -4087.50        1.00      810.00        1.34      810.00        7.00    13507.00      266.00      137.00      909.00       51.00     1609.00       20.00     2000.00
    -1301.75    -2069.25        1.40      810.00        6.11      810.00       68.85    13507.00      322.00      137.00     1307.75       51.00     2207.75       20.00     2000.00
     -417.00    -4214.50        1.00      810.00        1.97      810.00       27.70    13507.00      290.50      137.00     1062.00       51.00     1762.00       20.00     2000.00
     -417.00    -4214.50        1.00     2940.00        1.97     2940.00       27.70      265.00      290.50      309.00     1062.00       83.00     1762.00       32.00     2000.00
    -1301.75    -2069.25        1.40     2940.00        6.11     2940.00       68.85      265.00      322.00      309.00     1307.75       83.00     2207.75       32.00     2000.00
      543.50    -2138.50        1.50     2940.00        6.55     2940.00       79.20      265.00      262.50      309.00     1312.50       83.00     2212.50       32.00     2000.00
     -417.00    -4214.50        1.00     2940.00        1.97     2940.00       27.70      265.00      290.50      309.00     1062.00       83.00     1762.00       32.00     2000.00
      543.50    -2138.50        1.50     2940.00        6.55     2940.00       79.20      265.00      262.50      309.00     1312.50       83.00     2212.50       32.00     2000.00
     1502.00    -4341.50        1.00     2940.00        2.60     2940.00       48.40      265.00      315.00      309.00     1215.00       83.00     1915.00       32.00     2000.00
     1502.00    -4341.50        1.00     2940.00        2.60     2940.00       48.40      265.00      315.00      309.00     1215.00       83.00     1915.00       32.00     2000.00
      543.50    -2138.50        1.50     2940.00        6.55     2940.00       79.20      265.00      262.50      309.00     1312.50       83.00     2212.50       32.00     2000.00
     1467.00    -2121.50        2.00     2940.00        4.85     2940.00       87.35      265.00      309.75      309.00     1359.75       83.00     2209.75       32.00     2000.00
     1502.00    -4341.50        1.00     2940.00        2.60     2940.00       48.40      265.00      315.00      309.00     1215.00       83.00     1915.00       32.00     2000.00
     1467.00    -2121.50        2.00     2940.00        4.85     2940.00       87.35      265.00      309.75      309.00     1359.75       83.00     2209.75       32.00     2000.00
     2600.50    -4229.00        1.00     2940.00        2.45     2940.00       54.20      265.00      326.50      309.00     1226.50       83.00     1926.50       32.00     2000.00
     2600.50    -4229.00        1.00     1570.00        2.45     2470.00       54.20     8132.50      326.50      454.50     1226.50       96.50     1926.50       22.25     2000.00
     1467.00    -2121.50        2.00     1570.00        4.85     2470.00       87.35     8132.50      309.75      454.50     1359.75       96.50     2209.75       22.25     2000.00
     2390.50    -2104.50        2.50     1570.00        3.15     2470.00       95.50     8132.50      357.00      454.50     1407.00       96.50     2207.00       22.25     2000.00
     2600.50    -4229.00        1.00     1570.00        2.45     2470.00       54.20     8132.50      326.50      454.50     1226.50       96.50     1926.50       22.25     2000.00
     2390.50    -2104.50        2.50     1570.00        3.15     2470.00       95.50     8132.50      357.00      454.50     1407.00       96.50     2207.00       22.25     2000.00
     3699.00    -4116.50        1.00     1570.00        2.30     2470.00       60.00     8132.50      338.00      454.50     1238.00       96.50     1938.00       22.25     2000.00
     3699.00    -4116.50        1.00     1570.00        2.30     2470.00       60.00     8132.50      338.00      454.50     1238.00       96.50     1938.00       22.25     2000.00
     2390.50    -2104.50        2.50     1570.00        3.15     2470.00       95.50     8132.50      357.00      454.50     1407.00       96.50     2207.00       22.25     2000.00
     3425.50    -2105.50        2.00     1570.00        7.70     2470.00       85.75     8132.50      346.75      454.50     1414.00       96.50     2256.50       22.25     2000.00
     3699.00    -4116.50        1.00     1570.00        2.30     2470.00       60.00     8132.50      338.00      454.50     1238.00       96.50     1938.00       22.25     2000.00
     3425.50    -2105.50        2.00     1570.00        7.70     2470.00       85.75     8132.50      346.75      454.50     1414.00       96.50     2256.50       22.25     2000.00
     4797.50    -4004.00        1.00     1570.00        2.15     2470.00       66.00     8132.50      349.00      454.50     1249.00       96.50     1949.00       22.25     2000.00
     4797.50    -4004.00        1.00     2000.00        2.15     2000.00       66.00    16000.00      349.00      600.00     1249.00      110.00     1949.00       12.50      500.00
     3425.50    -2105.50        2.00     2000.00        7.70     2000.00       85.75    16000.00      346.75      600.00     1414.00      110.00     2256.50       12.50      500.00
     4460.50    -2106.50        1.50     2000.00       12.25     2000.00       76.00    16000.00      336.50      600.00     1421.00      110.00     2306.00       12.50      500.00
     4797.50    -4004.00        1.00     2000.00        2.15     2000.00       66.00    16000.00      349.00      600.00     1249.00      110.00     1949.00       12.50      500.00
     4460.50    -2106.50        1.50     2000.00       12.25     2000.00       76.00    16000.00      336.50      600.00     1421.00      110.00     2306.00       12.50      500.00
     5896.00    -3891.50        1.00     2000.00        2.00     2000.00       72.00    16000.00      360.00      600.00     1260.00      110.00     1960.00       12.50      500.00
     5896.00    -3891.50        1.00     2000.00        2.00     2000.00       72.00    16000.00      360.00      600.00     1260.00      110.00     1960.00       12.50      500.00
     4460.50    -2106.50        1.50     2000.00       12.25     2000.00       76.00    16000.00      336.50      600.00     1421.00      110.00     2306.00       12.50      500.00
     5279.00    -2071.25        1.25     2000.00       20.12     2000.00       84.50    16000.00      394.75      600.00     1386.00      110.00     2229.75       12.50      500.00
     5896.00    -3891.50        1.00     2000.00        2.00     2000.00       72.00    16000.00      360.00      600.00     1260.00      110.00     1960.00       12.50      500.00
     5279.00    -2071.25        1.25     2000.00       20.12     2000.00       84.50    16000.00      394.75      600.00     1386.00      110.00     2229.75       12.50      500.00
     6544.50    -3860.50        1.00     2000.00        2.00     2000.00       72.00    16000.00      360.00      600.00     1260.00      110.00     1960.00       12.50      500.00
     6544.50    -3860.50        1.00     2000.00        2.00     2000.00       72.00    16000.00      360.00      600.00     1260.00      110.00     1960.00       12.50      500.00
     5279.00    -2071.25        1.25     2000.00       20.12     2000.00       84.50    16000.00      394.75      600.00     1386.00      110.00     2229.75       12.50      500.00
     6097.50    -2036.00        1.00     2000.00       28.00     2000.00       93.00    16000.00      453.00      600.00     1351.00      110.00     2153.50       12.50      500.00
     6544.50    -3860.50        1.00     2000.00        2.00     2000.00       72.00    16000.00      360.00      600.00     1260.00      110.00     1960.00       12.50      500.00
     6097.50    -2036.00        1.00     2000.00       28.00     2000.00       93.00    16000.00      453.00      600.00     1351.00      110.00     2153.50       12.50      500.00
     7193.00    -3829.50        1.00     2000.00        2.00     2000.00       72.00    16000.00      360.00      600.00     1260.00      110.00     1960.00       12.50      500.00
     7193.00    -3829.50        1.00     2000.00        2.00     2000.00       72.00    16000.00      360.00      600.00     1260.00      110.00     1960.00       12.50      500.00
     6097.50    -2036.00        1.00     2000.00       28.00     2000.00       93.00    16000.00      453.00      600.00     1351.00      110.00     2153.50       12.50      500.00
     6883.00    -2033.50        1.00     2000.00       14.83     2000.00       53.40    16000.00      356.00      600.00     1255.75      110.00     2136.25       12.50      500.00
     7193.00    -3829.50        1.00     2000.00        2.00     2000.00       72.00    16000.00      360.00      600.00     1260.00      110.00     1960.00       12.50      500.00
     6883.00    -2033.50        1.00     2000.00       14.83     2000.00       53.40    16000.00      356.00      600.00     1255.75      110.00     2136.25       12.50      500.00
     7841.50    -3798.50        1.00     2000.00        1.80     2000.00       41.30    16000.00      329.00      600.00     1229.00      110.00     1929.00       12.50      500.00
     7841.50    -3798.50        1.00     2500.00        1.80     2500.00       41.30    12000.00      329.00      423.00     1229.00       83.00     1929.00       35.00      500.00
     6883.00    -2033.50        1.00     2500.00       14.83     2500.00       53.40    12000.00      356.00      423.00     1255.75       83.00     2136.25       35.00      500.00
     7668.50    -2031.00        1.00     2500.00        1.65     2500.00       13.80    12000.00      259.00      423.00     1160.50       83.00     2119.00       35.00      500.00
     7841.50    -3798.50        1.00     2500.00        1.80     2500.00       41.30    12000.00      329.00      423.00     1229.00       83.00     1929.00       35.00      500.00
     7668.50    -2031.00        1.00     2500.00        1.65     2500.00       13.80    12000.00      259.00      423.00     1160.50       83.00     2119.00       35.00      500.00
     8490.00    -3767.50        1.00     2500.00        1.60     2500.00       10.60    12000.00      298.00      423.00     1198.00       83.00     1898.00       35.00      500.00
     8490.00    -3767.50        1.00     2500.00        1.60     2500.00       10.60    12000.00      298.00      423.00     1198.00       83.00     1898.00       35.00      500.00
     7668.50    -2031.00        1.00     2500.00        1.65     2500.00       13.80    12000.00      259.00      423.00     1160.50       83.00     2119.00       35.00      500.00
     8589.75    -1986.00        1.00     2500.00        2.17     2500.00       24.05    12000.00      269.75      423.00     1203.00       83.00     2207.25       35.00      500.00
     8490.00    -3767.50        1.00     2500.00        1.60     2500.00       10.60    12000.00      298.00      423.00     1198.00       83.00     1898.00       35.00      500.00
     8589.75    -1986.00        1.00     2500.00        2.17     2500.00       24.05    12000.00      269.75      423.00     1203.00       83.00     2207.25       35.00      500.00
     9138.50    -3736.50        1.00     2500.00        1.60     2500.00       10.60    12000.00      298.00      423.00     1198.00       83.00     1898.00       35.00      500.00
     9138.50    -3736.50        1.00     2500.00        1.60     2500.00       10.60    12000.00      298.00      423.00     1198.00       83.00     1898.00       35.00      500.00
     8589.75    -1986.00        1.00     2500.00        2.17     2500.00       24.05    12000.00      269.75      423.00     1203.00       83.00     2207.25       35.00      500.00
     9511.00    -1941.00        1.00     2500.00        2.70     2500.00       34.30    12000.00      280.50      423.00     1245.50       83.00     2295.50       35.00      500.00
     9138.50    -3736.50        1.00     2500.00        1.60     2500.00       10.60    12000.00      298.00      423.00     1198.00       83.00     1898.00       35.00      500.00
     9511.00    -1941.00        1.00     2500.00        2.70     2500.00       34.30    12000.00      280.50      423.00     1245.50       83.00     2295.50       35.00      500.00
     9787.00    -3705.50        1.00     2500.00        1.60     2500.00       10.60    12000.00      298.00      423.00     1198.00       83.00     1898.00       35.00      500.00
     9787.00    -3705.50        1.00     2500.00        1.60     2500.00       10.60    12000.00      298.00      423.00     1198.00       83.00     1898.00       35.00      500.00
     9511.00    -1941.00        1.00     2500.00        2.70     2500.00       34.30    12000.00      280.50      423.00     1245.50       83.00     2295.50       35.00      500.00
    10432.25    -1896.00        1.00     2500.00        2.70     2500.00       34.30    12000.00      280.50      423.00     1245.50       83.00     2295.50       35.00     1743.00
     9787.00    -3705.50        1.00     2500.00        1.60     2500.00       10.60    12000.00      298.00      423.00     1198.00       83.00     1898.00       35.00      500.00
    10432.25    -1896.00        1.00     2500.00        2.70     2500.00       34.30    12000.00      280.50      423.00     1245.50       83.00     2295.50       35.00     1743.00
    10435.50    -3674.50        1.00     2500.00        1.60     2500.00       10.60    12000.00      298.00      423.00     1198.00       83.00     1898.00       35.00      500.00
    10435.50    -3674.50        1.00     2500.00        1.60     2500.00       10.60    12000.00      298.00      423.00     1198.00       83.00     1898.00       35.00      500.00
    10432.25    -1896.00        1.00     2500.00        2.70     2500.00       34.30    12000.00      280.50      423.00     1245.50       83.00     2295.50       35.00     1743.00
    50432.25    -1896.00        1.00     2500.00        2.70     2500.00       34.30    12000.00      280.50      423.00     1245.50       83.00     2295.50       35.00     1743.00
    10435.50    -3674.50        1.00     2500.00        1.60     2500.00       10.60    12000.00      298.00      423.00     1198.00       83.00     1898.00       35.00      500.00
    50432.25    -1896.00        1.00     2500.00        2.70     2500.00       34.30    12000.00      280.50      423.00     1245.50       83.00     2295.50       35.00     1743.00
    50435.50    -3674.50        1.00     2500.00        1.60     2500.00       10.60    12000.00      298.00      423.00     1198.00       83.00     1898.00       35.00      500.00
 sl=           9
   -51583.00    -6018.75        1.80      200.00        4.00      900.00        8.00       45.00      108.00     2300.00     1008.00       90.00     1758.00       21.00     2000.00
   -51583.00    -3895.50        1.80      200.00        4.00      900.00        8.00       45.00      108.00     2300.00     1008.00       90.00     1758.00       21.00     2000.00
   -11583.00    -3895.50        1.80      200.00        4.00      900.00        8.00       45.00      108.00     2300.00     1008.00       90.00     1758.00       21.00     2000.00
   -51583.00    -6018.75        1.80      200.00        4.00      900.00        8.00       45.00      108.00     2300.00     1008.00       90.00     1758.00       21.00     2000.00
   -11583.00    -3895.50        1.80      200.00        4.00      900.00        8.00       45.00      108.00     2300.00     1008.00       90.00     1758.00       21.00     2000.00
   -11583.00    -6018.75        1.80      200.00        4.00      900.00        8.00       45.00      108.00     2300.00     1008.00       90.00     1758.00       21.00     2000.00
   -11583.00    -6018.75        1.80      200.00        4.00      900.00        8.00       45.00      108.00     2300.00     1008.00       90.00     1758.00       21.00     2000.00
   -11583.00    -3895.50        1.80      200.00        4.00      900.00        8.00       45.00      108.00     2300.00     1008.00       90.00     1758.00       21.00     2000.00
    -9830.00    -3854.50        1.80      200.00        4.00      900.00        8.00       45.00      108.00     2300.00     1008.00       90.00     1758.00       21.00     2000.00
   -11583.00    -6018.75        1.80      200.00        4.00      900.00        8.00       45.00      108.00     2300.00     1008.00       90.00     1758.00       21.00     2000.00
    -9830.00    -3854.50        1.80      200.00        4.00      900.00        8.00       45.00      108.00     2300.00     1008.00       90.00     1758.00       21.00     2000.00
    -9830.00    -5920.00        1.80      200.00        4.00      900.00        8.00       45.00      108.00     2300.00     1008.00       90.00     1758.00       21.00     2000.00
    -9830.00    -5920.00        1.80      200.00        4.00      900.00        8.00       45.00      108.00     2300.00     1008.00       90.00     1758.00       21.00     2000.00
    -9830.00    -3854.50        1.80      200.00        4.00      900.00        8.00       45.00      108.00     2300.00     1008.00       90.00     1758.00       21.00     2000.00
    -8077.00    -3813.50        1.40      200.00        2.67      900.00        7.50       45.00      194.00     2300.00     1094.00       90.00     1819.00       21.00     2000.00
    -9830.00    -5920.00        1.80      200.00        4.00      900.00        8.00       45.00      108.00     2300.00     1008.00       90.00     1758.00       21.00     2000.00
    -8077.00    -3813.50        1.40      200.00        2.67      900.00        7.50       45.00      194.00     2300.00     1094.00       90.00     1819.00       21.00     2000.00
    -8077.00    -5821.25        1.40      200.00        2.67      900.00        7.50       45.00      194.00     2300.00     1094.00       90.00     1819.00       21.00     2000.00
    -8077.00    -5821.25        1.40      700.00        2.67      700.00        7.50     2200.00      194.00      203.00     1094.00       80.00     1819.00       20.00     2000.00
    -8077.00    -3813.50        1.40      700.00        2.67      700.00        7.50     2200.00      194.00      203.00     1094.00       80.00     1819.00       20.00     2000.00
    -6324.00    -3772.50        1.00      700.00        1.34      700.00        7.00     2200.00      280.00      203.00     1180.00       80.00     1880.00       20.00     2000.00
    -8077.00    -5821.25        1.40      700.00        2.67      700.00        7.50     2200.00      194.00      203.00     1094.00       80.00     1819.00       20.00     2000.00
    -6324.00    -3772.50        1.00      700.00        1.34      700.00        7.00     2200.00      280.00      203.00     1180.00       80.00     1880.00       20.00     2000.00
    -6324.00    -5722.50        1.00      700.00        1.34      700.00        7.00     2200.00      280.00      203.00     1180.00       80.00     1880.00       20.00     2000.00
    -6324.00    -5722.50        1.00      700.00        1.34      700.00        7.00     2200.00      280.00      203.00     1180.00       80.00     1880.00       20.00     2000.00
    -6324.00    -3772.50        1.00      700.00        1.34      700.00        7.00     2200.00      280.00      203.00     1180.00       80.00     1880.00       20.00     2000.00
    -4330.00    -3930.00        1.00      700.00        1.34      700.00        7.00     2200.00      273.00      203.00     1044.50       80.00     1744.50       20.00     2000.00
    -6324.00    -5722.50        1.00      700.00        1.34      700.00        7.00     2200.00      280.00      203.00     1180.00       80.00     1880.00       20.00     2000.00
    -4330.00    -3930.00        1.00      700.00        1.34      700.00        7.00     2200.00      273.00      203.00     1044.50       80.00     1744.50       20.00     2000.00
    -4330.00    -5948.75        1.00      700.00        1.34      700.00        7.00     2200.00      273.00      203.00     1044.50       80.00     1744.50       20.00     2000.00
    -4330.00    -5948.75        1.00      810.00        1.34      810.00        7.00    13507.00      273.00      137.00     1044.50       51.00     1744.50       20.00     2000.00
    -4330.00    -3930.00        1.00      810.00        1.34      810.00        7.00    13507.00      273.00      137.00     1044.50       51.00     1744.50       20.00     2000.00
    -2336.00    -4087.50        1.00      810.00        1.34      810.00        7.00    13507.00      266.00      137.00      909.00       51.00     1609.00       20.00     2000.00
    -4330.00    -5948.75        1.00      810.00        1.34      810.00        7.00    13507.00      273.00      137.00     1044.50       51.00     1744.50       20.00     2000.00
    -2336.00    -4087.50        1.00      810.00        1.34      810.00        7.00    13507.00      266.00      137.00      909.00       51.00     1609.00       20.00     2000.00
    -2336.00    -6175.00        1.00      810.00        1.34      810.00        7.00    13507.00      266.00      137.00      909.00       51.00     1609.00       20.00     2000.00
    -2336.00    -6175.00        1.00      810.00        1.34      810.00        7.00    13507.00      266.00      137.00      909.00       51.00     1609.00       20.00     2000.00
    -2336.00    -4087.50        1.00      810.00        1.34      810.00        7.00    13507.00      266.00      137.00      909.00       51.00     1609.00       20.00     2000.00
     -417.00    -4214.50        1.00      810.00        1.97      810.00       27.70    13507.00      290.50      137.00     1062.00       51.00     1762.00       20.00     2000.00
    -2336.00    -6175.00        1.00      810.00        1.34      810.00        7.00    13507.00      266.00      137.00      909.00       51.00     1609.00       20.00     2000.00
     -417.00    -4214.50        1.00      810.00        1.97      810.00       27.70    13507.00      290.50      137.00     1062.00       51.00     1762.00       20.00     2000.00
     -417.00    -6359.75        1.00      810.00        1.97      810.00       27.70    13507.00      290.50      137.00     1062.00       51.00     1762.00       20.00     2000.00
     -417.00    -6359.75        1.00     2940.00        1.97     2940.00       27.70      265.00      290.50      309.00     1062.00       83.00     1762.00       32.00     2000.00
     -417.00    -4214.50        1.00     2940.00        1.97     2940.00       27.70      265.00      290.50      309.00     1062.00       83.00     1762.00       32.00     2000.00
     1502.00    -4341.50        1.00     2940.00        2.60     2940.00       48.40      265.00      315.00      309.00     1215.00       83.00     1915.00       32.00     2000.00
     -417.00    -6359.75        1.00     2940.00        1.97     2940.00       27.70      265.00      290.50      309.00     1062.00       83.00     1762.00       32.00     2000.00
     1502.00    -4341.50        1.00     2940.00        2.60     2940.00       48.40      265.00      315.00      309.00     1215.00       83.00     1915.00       32.00     2000.00
     1502.00    -6544.50        1.00     2940.00        2.60     2940.00       48.40      265.00      315.00      309.00     1215.00       83.00     1915.00       32.00     2000.00
     1502.00    -6544.50        1.00     2940.00        2.60     2940.00       48.40      265.00      315.00      309.00     1215.00       83.00     1915.00       32.00     2000.00
     1502.00    -4341.50        1.00     2940.00        2.60     2940.00       48.40      265.00      315.00      309.00     1215.00       83.00     1915.00       32.00     2000.00
     2600.50    -4229.00        1.00     2940.00        2.45     2940.00       54.20      265.00      326.50      309.00     1226.50       83.00     1926.50       32.00     2000.00
     1502.00    -6544.50        1.00     2940.00        2.60     2940.00       48.40      265.00      315.00      309.00     1215.00       83.00     1915.00       32.00     2000.00
     2600.50    -4229.00        1.00     2940.00        2.45     2940.00       54.20      265.00      326.50      309.00     1226.50       83.00     1926.50       32.00     2000.00
     2600.50    -6336.50        1.00     2940.00        2.45     2940.00       54.20      265.00      326.50      309.00     1226.50       83.00     1926.50       32.00     2000.00
     2600.50    -6336.50        1.00     1570.00        2.45     2470.00       54.20     8132.50      326.50      454.50     1226.50       96.50     1926.50       22.25     2000.00
     2600.50    -4229.00        1.00     1570.00        2.45     2470.00       54.20     8132.50      326.50      454.50     1226.50       96.50     1926.50       22.25     2000.00
     3699.00    -4116.50        1.00     1570.00        2.30     2470.00       60.00     8132.50      338.00      454.50     1238.00       96.50     1938.00       22.25     2000.00
     2600.50    -6336.50        1.00     1570.00        2.45     2470.00       54.20     8132.50      326.50      454.50     1226.50       96.50     1926.50       22.25     2000.00
     3699.00    -4116.50        1.00     1570.00        2.30     2470.00       60.00     8132.50      338.00      454.50     1238.00       96.50     1938.00       22.25     2000.00
     3699.00    -6128.50        1.00     1570.00        2.30     2470.00       60.00     8132.50      338.00      454.50     1238.00       96.50     1938.00       22.25     2000.00
     3699.00    -6128.50        1.00     1570.00        2.30     2470.00       60.00     8132.50      338.00      454.50     1238.00       96.50     1938.00       22.25     2000.00
     3699.00    -4116.50        1.00     1570.00        2.30     2470.00       60.00     8132.50      338.00      454.50     1238.00       96.50     1938.00       22.25     2000.00
     4797.50    -4004.00        1.00     1570.00        2.15     2470.00       66.00     8132.50      349.00      454.50     1249.00       96.50     1949.00       22.25     2000.00
     3699.00    -6128.50        1.00     1570.00        2.30     2470.00       60.00     8132.50      338.00      454.50     1238.00       96.50     1938.00       22.25     2000.00
     4797.50    -4004.00        1.00     1570.00        2.15     2470.00       66.00     8132.50      349.00      454.50     1249.00       96.50     1949.00       22.25     2000.00
     4797.50    -5902.50        1.00     1570.00        2.15     2470.00       66.00     8132.50      349.00      454.50     1249.00       96.50     1949.00       22.25     2000.00
     4797.50    -5902.50        1.00     2000.00        2.15     2000.00       66.00    16000.00      349.00      600.00     1249.00      110.00     1949.00       12.50      500.00
     4797.50    -4004.00        1.00     2000.00        2.15     2000.00       66.00    16000.00      349.00      600.00     1249.00      110.00     1949.00       12.50      500.00
     5896.00    -3891.50        1.00     2000.00        2.00     2000.00       72.00    16000.00      360.00      600.00     1260.00      110.00     1960.00       12.50      500.00
     4797.50    -5902.50        1.00     2000.00        2.15     2000.00       66.00    16000.00      349.00      600.00     1249.00      110.00     1949.00       12.50      500.00
     5896.00    -3891.50        1.00     2000.00        2.00     2000.00       72.00    16000.00      360.00      600.00     1260.00      110.00     1960.00       12.50      500.00
     5896.00    -5676.50        1.00     2000.00        2.00     2000.00       72.00    16000.00      360.00      600.00     1260.00      110.00     1960.00       12.50      500.00
     5896.00    -5676.50        1.00     2000.00        2.00     2000.00       72.00    16000.00      360.00      600.00     1260.00      110.00     1960.00       12.50      500.00
     5896.00    -3891.50        1.00     2000.00        2.00     2000.00       72.00    16000.00      360.00      600.00     1260.00      110.00     1960.00       12.50      500.00
     6544.50    -3860.50        1.00     2000.00        2.00     2000.00       72.00    16000.00      360.00      600.00     1260.00      110.00     1960.00       12.50      500.00
     5896.00    -5676.50        1.00     2000.00        2.00     2000.00       72.00    16000.00      360.00      600.00     1260.00      110.00     1960.00       12.50      500.00
     6544.50    -3860.50        1.00     2000.00        2.00     2000.00       72.00    16000.00      360.00      600.00     1260.00      110.00     1960.00       12.50      500.00
     6544.50    -5649.75        1.00     2000.00        2.00     2000.00       72.00    16000.00      360.00      600.00     1260.00      110.00     1960.00       12.50      500.00
     6544.50    -5649.75        1.00     2000.00        2.00     2000.00       72.00    16000.00      360.00      600.00     1260.00      110.00     1960.00       12.50      500.00
     6544.50    -3860.50        1.00     2000.00        2.00     2000.00       72.00    16000.00      360.00      600.00     1260.00      110.00     1960.00       12.50      500.00
     7193.00    -3829.50        1.00     2000.00        2.00     2000.00       72.00    16000.00      360.00      600.00     1260.00      110.00     1960.00       12.50      500.00
     6544.50    -5649.75        1.00     2000.00        2.00     2000.00       72.00    16000.00      360.00      600.00     1260.00      110.00     1960.00       12.50      500.00
     7193.00    -3829.50        1.00     2000.00        2.00     2000.00       72.00    16000.00      360.00      600.00     1260.00      110.00     1960.00       12.50      500.00
     7193.00    -5623.00        1.00     2000.00        2.00     2000.00       72.00    16000.00      360.00      600.00     1260.00      110.00     1960.00       12.50      500.00
     7193.00    -5623.00        1.00     2000.00        2.00     2000.00       72.00    16000.00      360.00      600.00     1260.00      110.00     1960.00       12.50      500.00
     7193.00    -3829.50        1.00     2000.00        2.00     2000.00       72.00    16000.00      360.00      600.00     1260.00      110.00     1960.00       12.50      500.00
     7841.50    -3798.50        1.00     2000.00        1.80     2000.00       41.30    16000.00      329.00      600.00     1229.00      110.00     1929.00       12.50      500.00
     7193.00    -5623.00        1.00     2000.00        2.00     2000.00       72.00    16000.00      360.00      600.00     1260.00      110.00     1960.00       12.50      500.00
     7841.50    -3798.50        1.00     2000.00        1.80     2000.00       41.30    16000.00      329.00      600.00     1229.00      110.00     1929.00       12.50      500.00
     7841.50    -5563.50        1.00     2000.00        1.80     2000.00       41.30    16000.00      329.00      600.00     1229.00      110.00     1929.00       12.50      500.00
     7841.50    -5563.50        1.00     2500.00        1.80     2500.00       41.30    12000.00      329.00      423.00     1229.00       83.00     1929.00       35.00      500.00
     7841.50    -3798.50        1.00     2500.00        1.80     2500.00       41.30    12000.00      329.00      423.00     1229.00       83.00     1929.00       35.00      500.00
     8490.00    -3767.50        1.00     2500.00        1.60     2500.00       10.60    12000.00      298.00      423.00     1198.00       83.00     1898.00       35.00      500.00
     7841.50    -5563.50        1.00     2500.00        1.80     2500.00       41.30    12000.00      329.00      423.00     1229.00       83.00     1929.00       35.00      500.00
     8490.00    -3767.50        1.00     2500.00        1.60     2500.00       10.60    12000.00      298.00      423.00     1198.00       83.00     1898.00       35.00      500.00
     8490.00    -5504.00        1.00     2500.00        1.60     2500.00       10.60    12000.00      298.00      423.00     1198.00       83.00     1898.00       35.00      500.00
     8490.00    -5504.00        1.00     2500.00        1.60     2500.00       10.60    12000.00      298.00      423.00     1198.00       83.00     1898.00       35.00      500.00
     8490.00    -3767.50        1.00     2500.00        1.60     2500.00       10.60    12000.00      298.00      423.00     1198.00       83.00     1898.00       35.00      500.00
     9138.50    -3736.50        1.00     2500.00        1.60     2500.00       10.60    12000.00      298.00      423.00     1198.00       83.00     1898.00       35.00      500.00
     8490.00    -5504.00        1.00     2500.00        1.60     2500.00       10.60    12000.00      298.00      423.00     1198.00       83.00     1898.00       35.00      500.00
     9138.50    -3736.50        1.00     2500.00        1.60     2500.00       10.60    12000.00      298.00      423.00     1198.00       83.00     1898.00       35.00      500.00
     9138.50    -5487.00        1.00     2500.00        1.60     2500.00       10.60    12000.00      298.00      423.00     1198.00       83.00     1898.00       35.00      500.00
     9138.50    -5487.00        1.00     2500.00        1.60     2500.00       10.60    12000.00      298.00      423.00     1198.00       83.00     1898.00       35.00      500.00
     9138.50    -3736.50        1.00     2500.00        1.60     2500.00       10.60    12000.00      298.00      423.00     1198.00       83.00     1898.00       35.00      500.00
     9787.00    -3705.50        1.00     2500.00        1.60     2500.00       10.60    12000.00      298.00      423.00     1198.00       83.00     1898.00       35.00      500.00
     9138.50    -5487.00        1.00     2500.00        1.60     2500.00       10.60    12000.00      298.00      423.00     1198.00       83.00     1898.00       35.00      500.00
     9787.00    -3705.50        1.00     2500.00        1.60     2500.00       10.60    12000.00      298.00      423.00     1198.00       83.00     1898.00       35.00      500.00
     9787.00    -5470.00        1.00     2500.00        1.60     2500.00       10.60    12000.00      298.00      423.00     1198.00       83.00     1898.00       35.00      500.00
     9787.00    -5470.00        1.00     2500.00        1.60     2500.00       10.60    12000.00      298.00      423.00     1198.00       83.00     1898.00       35.00      500.00
     9787.00    -3705.50        1.00     2500.00        1.60     2500.00       10.60    12000.00      298.00      423.00     1198.00       83.00     1898.00       35.00      500.00
    10435.50    -3674.50        1.00     2500.00        1.60     2500.00       10.60    12000.00      298.00      423.00     1198.00       83.00     1898.00       35.00      500.00
     9787.00    -5470.00        1.00     2500.00        1.60     2500.00       10.60    12000.00      298.00      423.00     1198.00       83.00     1898.00       35.00      500.00
    10435.50    -3674.50        1.00     2500.00        1.60     2500.00       10.60    12000.00      298.00      423.00     1198.00       83.00     1898.00       35.00      500.00
    10435.50    -5453.00        1.00     2500.00        1.60     2500.00       10.60    12000.00      298.00      423.00     1198.00       83.00     1898.00       35.00      500.00
    10435.50    -5453.00        1.00     2500.00        1.60     2500.00       10.60    12000.00      298.00      423.00     1198.00       83.00     1898.00       35.00      500.00
    10435.50    -3674.50        1.00     2500.00        1.60     2500.00       10.60    12000.00      298.00      423.00     1198.00       83.00     1898.00       35.00      500.00
    50435.50    -3674.50        1.00     2500.00        1.60     2500.00       10.60    12000.00      298.00      423.00     1198.00       83.00     1898.00       35.00      500.00
    10435.50    -5453.00        1.00     2500.00        1.60     2500.00       10.60    12000.00      298.00      423.00     1198.00       83.00     1898.00       35.00      500.00
    50435.50    -3674.50        1.00     2500.00        1.60     2500.00       10.60    12000.00      298.00      423.00     1198.00       83.00     1898.00       35.00      500.00
    50435.50    -5453.00        1.00     2500.00        1.60     2500.00       10.60    12000.00      298.00      423.00     1198.00       83.00     1898.00       35.00      500.00
 sl=          10
   -51583.00   -46018.75        1.80      200.00        4.00      900.00        8.00       45.00      108.00     2300.00     1008.00       90.00     1758.00       21.00     2000.00
   -51583.00    -6018.75        1.80      200.00        4.00      900.00        8.00       45.00      108.00     2300.00     1008.00       90.00     1758.00       21.00     2000.00
   -11583.00    -6018.75        1.80      200.00        4.00      900.00        8.00       45.00      108.00     2300.00     1008.00       90.00     1758.00       21.00     2000.00
   -51583.00   -46018.75        1.80      200.00        4.00      900.00        8.00       45.00      108.00     2300.00     1008.00       90.00     1758.00       21.00     2000.00
   -11583.00    -6018.75        1.80      200.00        4.00      900.00        8.00       45.00      108.00     2300.00     1008.00       90.00     1758.00       21.00     2000.00
   -11583.00   -46018.75        1.80      200.00        4.00      900.00        8.00       45.00      108.00     2300.00     1008.00       90.00     1758.00       21.00     2000.00
   -11583.00   -46018.75        1.80      200.00        4.00      900.00        8.00       45.00      108.00     2300.00     1008.00       90.00     1758.00       21.00     2000.00
   -11583.00    -6018.75        1.80      200.00        4.00      900.00        8.00       45.00      108.00     2300.00     1008.00       90.00     1758.00       21.00     2000.00
    -9830.00    -5920.00        1.80      200.00        4.00      900.00        8.00       45.00      108.00     2300.00     1008.00       90.00     1758.00       21.00     2000.00
   -11583.00   -46018.75        1.80      200.00        4.00      900.00        8.00       45.00      108.00     2300.00     1008.00       90.00     1758.00       21.00     2000.00
    -9830.00    -5920.00        1.80      200.00        4.00      900.00        8.00       45.00      108.00     2300.00     1008.00       90.00     1758.00       21.00     2000.00
    -9830.00   -45920.00        1.80      200.00        4.00      900.00        8.00       45.00      108.00     2300.00     1008.00       90.00     1758.00       21.00     2000.00
    -9830.00   -45920.00        1.80      200.00        4.00      900.00        8.00       45.00      108.00     2300.00     1008.00       90.00     1758.00       21.00     2000.00
    -9830.00    -5920.00        1.80      200.00        4.00      900.00        8.00       45.00      108.00     2300.00     1008.00       90.00     1758.00       21.00     2000.00
    -8077.00    -5821.25        1.40      200.00        2.67      900.00        7.50       45.00      194.00     2300.00     1094.00       90.00     1819.00       21.00     2000.00
    -9830.00   -45920.00        1.80      200.00        4.00      900.00        8.00       45.00      108.00     2300.00     1008.00       90.00     1758.00       21.00     2000.00
    -8077.00    -5821.25        1.40      200.00        2.67      900.00        7.50       45.00      194.00     2300.00     1094.00       90.00     1819.00       21.00     2000.00
    -8077.00   -45821.25        1.40      200.00        2.67      900.00        7.50       45.00      194.00     2300.00     1094.00       90.00     1819.00       21.00     2000.00
    -8077.00   -45821.25        1.40      700.00        2.67      700.00        7.50     2200.00      194.00      203.00     1094.00       80.00     1819.00       20.00     2000.00
    -8077.00    -5821.25        1.40      700.00        2.67      700.00        7.50     2200.00      194.00      203.00     1094.00       80.00     1819.00       20.00     2000.00
    -6324.00    -5722.50        1.00      700.00        1.34      700.00        7.00     2200.00      280.00      203.00     1180.00       80.00     1880.00       20.00     2000.00
    -8077.00   -45821.25        1.40      700.00        2.67      700.00        7.50     2200.00      194.00      203.00     1094.00       80.00     1819.00       20.00     2000.00
    -6324.00    -5722.50        1.00      700.00        1.34      700.00        7.00     2200.00      280.00      203.00     1180.00       80.00     1880.00       20.00     2000.00
    -6324.00   -45722.50        1.00      700.00        1.34      700.00        7.00     2200.00      280.00      203.00     1180.00       80.00     1880.00       20.00     2000.00
    -6324.00   -45722.50        1.00      700.00        1.34      700.00        7.00     2200.00      280.00      203.00     1180.00       80.00     1880.00       20.00     2000.00
    -6324.00    -5722.50        1.00      700.00        1.34      700.00        7.00     2200.00      280.00      203.00     1180.00       80.00     1880.00       20.00     2000.00
    -4330.00    -5948.75        1.00      700.00        1.34      700.00        7.00     2200.00      273.00      203.00     1044.50       80.00     1744.50       20.00     2000.00
    -6324.00   -45722.50        1.00      700.00        1.34      700.00        7.00     2200.00      280.00      203.00     1180.00       80.00     1880.00       20.00     2000.00
    -4330.00    -5948.75        1.00      700.00        1.34      700.00        7.00     2200.00      273.00      203.00     1044.50       80.00     1744.50       20.00     2000.00
    -4330.00   -45948.75        1.00      700.00        1.34      700.00        7.00     2200.00      273.00      203.00     1044.50       80.00     1744.50       20.00     2000.00
    -4330.00   -45948.75        1.00      810.00        1.34      810.00        7.00    13507.00      273.00      137.00     1044.50       51.00     1744.50       20.00     2000.00
    -4330.00    -5948.75        1.00      810.00        1.34      810.00        7.00    13507.00      273.00      137.00     1044.50       51.00     1744.50       20.00     2000.00
    -2336.00    -6175.00        1.00      810.00        1.34      810.00        7.00    13507.00      266.00      137.00      909.00       51.00     1609.00       20.00     2000.00
    -4330.00   -45948.75        1.00      810.00        1.34      810.00        7.00    13507.00      273.00      137.00     1044.50       51.00     1744.50       20.00     2000.00
    -2336.00    -6175.00        1.00      810.00        1.34      810.00        7.00    13507.00      266.00      137.00      909.00       51.00     1609.00       20.00     2000.00
    -2336.00   -46175.00        1.00      810.00        1.34      810.00        7.00    13507.00      266.00      137.00      909.00       51.00     1609.00       20.00     2000.00
    -2336.00   -46175.00        1.00      810.00        1.34      810.00        7.00    13507.00      266.00      137.00      909.00       51.00     1609.00       20.00     2000.00
    -2336.00    -6175.00        1.00      810.00        1.34      810.00        7.00    13507.00      266.00      137.00      909.00       51.00     1609.00       20.00     2000.00
     -417.00    -6359.75        1.00      810.00        1.97      810.00       27.70    13507.00      290.50      137.00     1062.00       51.00     1762.00       20.00     2000.00
    -2336.00   -46175.00        1.00      810.00        1.34      810.00        7.00    13507.00      266.00      137.00      909.00       51.00     1609.00       20.00     2000.00
     -417.00    -6359.75        1.00      810.00        1.97      810.00       27.70    13507.00      290.50      137.00     1062.00       51.00     1762.00       20.00     2000.00
     -417.00   -46359.75        1.00      810.00        1.97      810.00       27.70    13507.00      290.50      137.00     1062.00       51.00     1762.00       20.00     2000.00
     -417.00   -46359.75        1.00     2940.00        1.97     2940.00       27.70      265.00      290.50      309.00     1062.00       83.00     1762.00       32.00     2000.00
     -417.00    -6359.75        1.00     2940.00        1.97     2940.00       27.70      265.00      290.50      309.00     1062.00       83.00     1762.00       32.00     2000.00
     1502.00    -6544.50        1.00     2940.00        2.60     2940.00       48.40      265.00      315.00      309.00     1215.00       83.00     1915.00       32.00     2000.00
     -417.00   -46359.75        1.00     2940.00        1.97     2940.00       27.70      265.00      290.50      309.00     1062.00       83.00     1762.00       32.00     2000.00
     1502.00    -6544.50        1.00     2940.00        2.60     2940.00       48.40      265.00      315.00      309.00     1215.00       83.00     1915.00       32.00     2000.00
     1502.00   -46544.50        1.00     2940.00        2.60     2940.00       48.40      265.00      315.00      309.00     1215.00       83.00     1915.00       32.00     2000.00
     1502.00   -46544.50        1.00     2940.00        2.60     2940.00       48.40      265.00      315.00      309.00     1215.00       83.00     1915.00       32.00     2000.00
     1502.00    -6544.50        1.00     2940.00        2.60     2940.00       48.40      265.00      315.00      309.00     1215.00       83.00     1915.00       32.00     2000.00
     2600.50    -6336.50        1.00     2940.00        2.45     2940.00       54.20      265.00      326.50      309.00     1226.50       83.00     1926.50       32.00     2000.00
     1502.00   -46544.50        1.00     2940.00        2.60     2940.00       48.40      265.00      315.00      309.00     1215.00       83.00     1915.00       32.00     2000.00
     2600.50    -6336.50        1.00     2940.00        2.45     2940.00       54.20      265.00      326.50      309.00     1226.50       83.00     1926.50       32.00     2000.00
     2600.50   -46336.50        1.00     2940.00        2.45     2940.00       54.20      265.00      326.50      309.00     1226.50       83.00     1926.50       32.00     2000.00
     2600.50   -46336.50        1.00     1570.00        2.45     2470.00       54.20     8132.50      326.50      454.50     1226.50       96.50     1926.50       22.25     2000.00
     2600.50    -6336.50        1.00     1570.00        2.45     2470.00       54.20     8132.50      326.50      454.50     1226.50       96.50     1926.50       22.25     2000.00
     3699.00    -6128.50        1.00     1570.00        2.30     2470.00       60.00     8132.50      338.00      454.50     1238.00       96.50     1938.00       22.25     2000.00
     2600.50   -46336.50        1.00     1570.00        2.45     2470.00       54.20     8132.50      326.50      454.50     1226.50       96.50     1926.50       22.25     2000.00
     3699.00    -6128.50        1.00     1570.00        2.30     2470.00       60.00     8132.50      338.00      454.50     1238.00       96.50     1938.00       22.25     2000.00
     3699.00   -46128.50        1.00     1570.00        2.30     2470.00       60.00     8132.50      338.00      454.50     1238.00       96.50     1938.00       22.25     2000.00
     3699.00   -46128.50        1.00     1570.00        2.30     2470.00       60.00     8132.50      338.00      454.50     1238.00       96.50     1938.00       22.25     2000.00
     3699.00    -6128.50        1.00     1570.00        2.30     2470.00       60.00     8132.50      338.00      454.50     1238.00       96.50     1938.00       22.25     2000.00
     4797.50    -5902.50        1.00     1570.00        2.15     2470.00       66.00     8132.50      349.00      454.50     1249.00       96.50     1949.00       22.25     2000.00
     3699.00   -46128.50        1.00     1570.00        2.30     2470.00       60.00     8132.50      338.00      454.50     1238.00       96.50     1938.00       22.25     2000.00
     4797.50    -5902.50        1.00     1570.00        2.15     2470.00       66.00     8132.50      349.00      454.50     1249.00       96.50     1949.00       22.25     2000.00
     4797.50   -45902.50        1.00     1570.00        2.15     2470.00       66.00     8132.50      349.00      454.50     1249.00       96.50     1949.00       22.25     2000.00
     4797.50   -45902.50        1.00     2000.00        2.15     2000.00       66.00    16000.00      349.00      600.00     1249.00      110.00     1949.00       12.50      500.00
     4797.50    -5902.50        1.00     2000.00        2.15     2000.00       66.00    16000.00      349.00      600.00     1249.00      110.00     1949.00       12.50      500.00
     5896.00    -5676.50        1.00     2000.00        2.00     2000.00       72.00    16000.00      360.00      600.00     1260.00      110.00     1960.00       12.50      500.00
     4797.50   -45902.50        1.00     2000.00        2.15     2000.00       66.00    16000.00      349.00      600.00     1249.00      110.00     1949.00       12.50      500.00
     5896.00    -5676.50        1.00     2000.00        2.00     2000.00       72.00    16000.00      360.00      600.00     1260.00      110.00     1960.00       12.50      500.00
     5896.00   -45676.50        1.00     2000.00        2.00     2000.00       72.00    16000.00      360.00      600.00     1260.00      110.00     1960.00       12.50      500.00
     5896.00   -45676.50        1.00     2000.00        2.00     2000.00       72.00    16000.00      360.00      600.00     1260.00      110.00     1960.00       12.50      500.00
     5896.00    -5676.50        1.00     2000.00        2.00     2000.00       72.00    16000.00      360.00      600.00     1260.00      110.00     1960.00       12.50      500.00
     6544.50    -5649.75        1.00     2000.00        2.00     2000.00       72.00    16000.00      360.00      600.00     1260.00      110.00     1960.00       12.50      500.00
     5896.00   -45676.50        1.00     2000.00        2.00     2000.00       72.00    16000.00      360.00      600.00     1260.00      110.00     1960.00       12.50      500.00
     6544.50    -5649.75        1.00     2000.00        2.00     2000.00       72.00    16000.00      360.00      600.00     1260.00      110.00     1960.00       12.50      500.00
     6544.50   -45649.75        1.00     2000.00        2.00     2000.00       72.00    16000.00      360.00      600.00     1260.00      110.00     1960.00       12.50      500.00
     6544.50   -45649.75        1.00     2000.00        2.00     2000.00       72.00    16000.00      360.00      600.00     1260.00      110.00     1960.00       12.50      500.00
     6544.50    -5649.75        1.00     2000.00        2.00     2000.00       72.00    16000.00      360.00      600.00     1260.00      110.00     1960.00       12.50      500.00
     7193.00    -5623.00        1.00     2000.00        2.00     2000.00       72.00    16000.00      360.00      600.00     1260.00      110.00     1960.00       12.50      500.00
     6544.50   -45649.75        1.00     2000.00        2.00     2000.00       72.00    16000.00      360.00      600.00     1260.00      110.00     1960.00       12.50      500.00
     7193.00    -5623.00        1.00     2000.00        2.00     2000.00       72.00    16000.00      360.00      600.00     1260.00      110.00     1960.00       12.50      500.00
     7193.00   -45623.00        1.00     2000.00        2.00     2000.00       72.00    16000.00      360.00      600.00     1260.00      110.00     1960.00       12.50      500.00
     7193.00   -45623.00        1.00     2000.00        2.00     2000.00       72.00    16000.00      360.00      600.00     1260.00      110.00     1960.00       12.50      500.00
     7193.00    -5623.00        1.00     2000.00        2.00     2000.00       72.00    16000.00      360.00      600.00     1260.00      110.00     1960.00       12.50      500.00
     7841.50    -5563.50        1.00     2000.00        1.80     2000.00       41.30    16000.00      329.00      600.00     1229.00      110.00     1929.00       12.50      500.00
     7193.00   -45623.00        1.00     2000.00        2.00     2000.00       72.00    16000.00      360.00      600.00     1260.00      110.00     1960.00       12.50      500.00
     7841.50    -5563.50        1.00     2000.00        1.80     2000.00       41.30    16000.00      329.00      600.00     1229.00      110.00     1929.00       12.50      500.00
     7841.50   -45563.50        1.00     2000.00        1.80     2000.00       41.30    16000.00      329.00      600.00     1229.00      110.00     1929.00       12.50      500.00
     7841.50   -45563.50        1.00     2500.00        1.80     2500.00       41.30    12000.00      329.00      423.00     1229.00       83.00     1929.00       35.00      500.00
     7841.50    -5563.50        1.00     2500.00        1.80     2500.00       41.30    12000.00      329.00      423.00     1229.00       83.00     1929.00       35.00      500.00
     8490.00    -5504.00        1.00     2500.00        1.60     2500.00       10.60    12000.00      298.00      423.00     1198.00       83.00     1898.00       35.00      500.00
     7841.50   -45563.50        1.00     2500.00        1.80     2500.00       41.30    12000.00      329.00      423.00     1229.00       83.00     1929.00       35.00      500.00
     8490.00    -5504.00        1.00     2500.00        1.60     2500.00       10.60    12000.00      298.00      423.00     1198.00       83.00     1898.00       35.00      500.00
     8490.00   -45504.00        1.00     2500.00        1.60     2500.00       10.60    12000.00      298.00      423.00     1198.00       83.00     1898.00       35.00      500.00
     8490.00   -45504.00        1.00     2500.00        1.60     2500.00       10.60    12000.00      298.00      423.00     1198.00       83.00     1898.00       35.00      500.00
     8490.00    -5504.00        1.00     2500.00        1.60     2500.00       10.60    12000.00      298.00      423.00     1198.00       83.00     1898.00       35.00      500.00
     9138.50    -5487.00        1.00     2500.00        1.60     2500.00       10.60    12000.00      298.00      423.00     1198.00       83.00     1898.00       35.00      500.00
     8490.00   -45504.00        1.00     2500.00        1.60     2500.00       10.60    12000.00      298.00      423.00     1198.00       83.00     1898.00       35.00      500.00
     9138.50    -5487.00        1.00     2500.00        1.60     2500.00       10.60    12000.00      298.00      423.00     1198.00       83.00     1898.00       35.00      500.00
     9138.50   -45487.00        1.00     2500.00        1.60     2500.00       10.60    12000.00      298.00      423.00     1198.00       83.00     1898.00       35.00      500.00
     9138.50   -45487.00        1.00     2500.00        1.60     2500.00       10.60    12000.00      298.00      423.00     1198.00       83.00     1898.00       35.00      500.00
     9138.50    -5487.00        1.00     2500.00        1.60     2500.00       10.60    12000.00      298.00      423.00     1198.00       83.00     1898.00       35.00      500.00
     9787.00    -5470.00        1.00     2500.00        1.60     2500.00       10.60    12000.00      298.00      423.00     1198.00       83.00     1898.00       35.00      500.00
     9138.50   -45487.00        1.00     2500.00        1.60     2500.00       10.60    12000.00      298.00      423.00     1198.00       83.00     1898.00       35.00      500.00
     9787.00    -5470.00        1.00     2500.00        1.60     2500.00       10.60    12000.00      298.00      423.00     1198.00       83.00     1898.00       35.00      500.00
     9787.00   -45470.00        1.00     2500.00        1.60     2500.00       10.60    12000.00      298.00      423.00     1198.00       83.00     1898.00       35.00      500.00
     9787.00   -45470.00        1.00     2500.00        1.60     2500.00       10.60    12000.00      298.00      423.00     1198.00       83.00     1898.00       35.00      500.00
     9787.00    -5470.00        1.00     2500.00        1.60     2500.00       10.60    12000.00      298.00      423.00     1198.00       83.00     1898.00       35.00      500.00
    10435.50    -5453.00        1.00     2500.00        1.60     2500.00       10.60    12000.00      298.00      423.00     1198.00       83.00     1898.00       35.00      500.00
     9787.00   -45470.00        1.00     2500.00        1.60     2500.00       10.60    12000.00      298.00      423.00     1198.00       83.00     1898.00       35.00      500.00
    10435.50    -5453.00        1.00     2500.00        1.60     2500.00       10.60    12000.00      298.00      423.00     1198.00       83.00     1898.00       35.00      500.00
    10435.50   -45453.00        1.00     2500.00        1.60     2500.00       10.60    12000.00      298.00      423.00     1198.00       83.00     1898.00       35.00      500.00
    10435.50   -45453.00        1.00     2500.00        1.60     2500.00       10.60    12000.00      298.00      423.00     1198.00       83.00     1898.00       35.00      500.00
    10435.50    -5453.00        1.00     2500.00        1.60     2500.00       10.60    12000.00      298.00      423.00     1198.00       83.00     1898.00       35.00      500.00
    50435.50    -5453.00        1.00     2500.00        1.60     2500.00       10.60    12000.00      298.00      423.00     1198.00       83.00     1898.00       35.00      500.00
    10435.50   -45453.00        1.00     2500.00        1.60     2500.00       10.60    12000.00      298.00      423.00     1198.00       83.00     1898.00       35.00      500.00
    50435.50    -5453.00        1.00     2500.00        1.60     2500.00       10.60    12000.00      298.00      423.00     1198.00       83.00     1898.00       35.00      500.00
    50435.50   -45453.00        1.00     2500.00        1.60     2500.00       10.60    12000.00      298.00      423.00     1198.00       83.00     1898.00       35.00      500.00
